
**** Build of configuration Debug for project lab_1 ****

"C:\\ti\\ccs1271\\ccs\\utils\\bin\\gmake" -k -j 20 all -O 
 
Building file: "../helloworld.c"
Invoking: Arm Compiler
"C:/ti/ccs1271/ccs/tools/compiler/ti-cgt-arm_20.2.7.LTS/bin/armcl" -mv7M4 --code_state=16 --float_support=FPv4SPD16 -me --include_path="C:/ti/TivaWare_C_Series-2.2.0.295" --include_path="U:/CprE288/lab_1" --include_path="C:/ti/ccs1271/ccs/tools/compiler/ti-cgt-arm_20.2.7.LTS/include" --define=ccs="ccs" --define=PART_TM4C123GH6PM -g --gcc --diag_warning=225 --diag_wrap=off --display_error_number --abi=eabi --preproc_with_compile --preproc_dependency="helloworld.d_raw"  "../helloworld.c"
"..\Timer.h", line 118: warning #1-D: last line of file ends without a newline
"..\lcd.h", line 53: warning #1-D: last line of file ends without a newline
"../helloworld.c", line 36: warning #1-D: last line of file ends without a newline
Finished building: "../helloworld.c"
 
Building file: "../Timer.c"
Invoking: Arm Compiler
"C:/ti/ccs1271/ccs/tools/compiler/ti-cgt-arm_20.2.7.LTS/bin/armcl" -mv7M4 --code_state=16 --float_support=FPv4SPD16 -me --include_path="C:/ti/TivaWare_C_Series-2.2.0.295" --include_path="U:/CprE288/lab_1" --include_path="C:/ti/ccs1271/ccs/tools/compiler/ti-cgt-arm_20.2.7.LTS/include" --define=ccs="ccs" --define=PART_TM4C123GH6PM -g --gcc --diag_warning=225 --diag_wrap=off --display_error_number --abi=eabi --preproc_with_compile --preproc_dependency="Timer.d_raw"  "../Timer.c"
"..\Timer.h", line 118: warning #1-D: last line of file ends without a newline
"../Timer.c", line 203: warning #1-D: last line of file ends without a newline
Finished building: "../Timer.c"
 
Building file: "../lcd.c"
Invoking: Arm Compiler
"C:/ti/ccs1271/ccs/tools/compiler/ti-cgt-arm_20.2.7.LTS/bin/armcl" -mv7M4 --code_state=16 --float_support=FPv4SPD16 -me --include_path="C:/ti/TivaWare_C_Series-2.2.0.295" --include_path="U:/CprE288/lab_1" --include_path="C:/ti/ccs1271/ccs/tools/compiler/ti-cgt-arm_20.2.7.LTS/include" --define=ccs="ccs" --define=PART_TM4C123GH6PM -g --gcc --diag_warning=225 --diag_wrap=off --display_error_number --abi=eabi --preproc_with_compile --preproc_dependency="lcd.d_raw"  "../lcd.c"
"..\Timer.h", line 118: warning #1-D: last line of file ends without a newline
"..\lcd.h", line 53: warning #1-D: last line of file ends without a newline
Finished building: "../lcd.c"
 
Building file: "../tm4c123gh6pm_startup_ccs.c"
Invoking: Arm Compiler
"C:/ti/ccs1271/ccs/tools/compiler/ti-cgt-arm_20.2.7.LTS/bin/armcl" -mv7M4 --code_state=16 --float_support=FPv4SPD16 -me --include_path="C:/ti/TivaWare_C_Series-2.2.0.295" --include_path="U:/CprE288/lab_1" --include_path="C:/ti/ccs1271/ccs/tools/compiler/ti-cgt-arm_20.2.7.LTS/include" --define=ccs="ccs" --define=PART_TM4C123GH6PM -g --gcc --diag_warning=225 --diag_wrap=off --display_error_number --abi=eabi --preproc_with_compile --preproc_dependency="tm4c123gh6pm_startup_ccs.d_raw"  "../tm4c123gh6pm_startup_ccs.c"
Finished building: "../tm4c123gh6pm_startup_ccs.c"
 
Building target: "lab_1.out"
Invoking: Arm Linker
"C:/ti/ccs1271/ccs/tools/compiler/ti-cgt-arm_20.2.7.LTS/bin/armcl" -mv7M4 --code_state=16 --float_support=FPv4SPD16 -me --define=ccs="ccs" --define=PART_TM4C123GH6PM -g --gcc --diag_warning=225 --diag_wrap=off --display_error_number --abi=eabi -z -m"lab_1.map" --heap_size=1024 --stack_size=2048 -i"C:/ti/ccs1271/ccs/tools/compiler/ti-cgt-arm_20.2.7.LTS/lib" -i"C:/ti/ccs1271/ccs/tools/compiler/ti-cgt-arm_20.2.7.LTS/include" --reread_libs --diag_wrap=off --display_error_number --warn_sections --xml_link_info="lab_1_linkInfo.xml" --rom_model -o "lab_1.out" "./Timer.obj" "./helloworld.obj" "./lcd.obj" "./tm4c123gh6pm_startup_ccs.obj" "../tm4c123gh6pm.cmd"  -llibc.a -l"C:/ti/TivaWare_C_Series-2.2.0.295/driverlib/ccs/Debug/driverlib.lib" 
<Linking>
Finished building target: "lab_1.out"
 

**** Build Finished ****

**** Build of configuration Debug for project lab_1 ****

"C:\\ti\\ccs1271\\ccs\\utils\\bin\\gmake" -k -j 20 all -O 
 
Building file: "../helloworld.c"
Invoking: Arm Compiler
"C:/ti/ccs1271/ccs/tools/compiler/ti-cgt-arm_20.2.7.LTS/bin/armcl" -mv7M4 --code_state=16 --float_support=FPv4SPD16 -me --include_path="C:/ti/TivaWare_C_Series-2.2.0.295" --include_path="U:/CprE288/lab_1" --include_path="C:/ti/ccs1271/ccs/tools/compiler/ti-cgt-arm_20.2.7.LTS/include" --define=ccs="ccs" --define=PART_TM4C123GH6PM -g --gcc --diag_warning=225 --diag_wrap=off --display_error_number --abi=eabi --preproc_with_compile --preproc_dependency="helloworld.d_raw"  "../helloworld.c"
"../helloworld.c", line 36: warning #1-D: last line of file ends without a newline
Finished building: "../helloworld.c"
 
Building file: "../Timer.c"
Invoking: Arm Compiler
"C:/ti/ccs1271/ccs/tools/compiler/ti-cgt-arm_20.2.7.LTS/bin/armcl" -mv7M4 --code_state=16 --float_support=FPv4SPD16 -me --include_path="C:/ti/TivaWare_C_Series-2.2.0.295" --include_path="U:/CprE288/lab_1" --include_path="C:/ti/ccs1271/ccs/tools/compiler/ti-cgt-arm_20.2.7.LTS/include" --define=ccs="ccs" --define=PART_TM4C123GH6PM -g --gcc --diag_warning=225 --diag_wrap=off --display_error_number --abi=eabi --preproc_with_compile --preproc_dependency="Timer.d_raw"  "../Timer.c"
Finished building: "../Timer.c"
 
Building file: "../lcd.c"
Invoking: Arm Compiler
"C:/ti/ccs1271/ccs/tools/compiler/ti-cgt-arm_20.2.7.LTS/bin/armcl" -mv7M4 --code_state=16 --float_support=FPv4SPD16 -me --include_path="C:/ti/TivaWare_C_Series-2.2.0.295" --include_path="U:/CprE288/lab_1" --include_path="C:/ti/ccs1271/ccs/tools/compiler/ti-cgt-arm_20.2.7.LTS/include" --define=ccs="ccs" --define=PART_TM4C123GH6PM -g --gcc --diag_warning=225 --diag_wrap=off --display_error_number --abi=eabi --preproc_with_compile --preproc_dependency="lcd.d_raw"  "../lcd.c"
Finished building: "../lcd.c"
 
Building target: "lab_1.out"
Invoking: Arm Linker
"C:/ti/ccs1271/ccs/tools/compiler/ti-cgt-arm_20.2.7.LTS/bin/armcl" -mv7M4 --code_state=16 --float_support=FPv4SPD16 -me --define=ccs="ccs" --define=PART_TM4C123GH6PM -g --gcc --diag_warning=225 --diag_wrap=off --display_error_number --abi=eabi -z -m"lab_1.map" --heap_size=1024 --stack_size=2048 -i"C:/ti/ccs1271/ccs/tools/compiler/ti-cgt-arm_20.2.7.LTS/lib" -i"C:/ti/ccs1271/ccs/tools/compiler/ti-cgt-arm_20.2.7.LTS/include" --reread_libs --diag_wrap=off --display_error_number --warn_sections --xml_link_info="lab_1_linkInfo.xml" --rom_model -o "lab_1.out" "./Timer.obj" "./helloworld.obj" "./lcd.obj" "./tm4c123gh6pm_startup_ccs.obj" "../tm4c123gh6pm.cmd"  -llibc.a -l"C:/ti/TivaWare_C_Series-2.2.0.295/driverlib/ccs/Debug/driverlib.lib" 
<Linking>
Finished building target: "lab_1.out"
 

**** Build Finished ****

**** Build of configuration Debug for project lab_1 ****

"C:\\ti\\ccs1271\\ccs\\utils\\bin\\gmake" -k -j 20 all -O 
 
Building file: "../helloworld.c"
Invoking: Arm Compiler
"C:/ti/ccs1271/ccs/tools/compiler/ti-cgt-arm_20.2.7.LTS/bin/armcl" -mv7M4 --code_state=16 --float_support=FPv4SPD16 -me --include_path="C:/ti/TivaWare_C_Series-2.2.0.295" --include_path="U:/CprE288/lab_1" --include_path="C:/ti/ccs1271/ccs/tools/compiler/ti-cgt-arm_20.2.7.LTS/include" --define=ccs="ccs" --define=PART_TM4C123GH6PM -g --gcc --diag_warning=225 --diag_wrap=off --display_error_number --abi=eabi --preproc_with_compile --preproc_dependency="helloworld.d_raw"  "../helloworld.c"
Finished building: "../helloworld.c"
 
Building target: "lab_1.out"
Invoking: Arm Linker
"C:/ti/ccs1271/ccs/tools/compiler/ti-cgt-arm_20.2.7.LTS/bin/armcl" -mv7M4 --code_state=16 --float_support=FPv4SPD16 -me --define=ccs="ccs" --define=PART_TM4C123GH6PM -g --gcc --diag_warning=225 --diag_wrap=off --display_error_number --abi=eabi -z -m"lab_1.map" --heap_size=1024 --stack_size=2048 -i"C:/ti/ccs1271/ccs/tools/compiler/ti-cgt-arm_20.2.7.LTS/lib" -i"C:/ti/ccs1271/ccs/tools/compiler/ti-cgt-arm_20.2.7.LTS/include" --reread_libs --diag_wrap=off --display_error_number --warn_sections --xml_link_info="lab_1_linkInfo.xml" --rom_model -o "lab_1.out" "./Timer.obj" "./helloworld.obj" "./lcd.obj" "./tm4c123gh6pm_startup_ccs.obj" "../tm4c123gh6pm.cmd"  -llibc.a -l"C:/ti/TivaWare_C_Series-2.2.0.295/driverlib/ccs/Debug/driverlib.lib" 
<Linking>
Finished building target: "lab_1.out"
 

**** Build Finished ****

**** Build of configuration Debug for project lab_1 ****

"C:\\ti\\ccs1271\\ccs\\utils\\bin\\gmake" -k -j 20 all -O 
 
gmake[1]: 'lab_1.out' is up to date.

**** Build Finished ****

**** Build of configuration Debug for project lab_1 ****

"C:\\ti\\ccs1271\\ccs\\utils\\bin\\gmake" -k -j 20 all -O 
 
gmake[1]: 'lab_1.out' is up to date.

**** Build Finished ****

**** Build of configuration Debug for project lab_1 ****

"C:\\ti\\ccs1271\\ccs\\utils\\bin\\gmake" -k -j 20 all -O 
 
Building file: "../helloworld.c"
Invoking: Arm Compiler
"C:/ti/ccs1271/ccs/tools/compiler/ti-cgt-arm_20.2.7.LTS/bin/armcl" -mv7M4 --code_state=16 --float_support=FPv4SPD16 -me --include_path="C:/ti/TivaWare_C_Series-2.2.0.295" --include_path="U:/CprE288/lab_1" --include_path="C:/ti/ccs1271/ccs/tools/compiler/ti-cgt-arm_20.2.7.LTS/include" --define=ccs="ccs" --define=PART_TM4C123GH6PM -g --gcc --diag_warning=225 --diag_wrap=off --display_error_number --abi=eabi --preproc_with_compile --preproc_dependency="helloworld.d_raw"  "../helloworld.c"
Finished building: "../helloworld.c"
 
Building target: "lab_1.out"
Invoking: Arm Linker
"C:/ti/ccs1271/ccs/tools/compiler/ti-cgt-arm_20.2.7.LTS/bin/armcl" -mv7M4 --code_state=16 --float_support=FPv4SPD16 -me --define=ccs="ccs" --define=PART_TM4C123GH6PM -g --gcc --diag_warning=225 --diag_wrap=off --display_error_number --abi=eabi -z -m"lab_1.map" --heap_size=1024 --stack_size=2048 -i"C:/ti/ccs1271/ccs/tools/compiler/ti-cgt-arm_20.2.7.LTS/lib" -i"C:/ti/ccs1271/ccs/tools/compiler/ti-cgt-arm_20.2.7.LTS/include" --reread_libs --diag_wrap=off --display_error_number --warn_sections --xml_link_info="lab_1_linkInfo.xml" --rom_model -o "lab_1.out" "./Timer.obj" "./helloworld.obj" "./lcd.obj" "./tm4c123gh6pm_startup_ccs.obj" "../tm4c123gh6pm.cmd"  -llibc.a -l"C:/ti/TivaWare_C_Series-2.2.0.295/driverlib/ccs/Debug/driverlib.lib" 
<Linking>
Finished building target: "lab_1.out"
 

**** Build Finished ****

**** Build of configuration Debug for project lab_1 ****

"C:\\ti\\ccs1271\\ccs\\utils\\bin\\gmake" -k -j 20 all -O 
 
Building file: "../helloworld.c"
Invoking: Arm Compiler
"C:/ti/ccs1271/ccs/tools/compiler/ti-cgt-arm_20.2.7.LTS/bin/armcl" -mv7M4 --code_state=16 --float_support=FPv4SPD16 -me --include_path="C:/ti/TivaWare_C_Series-2.2.0.295" --include_path="U:/CprE288/lab_1" --include_path="C:/ti/ccs1271/ccs/tools/compiler/ti-cgt-arm_20.2.7.LTS/include" --define=ccs="ccs" --define=PART_TM4C123GH6PM -g --gcc --diag_warning=225 --diag_wrap=off --display_error_number --abi=eabi --preproc_with_compile --preproc_dependency="helloworld.d_raw"  "../helloworld.c"
Finished building: "../helloworld.c"
 
Building target: "lab_1.out"
Invoking: Arm Linker
"C:/ti/ccs1271/ccs/tools/compiler/ti-cgt-arm_20.2.7.LTS/bin/armcl" -mv7M4 --code_state=16 --float_support=FPv4SPD16 -me --define=ccs="ccs" --define=PART_TM4C123GH6PM -g --gcc --diag_warning=225 --diag_wrap=off --display_error_number --abi=eabi -z -m"lab_1.map" --heap_size=1024 --stack_size=2048 -i"C:/ti/ccs1271/ccs/tools/compiler/ti-cgt-arm_20.2.7.LTS/lib" -i"C:/ti/ccs1271/ccs/tools/compiler/ti-cgt-arm_20.2.7.LTS/include" --reread_libs --diag_wrap=off --display_error_number --warn_sections --xml_link_info="lab_1_linkInfo.xml" --rom_model -o "lab_1.out" "./Timer.obj" "./helloworld.obj" "./lcd.obj" "./tm4c123gh6pm_startup_ccs.obj" "../tm4c123gh6pm.cmd"  -llibc.a -l"C:/ti/TivaWare_C_Series-2.2.0.295/driverlib/ccs/Debug/driverlib.lib" 
<Linking>
Finished building target: "lab_1.out"
 

**** Build Finished ****

**** Build of configuration Debug for project lab_1 ****

"C:\\ti\\ccs1271\\ccs\\utils\\bin\\gmake" -k -j 20 all -O 
 
Building file: "../helloworld.c"
Invoking: Arm Compiler
"C:/ti/ccs1271/ccs/tools/compiler/ti-cgt-arm_20.2.7.LTS/bin/armcl" -mv7M4 --code_state=16 --float_support=FPv4SPD16 -me --include_path="C:/ti/TivaWare_C_Series-2.2.0.295" --include_path="U:/CprE288/lab_1" --include_path="C:/ti/ccs1271/ccs/tools/compiler/ti-cgt-arm_20.2.7.LTS/include" --define=ccs="ccs" --define=PART_TM4C123GH6PM -g --gcc --diag_warning=225 --diag_wrap=off --display_error_number --abi=eabi --preproc_with_compile --preproc_dependency="helloworld.d_raw"  "../helloworld.c"
Finished building: "../helloworld.c"
 
Building target: "lab_1.out"
Invoking: Arm Linker
"C:/ti/ccs1271/ccs/tools/compiler/ti-cgt-arm_20.2.7.LTS/bin/armcl" -mv7M4 --code_state=16 --float_support=FPv4SPD16 -me --define=ccs="ccs" --define=PART_TM4C123GH6PM -g --gcc --diag_warning=225 --diag_wrap=off --display_error_number --abi=eabi -z -m"lab_1.map" --heap_size=1024 --stack_size=2048 -i"C:/ti/ccs1271/ccs/tools/compiler/ti-cgt-arm_20.2.7.LTS/lib" -i"C:/ti/ccs1271/ccs/tools/compiler/ti-cgt-arm_20.2.7.LTS/include" --reread_libs --diag_wrap=off --display_error_number --warn_sections --xml_link_info="lab_1_linkInfo.xml" --rom_model -o "lab_1.out" "./Timer.obj" "./helloworld.obj" "./lcd.obj" "./tm4c123gh6pm_startup_ccs.obj" "../tm4c123gh6pm.cmd"  -llibc.a -l"C:/ti/TivaWare_C_Series-2.2.0.295/driverlib/ccs/Debug/driverlib.lib" 
<Linking>
Finished building target: "lab_1.out"
 

**** Build Finished ****

**** Build of configuration Debug for project lab_1 ****

"C:\\ti\\ccs1271\\ccs\\utils\\bin\\gmake" -k -j 20 all -O 
 
Building file: "../helloworld.c"
Invoking: Arm Compiler
"C:/ti/ccs1271/ccs/tools/compiler/ti-cgt-arm_20.2.7.LTS/bin/armcl" -mv7M4 --code_state=16 --float_support=FPv4SPD16 -me --include_path="C:/ti/TivaWare_C_Series-2.2.0.295" --include_path="U:/CprE288/lab_1" --include_path="C:/ti/ccs1271/ccs/tools/compiler/ti-cgt-arm_20.2.7.LTS/include" --define=ccs="ccs" --define=PART_TM4C123GH6PM -g --gcc --diag_warning=225 --diag_wrap=off --display_error_number --abi=eabi --preproc_with_compile --preproc_dependency="helloworld.d_raw"  "../helloworld.c"
Finished building: "../helloworld.c"
 
Building target: "lab_1.out"
Invoking: Arm Linker
"C:/ti/ccs1271/ccs/tools/compiler/ti-cgt-arm_20.2.7.LTS/bin/armcl" -mv7M4 --code_state=16 --float_support=FPv4SPD16 -me --define=ccs="ccs" --define=PART_TM4C123GH6PM -g --gcc --diag_warning=225 --diag_wrap=off --display_error_number --abi=eabi -z -m"lab_1.map" --heap_size=1024 --stack_size=2048 -i"C:/ti/ccs1271/ccs/tools/compiler/ti-cgt-arm_20.2.7.LTS/lib" -i"C:/ti/ccs1271/ccs/tools/compiler/ti-cgt-arm_20.2.7.LTS/include" --reread_libs --diag_wrap=off --display_error_number --warn_sections --xml_link_info="lab_1_linkInfo.xml" --rom_model -o "lab_1.out" "./Timer.obj" "./helloworld.obj" "./lcd.obj" "./tm4c123gh6pm_startup_ccs.obj" "../tm4c123gh6pm.cmd"  -llibc.a -l"C:/ti/TivaWare_C_Series-2.2.0.295/driverlib/ccs/Debug/driverlib.lib" 
<Linking>
Finished building target: "lab_1.out"
 

**** Build Finished ****

**** Build of configuration Debug for project lab_1 ****

"C:\\ti\\ccs1271\\ccs\\utils\\bin\\gmake" -k -j 20 all -O 
 
gmake[1]: 'lab_1.out' is up to date.

**** Build Finished ****

**** Build of configuration Debug for project lab_1 ****

"C:\\ti\\ccs1271\\ccs\\utils\\bin\\gmake" -k -j 20 all -O 
 
Building file: "../helloworld.c"
Invoking: Arm Compiler
"C:/ti/ccs1271/ccs/tools/compiler/ti-cgt-arm_20.2.7.LTS/bin/armcl" -mv7M4 --code_state=16 --float_support=FPv4SPD16 -me --include_path="C:/ti/TivaWare_C_Series-2.2.0.295" --include_path="U:/CprE288/lab_1" --include_path="C:/ti/ccs1271/ccs/tools/compiler/ti-cgt-arm_20.2.7.LTS/include" --define=ccs="ccs" --define=PART_TM4C123GH6PM -g --gcc --diag_warning=225 --diag_wrap=off --display_error_number --abi=eabi --preproc_with_compile --preproc_dependency="helloworld.d_raw"  "../helloworld.c"
Finished building: "../helloworld.c"
 
Building target: "lab_1.out"
Invoking: Arm Linker
"C:/ti/ccs1271/ccs/tools/compiler/ti-cgt-arm_20.2.7.LTS/bin/armcl" -mv7M4 --code_state=16 --float_support=FPv4SPD16 -me --define=ccs="ccs" --define=PART_TM4C123GH6PM -g --gcc --diag_warning=225 --diag_wrap=off --display_error_number --abi=eabi -z -m"lab_1.map" --heap_size=1024 --stack_size=2048 -i"C:/ti/ccs1271/ccs/tools/compiler/ti-cgt-arm_20.2.7.LTS/lib" -i"C:/ti/ccs1271/ccs/tools/compiler/ti-cgt-arm_20.2.7.LTS/include" --reread_libs --diag_wrap=off --display_error_number --warn_sections --xml_link_info="lab_1_linkInfo.xml" --rom_model -o "lab_1.out" "./Timer.obj" "./helloworld.obj" "./lcd.obj" "./tm4c123gh6pm_startup_ccs.obj" "../tm4c123gh6pm.cmd"  -llibc.a -l"C:/ti/TivaWare_C_Series-2.2.0.295/driverlib/ccs/Debug/driverlib.lib" 
<Linking>
Finished building target: "lab_1.out"
 

**** Build Finished ****

**** Build of configuration Debug for project lab_1 ****

"C:\\ti\\ccs1271\\ccs\\utils\\bin\\gmake" -k -j 20 all -O 
 
Building file: "../helloworld.c"
Invoking: Arm Compiler
"C:/ti/ccs1271/ccs/tools/compiler/ti-cgt-arm_20.2.7.LTS/bin/armcl" -mv7M4 --code_state=16 --float_support=FPv4SPD16 -me --include_path="C:/ti/TivaWare_C_Series-2.2.0.295" --include_path="U:/CprE288/lab_1" --include_path="C:/ti/ccs1271/ccs/tools/compiler/ti-cgt-arm_20.2.7.LTS/include" --define=ccs="ccs" --define=PART_TM4C123GH6PM -g --gcc --diag_warning=225 --diag_wrap=off --display_error_number --abi=eabi --preproc_with_compile --preproc_dependency="helloworld.d_raw"  "../helloworld.c"
Finished building: "../helloworld.c"
 
Building target: "lab_1.out"
Invoking: Arm Linker
"C:/ti/ccs1271/ccs/tools/compiler/ti-cgt-arm_20.2.7.LTS/bin/armcl" -mv7M4 --code_state=16 --float_support=FPv4SPD16 -me --define=ccs="ccs" --define=PART_TM4C123GH6PM -g --gcc --diag_warning=225 --diag_wrap=off --display_error_number --abi=eabi -z -m"lab_1.map" --heap_size=1024 --stack_size=2048 -i"C:/ti/ccs1271/ccs/tools/compiler/ti-cgt-arm_20.2.7.LTS/lib" -i"C:/ti/ccs1271/ccs/tools/compiler/ti-cgt-arm_20.2.7.LTS/include" --reread_libs --diag_wrap=off --display_error_number --warn_sections --xml_link_info="lab_1_linkInfo.xml" --rom_model -o "lab_1.out" "./Timer.obj" "./helloworld.obj" "./lcd.obj" "./tm4c123gh6pm_startup_ccs.obj" "../tm4c123gh6pm.cmd"  -llibc.a -l"C:/ti/TivaWare_C_Series-2.2.0.295/driverlib/ccs/Debug/driverlib.lib" 
<Linking>
Finished building target: "lab_1.out"
 

**** Build Finished ****

**** Build of configuration Debug for project lab_1 ****

"C:\\ti\\ccs1271\\ccs\\utils\\bin\\gmake" -k -j 20 all -O 
 
Building file: "../helloworld.c"
Invoking: Arm Compiler
"C:/ti/ccs1271/ccs/tools/compiler/ti-cgt-arm_20.2.7.LTS/bin/armcl" -mv7M4 --code_state=16 --float_support=FPv4SPD16 -me --include_path="C:/ti/TivaWare_C_Series-2.2.0.295" --include_path="U:/CprE288/lab_1" --include_path="C:/ti/ccs1271/ccs/tools/compiler/ti-cgt-arm_20.2.7.LTS/include" --define=ccs="ccs" --define=PART_TM4C123GH6PM -g --gcc --diag_warning=225 --diag_wrap=off --display_error_number --abi=eabi --preproc_with_compile --preproc_dependency="helloworld.d_raw"  "../helloworld.c"
Finished building: "../helloworld.c"
 
Building target: "lab_1.out"
Invoking: Arm Linker
"C:/ti/ccs1271/ccs/tools/compiler/ti-cgt-arm_20.2.7.LTS/bin/armcl" -mv7M4 --code_state=16 --float_support=FPv4SPD16 -me --define=ccs="ccs" --define=PART_TM4C123GH6PM -g --gcc --diag_warning=225 --diag_wrap=off --display_error_number --abi=eabi -z -m"lab_1.map" --heap_size=1024 --stack_size=2048 -i"C:/ti/ccs1271/ccs/tools/compiler/ti-cgt-arm_20.2.7.LTS/lib" -i"C:/ti/ccs1271/ccs/tools/compiler/ti-cgt-arm_20.2.7.LTS/include" --reread_libs --diag_wrap=off --display_error_number --warn_sections --xml_link_info="lab_1_linkInfo.xml" --rom_model -o "lab_1.out" "./Timer.obj" "./helloworld.obj" "./lcd.obj" "./tm4c123gh6pm_startup_ccs.obj" "../tm4c123gh6pm.cmd"  -llibc.a -l"C:/ti/TivaWare_C_Series-2.2.0.295/driverlib/ccs/Debug/driverlib.lib" 
<Linking>
Finished building target: "lab_1.out"
 

**** Build Finished ****

**** Build of configuration Debug for project lab_1 ****

"C:\\ti\\ccs1271\\ccs\\utils\\bin\\gmake" -k -j 20 all -O 
 
Building file: "../helloworld.c"
Invoking: Arm Compiler
"C:/ti/ccs1271/ccs/tools/compiler/ti-cgt-arm_20.2.7.LTS/bin/armcl" -mv7M4 --code_state=16 --float_support=FPv4SPD16 -me --include_path="C:/ti/TivaWare_C_Series-2.2.0.295" --include_path="U:/CprE288/lab_1" --include_path="C:/ti/ccs1271/ccs/tools/compiler/ti-cgt-arm_20.2.7.LTS/include" --define=ccs="ccs" --define=PART_TM4C123GH6PM -g --gcc --diag_warning=225 --diag_wrap=off --display_error_number --abi=eabi --preproc_with_compile --preproc_dependency="helloworld.d_raw"  "../helloworld.c"
Finished building: "../helloworld.c"
 
Building target: "lab_1.out"
Invoking: Arm Linker
"C:/ti/ccs1271/ccs/tools/compiler/ti-cgt-arm_20.2.7.LTS/bin/armcl" -mv7M4 --code_state=16 --float_support=FPv4SPD16 -me --define=ccs="ccs" --define=PART_TM4C123GH6PM -g --gcc --diag_warning=225 --diag_wrap=off --display_error_number --abi=eabi -z -m"lab_1.map" --heap_size=1024 --stack_size=2048 -i"C:/ti/ccs1271/ccs/tools/compiler/ti-cgt-arm_20.2.7.LTS/lib" -i"C:/ti/ccs1271/ccs/tools/compiler/ti-cgt-arm_20.2.7.LTS/include" --reread_libs --diag_wrap=off --display_error_number --warn_sections --xml_link_info="lab_1_linkInfo.xml" --rom_model -o "lab_1.out" "./Timer.obj" "./helloworld.obj" "./lcd.obj" "./tm4c123gh6pm_startup_ccs.obj" "../tm4c123gh6pm.cmd"  -llibc.a -l"C:/ti/TivaWare_C_Series-2.2.0.295/driverlib/ccs/Debug/driverlib.lib" 
<Linking>
Finished building target: "lab_1.out"
 

**** Build Finished ****

**** Build of configuration Debug for project lab_1 ****

"C:\\ti\\ccs1271\\ccs\\utils\\bin\\gmake" -k -j 20 all -O 
 
gmake[1]: 'lab_1.out' is up to date.

**** Build Finished ****

**** Build of configuration Debug for project lab_1 ****

"C:\\ti\\ccs1271\\ccs\\utils\\bin\\gmake" -k -j 20 all -O 
 
Building file: "../helloworld.c"
Invoking: Arm Compiler
"C:/ti/ccs1271/ccs/tools/compiler/ti-cgt-arm_20.2.7.LTS/bin/armcl" -mv7M4 --code_state=16 --float_support=FPv4SPD16 -me --include_path="C:/ti/TivaWare_C_Series-2.2.0.295" --include_path="U:/CprE288/lab_1" --include_path="C:/ti/ccs1271/ccs/tools/compiler/ti-cgt-arm_20.2.7.LTS/include" --define=ccs="ccs" --define=PART_TM4C123GH6PM -g --gcc --diag_warning=225 --diag_wrap=off --display_error_number --abi=eabi --preproc_with_compile --preproc_dependency="helloworld.d_raw"  "../helloworld.c"
 
>> Compilation failure
subdir_rules.mk:9: recipe for target 'helloworld.obj' failed
"../helloworld.c", line 39: error #29: expected an expression
"../helloworld.c", line 39: error #20: identifier "i" is undefined
"../helloworld.c", line 52: warning #112-D: statement is unreachable
2 errors detected in the compilation of "../helloworld.c".
gmake: *** [helloworld.obj] Error 1
gmake: Target 'all' not remade because of errors.

**** Build Finished ****

**** Build of configuration Debug for project lab_1 ****

"C:\\ti\\ccs1271\\ccs\\utils\\bin\\gmake" -k -j 20 all -O 
 
Building file: "../helloworld.c"
Invoking: Arm Compiler
"C:/ti/ccs1271/ccs/tools/compiler/ti-cgt-arm_20.2.7.LTS/bin/armcl" -mv7M4 --code_state=16 --float_support=FPv4SPD16 -me --include_path="C:/ti/TivaWare_C_Series-2.2.0.295" --include_path="U:/CprE288/lab_1" --include_path="C:/ti/ccs1271/ccs/tools/compiler/ti-cgt-arm_20.2.7.LTS/include" --define=ccs="ccs" --define=PART_TM4C123GH6PM -g --gcc --diag_warning=225 --diag_wrap=off --display_error_number --abi=eabi --preproc_with_compile --preproc_dependency="helloworld.d_raw"  "../helloworld.c"
"../helloworld.c", line 53: warning #112-D: statement is unreachable
Finished building: "../helloworld.c"
 
Building target: "lab_1.out"
Invoking: Arm Linker
"C:/ti/ccs1271/ccs/tools/compiler/ti-cgt-arm_20.2.7.LTS/bin/armcl" -mv7M4 --code_state=16 --float_support=FPv4SPD16 -me --define=ccs="ccs" --define=PART_TM4C123GH6PM -g --gcc --diag_warning=225 --diag_wrap=off --display_error_number --abi=eabi -z -m"lab_1.map" --heap_size=1024 --stack_size=2048 -i"C:/ti/ccs1271/ccs/tools/compiler/ti-cgt-arm_20.2.7.LTS/lib" -i"C:/ti/ccs1271/ccs/tools/compiler/ti-cgt-arm_20.2.7.LTS/include" --reread_libs --diag_wrap=off --display_error_number --warn_sections --xml_link_info="lab_1_linkInfo.xml" --rom_model -o "lab_1.out" "./Timer.obj" "./helloworld.obj" "./lcd.obj" "./tm4c123gh6pm_startup_ccs.obj" "../tm4c123gh6pm.cmd"  -llibc.a -l"C:/ti/TivaWare_C_Series-2.2.0.295/driverlib/ccs/Debug/driverlib.lib" 
<Linking>
Finished building target: "lab_1.out"
 

**** Build Finished ****

**** Build of configuration Debug for project lab_1 ****

"C:\\ti\\ccs1271\\ccs\\utils\\bin\\gmake" -k -j 20 all -O 
 
Building file: "../helloworld.c"
Invoking: Arm Compiler
"C:/ti/ccs1271/ccs/tools/compiler/ti-cgt-arm_20.2.7.LTS/bin/armcl" -mv7M4 --code_state=16 --float_support=FPv4SPD16 -me --include_path="C:/ti/TivaWare_C_Series-2.2.0.295" --include_path="U:/CprE288/lab_1" --include_path="C:/ti/ccs1271/ccs/tools/compiler/ti-cgt-arm_20.2.7.LTS/include" --define=ccs="ccs" --define=PART_TM4C123GH6PM -g --gcc --diag_warning=225 --diag_wrap=off --display_error_number --abi=eabi --preproc_with_compile --preproc_dependency="helloworld.d_raw"  "../helloworld.c"
"../helloworld.c", line 55: warning #112-D: statement is unreachable
Finished building: "../helloworld.c"
 
Building target: "lab_1.out"
Invoking: Arm Linker
"C:/ti/ccs1271/ccs/tools/compiler/ti-cgt-arm_20.2.7.LTS/bin/armcl" -mv7M4 --code_state=16 --float_support=FPv4SPD16 -me --define=ccs="ccs" --define=PART_TM4C123GH6PM -g --gcc --diag_warning=225 --diag_wrap=off --display_error_number --abi=eabi -z -m"lab_1.map" --heap_size=1024 --stack_size=2048 -i"C:/ti/ccs1271/ccs/tools/compiler/ti-cgt-arm_20.2.7.LTS/lib" -i"C:/ti/ccs1271/ccs/tools/compiler/ti-cgt-arm_20.2.7.LTS/include" --reread_libs --diag_wrap=off --display_error_number --warn_sections --xml_link_info="lab_1_linkInfo.xml" --rom_model -o "lab_1.out" "./Timer.obj" "./helloworld.obj" "./lcd.obj" "./tm4c123gh6pm_startup_ccs.obj" "../tm4c123gh6pm.cmd"  -llibc.a -l"C:/ti/TivaWare_C_Series-2.2.0.295/driverlib/ccs/Debug/driverlib.lib" 
<Linking>
Finished building target: "lab_1.out"
 

**** Build Finished ****

**** Build of configuration Debug for project lab_1 ****

"C:\\ti\\ccs1271\\ccs\\utils\\bin\\gmake" -k -j 20 all -O 
 
Building file: "../helloworld.c"
Invoking: Arm Compiler
"C:/ti/ccs1271/ccs/tools/compiler/ti-cgt-arm_20.2.7.LTS/bin/armcl" -mv7M4 --code_state=16 --float_support=FPv4SPD16 -me --include_path="C:/ti/TivaWare_C_Series-2.2.0.295" --include_path="U:/CprE288/lab_1" --include_path="C:/ti/ccs1271/ccs/tools/compiler/ti-cgt-arm_20.2.7.LTS/include" --define=ccs="ccs" --define=PART_TM4C123GH6PM -g --gcc --diag_warning=225 --diag_wrap=off --display_error_number --abi=eabi --preproc_with_compile --preproc_dependency="helloworld.d_raw"  "../helloworld.c"
"../helloworld.c", line 38: warning #225-D: function "malloc" declared implicitly
"../helloworld.c", line 38: warning #145-D: a value of type "int" cannot be used to initialize an entity of type "char *"
"../helloworld.c", line 40: warning #169-D: argument of type "char" is incompatible with parameter of type "const char *__restrict__"
"../helloworld.c", line 60: warning #112-D: statement is unreachable
"../helloworld.c", line 34: warning #179-D: variable "i" was declared but never referenced
Finished building: "../helloworld.c"
 
Building target: "lab_1.out"
Invoking: Arm Linker
"C:/ti/ccs1271/ccs/tools/compiler/ti-cgt-arm_20.2.7.LTS/bin/armcl" -mv7M4 --code_state=16 --float_support=FPv4SPD16 -me --define=ccs="ccs" --define=PART_TM4C123GH6PM -g --gcc --diag_warning=225 --diag_wrap=off --display_error_number --abi=eabi -z -m"lab_1.map" --heap_size=1024 --stack_size=2048 -i"C:/ti/ccs1271/ccs/tools/compiler/ti-cgt-arm_20.2.7.LTS/lib" -i"C:/ti/ccs1271/ccs/tools/compiler/ti-cgt-arm_20.2.7.LTS/include" --reread_libs --diag_wrap=off --display_error_number --warn_sections --xml_link_info="lab_1_linkInfo.xml" --rom_model -o "lab_1.out" "./Timer.obj" "./helloworld.obj" "./lcd.obj" "./tm4c123gh6pm_startup_ccs.obj" "../tm4c123gh6pm.cmd"  -llibc.a -l"C:/ti/TivaWare_C_Series-2.2.0.295/driverlib/ccs/Debug/driverlib.lib" 
<Linking>
Finished building target: "lab_1.out"
 

**** Build Finished ****

**** Build of configuration Debug for project lab_1 ****

"C:\\ti\\ccs1271\\ccs\\utils\\bin\\gmake" -k -j 20 all -O 
 
Building file: "../helloworld.c"
Invoking: Arm Compiler
"C:/ti/ccs1271/ccs/tools/compiler/ti-cgt-arm_20.2.7.LTS/bin/armcl" -mv7M4 --code_state=16 --float_support=FPv4SPD16 -me --include_path="C:/ti/TivaWare_C_Series-2.2.0.295" --include_path="U:/CprE288/lab_1" --include_path="C:/ti/ccs1271/ccs/tools/compiler/ti-cgt-arm_20.2.7.LTS/include" --define=ccs="ccs" --define=PART_TM4C123GH6PM -g --gcc --diag_warning=225 --diag_wrap=off --display_error_number --abi=eabi --preproc_with_compile --preproc_dependency="helloworld.d_raw"  "../helloworld.c"
"../helloworld.c", line 13: warning #14-D: extra text after expected end of preprocessing directive
"../helloworld.c", line 41: warning #169-D: argument of type "char" is incompatible with parameter of type "const char *__restrict__"
"../helloworld.c", line 61: warning #112-D: statement is unreachable
"../helloworld.c", line 35: warning #179-D: variable "i" was declared but never referenced
Finished building: "../helloworld.c"
 
Building target: "lab_1.out"
Invoking: Arm Linker
"C:/ti/ccs1271/ccs/tools/compiler/ti-cgt-arm_20.2.7.LTS/bin/armcl" -mv7M4 --code_state=16 --float_support=FPv4SPD16 -me --define=ccs="ccs" --define=PART_TM4C123GH6PM -g --gcc --diag_warning=225 --diag_wrap=off --display_error_number --abi=eabi -z -m"lab_1.map" --heap_size=1024 --stack_size=2048 -i"C:/ti/ccs1271/ccs/tools/compiler/ti-cgt-arm_20.2.7.LTS/lib" -i"C:/ti/ccs1271/ccs/tools/compiler/ti-cgt-arm_20.2.7.LTS/include" --reread_libs --diag_wrap=off --display_error_number --warn_sections --xml_link_info="lab_1_linkInfo.xml" --rom_model -o "lab_1.out" "./Timer.obj" "./helloworld.obj" "./lcd.obj" "./tm4c123gh6pm_startup_ccs.obj" "../tm4c123gh6pm.cmd"  -llibc.a -l"C:/ti/TivaWare_C_Series-2.2.0.295/driverlib/ccs/Debug/driverlib.lib" 
<Linking>
Finished building target: "lab_1.out"
 

**** Build Finished ****

**** Build of configuration Debug for project lab_1 ****

"C:\\ti\\ccs1271\\ccs\\utils\\bin\\gmake" -k -j 20 all -O 
 
Building file: "../helloworld.c"
Invoking: Arm Compiler
"C:/ti/ccs1271/ccs/tools/compiler/ti-cgt-arm_20.2.7.LTS/bin/armcl" -mv7M4 --code_state=16 --float_support=FPv4SPD16 -me --include_path="C:/ti/TivaWare_C_Series-2.2.0.295" --include_path="U:/CprE288/lab_1" --include_path="C:/ti/ccs1271/ccs/tools/compiler/ti-cgt-arm_20.2.7.LTS/include" --define=ccs="ccs" --define=PART_TM4C123GH6PM -g --gcc --diag_warning=225 --diag_wrap=off --display_error_number --abi=eabi --preproc_with_compile --preproc_dependency="helloworld.d_raw"  "../helloworld.c"
"../helloworld.c", line 63: warning #112-D: statement is unreachable
"../helloworld.c", line 36: warning #179-D: variable "i" was declared but never referenced
Finished building: "../helloworld.c"
 
Building target: "lab_1.out"
Invoking: Arm Linker
"C:/ti/ccs1271/ccs/tools/compiler/ti-cgt-arm_20.2.7.LTS/bin/armcl" -mv7M4 --code_state=16 --float_support=FPv4SPD16 -me --define=ccs="ccs" --define=PART_TM4C123GH6PM -g --gcc --diag_warning=225 --diag_wrap=off --display_error_number --abi=eabi -z -m"lab_1.map" --heap_size=1024 --stack_size=2048 -i"C:/ti/ccs1271/ccs/tools/compiler/ti-cgt-arm_20.2.7.LTS/lib" -i"C:/ti/ccs1271/ccs/tools/compiler/ti-cgt-arm_20.2.7.LTS/include" --reread_libs --diag_wrap=off --display_error_number --warn_sections --xml_link_info="lab_1_linkInfo.xml" --rom_model -o "lab_1.out" "./Timer.obj" "./helloworld.obj" "./lcd.obj" "./tm4c123gh6pm_startup_ccs.obj" "../tm4c123gh6pm.cmd"  -llibc.a -l"C:/ti/TivaWare_C_Series-2.2.0.295/driverlib/ccs/Debug/driverlib.lib" 
<Linking>
Finished building target: "lab_1.out"
 

**** Build Finished ****

**** Build of configuration Debug for project lab_1 ****

"C:\\ti\\ccs1271\\ccs\\utils\\bin\\gmake" -k -j 20 all -O 
 
Building file: "../helloworld.c"
Invoking: Arm Compiler
"C:/ti/ccs1271/ccs/tools/compiler/ti-cgt-arm_20.2.7.LTS/bin/armcl" -mv7M4 --code_state=16 --float_support=FPv4SPD16 -me --include_path="C:/ti/TivaWare_C_Series-2.2.0.295" --include_path="U:/CprE288/lab_1" --include_path="C:/ti/ccs1271/ccs/tools/compiler/ti-cgt-arm_20.2.7.LTS/include" --define=ccs="ccs" --define=PART_TM4C123GH6PM -g --gcc --diag_warning=225 --diag_wrap=off --display_error_number --abi=eabi --preproc_with_compile --preproc_dependency="helloworld.d_raw"  "../helloworld.c"
"../helloworld.c", line 63: warning #112-D: statement is unreachable
"../helloworld.c", line 36: warning #179-D: variable "i" was declared but never referenced
Finished building: "../helloworld.c"
 
Building target: "lab_1.out"
Invoking: Arm Linker
"C:/ti/ccs1271/ccs/tools/compiler/ti-cgt-arm_20.2.7.LTS/bin/armcl" -mv7M4 --code_state=16 --float_support=FPv4SPD16 -me --define=ccs="ccs" --define=PART_TM4C123GH6PM -g --gcc --diag_warning=225 --diag_wrap=off --display_error_number --abi=eabi -z -m"lab_1.map" --heap_size=1024 --stack_size=2048 -i"C:/ti/ccs1271/ccs/tools/compiler/ti-cgt-arm_20.2.7.LTS/lib" -i"C:/ti/ccs1271/ccs/tools/compiler/ti-cgt-arm_20.2.7.LTS/include" --reread_libs --diag_wrap=off --display_error_number --warn_sections --xml_link_info="lab_1_linkInfo.xml" --rom_model -o "lab_1.out" "./Timer.obj" "./helloworld.obj" "./lcd.obj" "./tm4c123gh6pm_startup_ccs.obj" "../tm4c123gh6pm.cmd"  -llibc.a -l"C:/ti/TivaWare_C_Series-2.2.0.295/driverlib/ccs/Debug/driverlib.lib" 
<Linking>
Finished building target: "lab_1.out"
 

**** Build Finished ****

**** Build of configuration Debug for project lab_1 ****

"C:\\ti\\ccs1271\\ccs\\utils\\bin\\gmake" -k -j 20 all -O 
 
Building file: "../helloworld.c"
Invoking: Arm Compiler
"C:/ti/ccs1271/ccs/tools/compiler/ti-cgt-arm_20.2.7.LTS/bin/armcl" -mv7M4 --code_state=16 --float_support=FPv4SPD16 -me --include_path="C:/ti/TivaWare_C_Series-2.2.0.295" --include_path="U:/CprE288/lab_1" --include_path="C:/ti/ccs1271/ccs/tools/compiler/ti-cgt-arm_20.2.7.LTS/include" --define=ccs="ccs" --define=PART_TM4C123GH6PM -g --gcc --diag_warning=225 --diag_wrap=off --display_error_number --abi=eabi --preproc_with_compile --preproc_dependency="helloworld.d_raw"  "../helloworld.c"
"../helloworld.c", line 64: warning #112-D: statement is unreachable
"../helloworld.c", line 36: warning #179-D: variable "i" was declared but never referenced
Finished building: "../helloworld.c"
 
Building target: "lab_1.out"
Invoking: Arm Linker
"C:/ti/ccs1271/ccs/tools/compiler/ti-cgt-arm_20.2.7.LTS/bin/armcl" -mv7M4 --code_state=16 --float_support=FPv4SPD16 -me --define=ccs="ccs" --define=PART_TM4C123GH6PM -g --gcc --diag_warning=225 --diag_wrap=off --display_error_number --abi=eabi -z -m"lab_1.map" --heap_size=1024 --stack_size=2048 -i"C:/ti/ccs1271/ccs/tools/compiler/ti-cgt-arm_20.2.7.LTS/lib" -i"C:/ti/ccs1271/ccs/tools/compiler/ti-cgt-arm_20.2.7.LTS/include" --reread_libs --diag_wrap=off --display_error_number --warn_sections --xml_link_info="lab_1_linkInfo.xml" --rom_model -o "lab_1.out" "./Timer.obj" "./helloworld.obj" "./lcd.obj" "./tm4c123gh6pm_startup_ccs.obj" "../tm4c123gh6pm.cmd"  -llibc.a -l"C:/ti/TivaWare_C_Series-2.2.0.295/driverlib/ccs/Debug/driverlib.lib" 
<Linking>
Finished building target: "lab_1.out"
 

**** Build Finished ****

**** Build of configuration Debug for project lab_1 ****

"C:\\ti\\ccs1271\\ccs\\utils\\bin\\gmake" -k -j 20 all -O 
 
Building file: "../helloworld.c"
Invoking: Arm Compiler
"C:/ti/ccs1271/ccs/tools/compiler/ti-cgt-arm_20.2.7.LTS/bin/armcl" -mv7M4 --code_state=16 --float_support=FPv4SPD16 -me --include_path="C:/ti/TivaWare_C_Series-2.2.0.295" --include_path="U:/CprE288/lab_1" --include_path="C:/ti/ccs1271/ccs/tools/compiler/ti-cgt-arm_20.2.7.LTS/include" --define=ccs="ccs" --define=PART_TM4C123GH6PM -g --gcc --diag_warning=225 --diag_wrap=off --display_error_number --abi=eabi --preproc_with_compile --preproc_dependency="helloworld.d_raw"  "../helloworld.c"
"../helloworld.c", line 63: warning #112-D: statement is unreachable
"../helloworld.c", line 36: warning #179-D: variable "i" was declared but never referenced
Finished building: "../helloworld.c"
 
Building target: "lab_1.out"
Invoking: Arm Linker
"C:/ti/ccs1271/ccs/tools/compiler/ti-cgt-arm_20.2.7.LTS/bin/armcl" -mv7M4 --code_state=16 --float_support=FPv4SPD16 -me --define=ccs="ccs" --define=PART_TM4C123GH6PM -g --gcc --diag_warning=225 --diag_wrap=off --display_error_number --abi=eabi -z -m"lab_1.map" --heap_size=1024 --stack_size=2048 -i"C:/ti/ccs1271/ccs/tools/compiler/ti-cgt-arm_20.2.7.LTS/lib" -i"C:/ti/ccs1271/ccs/tools/compiler/ti-cgt-arm_20.2.7.LTS/include" --reread_libs --diag_wrap=off --display_error_number --warn_sections --xml_link_info="lab_1_linkInfo.xml" --rom_model -o "lab_1.out" "./Timer.obj" "./helloworld.obj" "./lcd.obj" "./tm4c123gh6pm_startup_ccs.obj" "../tm4c123gh6pm.cmd"  -llibc.a -l"C:/ti/TivaWare_C_Series-2.2.0.295/driverlib/ccs/Debug/driverlib.lib" 
<Linking>
Finished building target: "lab_1.out"
 

**** Build Finished ****

**** Build of configuration Debug for project lab_1 ****

"C:\\ti\\ccs1271\\ccs\\utils\\bin\\gmake" -k -j 20 all -O 
 
gmake[1]: 'lab_1.out' is up to date.

**** Build Finished ****

**** Build of configuration Debug for project lab_1 ****

"C:\\ti\\ccs1271\\ccs\\utils\\bin\\gmake" -k -j 20 all -O 
 
Building file: "../helloworld.c"
Invoking: Arm Compiler
"C:/ti/ccs1271/ccs/tools/compiler/ti-cgt-arm_20.2.7.LTS/bin/armcl" -mv7M4 --code_state=16 --float_support=FPv4SPD16 -me --include_path="C:/ti/TivaWare_C_Series-2.2.0.295" --include_path="U:/CprE288/lab_1" --include_path="C:/ti/ccs1271/ccs/tools/compiler/ti-cgt-arm_20.2.7.LTS/include" --define=ccs="ccs" --define=PART_TM4C123GH6PM -g --gcc --diag_warning=225 --diag_wrap=off --display_error_number --abi=eabi --preproc_with_compile --preproc_dependency="helloworld.d_raw"  "../helloworld.c"
"../helloworld.c", line 64: warning #112-D: statement is unreachable
"../helloworld.c", line 36: warning #179-D: variable "i" was declared but never referenced
Finished building: "../helloworld.c"
 
Building target: "lab_1.out"
Invoking: Arm Linker
"C:/ti/ccs1271/ccs/tools/compiler/ti-cgt-arm_20.2.7.LTS/bin/armcl" -mv7M4 --code_state=16 --float_support=FPv4SPD16 -me --define=ccs="ccs" --define=PART_TM4C123GH6PM -g --gcc --diag_warning=225 --diag_wrap=off --display_error_number --abi=eabi -z -m"lab_1.map" --heap_size=1024 --stack_size=2048 -i"C:/ti/ccs1271/ccs/tools/compiler/ti-cgt-arm_20.2.7.LTS/lib" -i"C:/ti/ccs1271/ccs/tools/compiler/ti-cgt-arm_20.2.7.LTS/include" --reread_libs --diag_wrap=off --display_error_number --warn_sections --xml_link_info="lab_1_linkInfo.xml" --rom_model -o "lab_1.out" "./Timer.obj" "./helloworld.obj" "./lcd.obj" "./tm4c123gh6pm_startup_ccs.obj" "../tm4c123gh6pm.cmd"  -llibc.a -l"C:/ti/TivaWare_C_Series-2.2.0.295/driverlib/ccs/Debug/driverlib.lib" 
<Linking>
Finished building target: "lab_1.out"
 

**** Build Finished ****

**** Build of configuration Debug for project lab_1 ****

"C:\\ti\\ccs1271\\ccs\\utils\\bin\\gmake" -k -j 20 all -O 
 
Building file: "../helloworld.c"
Invoking: Arm Compiler
"C:/ti/ccs1271/ccs/tools/compiler/ti-cgt-arm_20.2.7.LTS/bin/armcl" -mv7M4 --code_state=16 --float_support=FPv4SPD16 -me --include_path="C:/ti/TivaWare_C_Series-2.2.0.295" --include_path="U:/CprE288/lab_1" --include_path="C:/ti/ccs1271/ccs/tools/compiler/ti-cgt-arm_20.2.7.LTS/include" --define=ccs="ccs" --define=PART_TM4C123GH6PM -g --gcc --diag_warning=225 --diag_wrap=off --display_error_number --abi=eabi --preproc_with_compile --preproc_dependency="helloworld.d_raw"  "../helloworld.c"
"../helloworld.c", line 65: warning #112-D: statement is unreachable
"../helloworld.c", line 37: warning #179-D: variable "i" was declared but never referenced
Finished building: "../helloworld.c"
 
Building target: "lab_1.out"
Invoking: Arm Linker
"C:/ti/ccs1271/ccs/tools/compiler/ti-cgt-arm_20.2.7.LTS/bin/armcl" -mv7M4 --code_state=16 --float_support=FPv4SPD16 -me --define=ccs="ccs" --define=PART_TM4C123GH6PM -g --gcc --diag_warning=225 --diag_wrap=off --display_error_number --abi=eabi -z -m"lab_1.map" --heap_size=1024 --stack_size=2048 -i"C:/ti/ccs1271/ccs/tools/compiler/ti-cgt-arm_20.2.7.LTS/lib" -i"C:/ti/ccs1271/ccs/tools/compiler/ti-cgt-arm_20.2.7.LTS/include" --reread_libs --diag_wrap=off --display_error_number --warn_sections --xml_link_info="lab_1_linkInfo.xml" --rom_model -o "lab_1.out" "./Timer.obj" "./helloworld.obj" "./lcd.obj" "./tm4c123gh6pm_startup_ccs.obj" "../tm4c123gh6pm.cmd"  -llibc.a -l"C:/ti/TivaWare_C_Series-2.2.0.295/driverlib/ccs/Debug/driverlib.lib" 
<Linking>
Finished building target: "lab_1.out"
 

**** Build Finished ****

**** Build of configuration Debug for project lab_1 ****

"C:\\ti\\ccs1271\\ccs\\utils\\bin\\gmake" -k -j 20 all -O 
 
Building file: "../helloworld.c"
Invoking: Arm Compiler
"C:/ti/ccs1271/ccs/tools/compiler/ti-cgt-arm_20.2.7.LTS/bin/armcl" -mv7M4 --code_state=16 --float_support=FPv4SPD16 -me --include_path="C:/ti/TivaWare_C_Series-2.2.0.295" --include_path="U:/CprE288/lab_1" --include_path="C:/ti/ccs1271/ccs/tools/compiler/ti-cgt-arm_20.2.7.LTS/include" --define=ccs="ccs" --define=PART_TM4C123GH6PM -g --gcc --diag_warning=225 --diag_wrap=off --display_error_number --abi=eabi --preproc_with_compile --preproc_dependency="helloworld.d_raw"  "../helloworld.c"
"../helloworld.c", line 65: warning #112-D: statement is unreachable
"../helloworld.c", line 37: warning #179-D: variable "i" was declared but never referenced
Finished building: "../helloworld.c"
 
Building target: "lab_1.out"
Invoking: Arm Linker
"C:/ti/ccs1271/ccs/tools/compiler/ti-cgt-arm_20.2.7.LTS/bin/armcl" -mv7M4 --code_state=16 --float_support=FPv4SPD16 -me --define=ccs="ccs" --define=PART_TM4C123GH6PM -g --gcc --diag_warning=225 --diag_wrap=off --display_error_number --abi=eabi -z -m"lab_1.map" --heap_size=1024 --stack_size=2048 -i"C:/ti/ccs1271/ccs/tools/compiler/ti-cgt-arm_20.2.7.LTS/lib" -i"C:/ti/ccs1271/ccs/tools/compiler/ti-cgt-arm_20.2.7.LTS/include" --reread_libs --diag_wrap=off --display_error_number --warn_sections --xml_link_info="lab_1_linkInfo.xml" --rom_model -o "lab_1.out" "./Timer.obj" "./helloworld.obj" "./lcd.obj" "./tm4c123gh6pm_startup_ccs.obj" "../tm4c123gh6pm.cmd"  -llibc.a -l"C:/ti/TivaWare_C_Series-2.2.0.295/driverlib/ccs/Debug/driverlib.lib" 
<Linking>
Finished building target: "lab_1.out"
 

**** Build Finished ****

**** Build of configuration Debug for project lab_1 ****

"C:\\ti\\ccs1271\\ccs\\utils\\bin\\gmake" -k -j 20 all -O 
 
Building file: "../helloworld.c"
Invoking: Arm Compiler
"C:/ti/ccs1271/ccs/tools/compiler/ti-cgt-arm_20.2.7.LTS/bin/armcl" -mv7M4 --code_state=16 --float_support=FPv4SPD16 -me --include_path="C:/ti/TivaWare_C_Series-2.2.0.295" --include_path="U:/CprE288/lab_1" --include_path="C:/ti/ccs1271/ccs/tools/compiler/ti-cgt-arm_20.2.7.LTS/include" --define=ccs="ccs" --define=PART_TM4C123GH6PM -g --gcc --diag_warning=225 --diag_wrap=off --display_error_number --abi=eabi --preproc_with_compile --preproc_dependency="helloworld.d_raw"  "../helloworld.c"
"../helloworld.c", line 67: warning #112-D: statement is unreachable
"../helloworld.c", line 37: warning #179-D: variable "i" was declared but never referenced
Finished building: "../helloworld.c"
 
Building target: "lab_1.out"
Invoking: Arm Linker
"C:/ti/ccs1271/ccs/tools/compiler/ti-cgt-arm_20.2.7.LTS/bin/armcl" -mv7M4 --code_state=16 --float_support=FPv4SPD16 -me --define=ccs="ccs" --define=PART_TM4C123GH6PM -g --gcc --diag_warning=225 --diag_wrap=off --display_error_number --abi=eabi -z -m"lab_1.map" --heap_size=1024 --stack_size=2048 -i"C:/ti/ccs1271/ccs/tools/compiler/ti-cgt-arm_20.2.7.LTS/lib" -i"C:/ti/ccs1271/ccs/tools/compiler/ti-cgt-arm_20.2.7.LTS/include" --reread_libs --diag_wrap=off --display_error_number --warn_sections --xml_link_info="lab_1_linkInfo.xml" --rom_model -o "lab_1.out" "./Timer.obj" "./helloworld.obj" "./lcd.obj" "./tm4c123gh6pm_startup_ccs.obj" "../tm4c123gh6pm.cmd"  -llibc.a -l"C:/ti/TivaWare_C_Series-2.2.0.295/driverlib/ccs/Debug/driverlib.lib" 
<Linking>
Finished building target: "lab_1.out"
 

**** Build Finished ****

**** Build of configuration Debug for project lab_1 ****

"C:\\ti\\ccs1271\\ccs\\utils\\bin\\gmake" -k -j 20 all -O 
 
Building file: "../helloworld.c"
Invoking: Arm Compiler
"C:/ti/ccs1271/ccs/tools/compiler/ti-cgt-arm_20.2.7.LTS/bin/armcl" -mv7M4 --code_state=16 --float_support=FPv4SPD16 -me --include_path="C:/ti/TivaWare_C_Series-2.2.0.295" --include_path="U:/CprE288/lab_1" --include_path="C:/ti/ccs1271/ccs/tools/compiler/ti-cgt-arm_20.2.7.LTS/include" --define=ccs="ccs" --define=PART_TM4C123GH6PM -g --gcc --diag_warning=225 --diag_wrap=off --display_error_number --abi=eabi --preproc_with_compile --preproc_dependency="helloworld.d_raw"  "../helloworld.c"
"../helloworld.c", line 67: warning #112-D: statement is unreachable
"../helloworld.c", line 37: warning #179-D: variable "i" was declared but never referenced
Finished building: "../helloworld.c"
 
Building target: "lab_1.out"
Invoking: Arm Linker
"C:/ti/ccs1271/ccs/tools/compiler/ti-cgt-arm_20.2.7.LTS/bin/armcl" -mv7M4 --code_state=16 --float_support=FPv4SPD16 -me --define=ccs="ccs" --define=PART_TM4C123GH6PM -g --gcc --diag_warning=225 --diag_wrap=off --display_error_number --abi=eabi -z -m"lab_1.map" --heap_size=1024 --stack_size=2048 -i"C:/ti/ccs1271/ccs/tools/compiler/ti-cgt-arm_20.2.7.LTS/lib" -i"C:/ti/ccs1271/ccs/tools/compiler/ti-cgt-arm_20.2.7.LTS/include" --reread_libs --diag_wrap=off --display_error_number --warn_sections --xml_link_info="lab_1_linkInfo.xml" --rom_model -o "lab_1.out" "./Timer.obj" "./helloworld.obj" "./lcd.obj" "./tm4c123gh6pm_startup_ccs.obj" "../tm4c123gh6pm.cmd"  -llibc.a -l"C:/ti/TivaWare_C_Series-2.2.0.295/driverlib/ccs/Debug/driverlib.lib" 
<Linking>
Finished building target: "lab_1.out"
 

**** Build Finished ****

**** Build of configuration Debug for project lab_1 ****

"C:\\ti\\ccs1271\\ccs\\utils\\bin\\gmake" -k -j 20 all -O 
 
Building file: "../helloworld.c"
Invoking: Arm Compiler
"C:/ti/ccs1271/ccs/tools/compiler/ti-cgt-arm_20.2.7.LTS/bin/armcl" -mv7M4 --code_state=16 --float_support=FPv4SPD16 -me --include_path="C:/ti/TivaWare_C_Series-2.2.0.295" --include_path="U:/CprE288/lab_1" --include_path="C:/ti/ccs1271/ccs/tools/compiler/ti-cgt-arm_20.2.7.LTS/include" --define=ccs="ccs" --define=PART_TM4C123GH6PM -g --gcc --diag_warning=225 --diag_wrap=off --display_error_number --abi=eabi --preproc_with_compile --preproc_dependency="helloworld.d_raw"  "../helloworld.c"
 
>> Compilation failure
subdir_rules.mk:9: recipe for target 'helloworld.obj' failed
"../helloworld.c", line 45: error #66: expected a ";"
"../helloworld.c", line 69: warning #112-D: statement is unreachable
1 error detected in the compilation of "../helloworld.c".
gmake: *** [helloworld.obj] Error 1
gmake: Target 'all' not remade because of errors.

**** Build Finished ****

**** Build of configuration Debug for project lab_1 ****

"C:\\ti\\ccs1271\\ccs\\utils\\bin\\gmake" -k -j 20 all -O 
 
Building file: "../helloworld.c"
Invoking: Arm Compiler
"C:/ti/ccs1271/ccs/tools/compiler/ti-cgt-arm_20.2.7.LTS/bin/armcl" -mv7M4 --code_state=16 --float_support=FPv4SPD16 -me --include_path="C:/ti/TivaWare_C_Series-2.2.0.295" --include_path="U:/CprE288/lab_1" --include_path="C:/ti/ccs1271/ccs/tools/compiler/ti-cgt-arm_20.2.7.LTS/include" --define=ccs="ccs" --define=PART_TM4C123GH6PM -g --gcc --diag_warning=225 --diag_wrap=off --display_error_number --abi=eabi --preproc_with_compile --preproc_dependency="helloworld.d_raw"  "../helloworld.c"
"../helloworld.c", line 69: warning #112-D: statement is unreachable
Finished building: "../helloworld.c"
 
Building target: "lab_1.out"
Invoking: Arm Linker
"C:/ti/ccs1271/ccs/tools/compiler/ti-cgt-arm_20.2.7.LTS/bin/armcl" -mv7M4 --code_state=16 --float_support=FPv4SPD16 -me --define=ccs="ccs" --define=PART_TM4C123GH6PM -g --gcc --diag_warning=225 --diag_wrap=off --display_error_number --abi=eabi -z -m"lab_1.map" --heap_size=1024 --stack_size=2048 -i"C:/ti/ccs1271/ccs/tools/compiler/ti-cgt-arm_20.2.7.LTS/lib" -i"C:/ti/ccs1271/ccs/tools/compiler/ti-cgt-arm_20.2.7.LTS/include" --reread_libs --diag_wrap=off --display_error_number --warn_sections --xml_link_info="lab_1_linkInfo.xml" --rom_model -o "lab_1.out" "./Timer.obj" "./helloworld.obj" "./lcd.obj" "./tm4c123gh6pm_startup_ccs.obj" "../tm4c123gh6pm.cmd"  -llibc.a -l"C:/ti/TivaWare_C_Series-2.2.0.295/driverlib/ccs/Debug/driverlib.lib" 
<Linking>
Finished building target: "lab_1.out"
 

**** Build Finished ****

**** Build of configuration Debug for project lab_1 ****

"C:\\ti\\ccs1271\\ccs\\utils\\bin\\gmake" -k -j 20 all -O 
 
Building file: "../helloworld.c"
Invoking: Arm Compiler
"C:/ti/ccs1271/ccs/tools/compiler/ti-cgt-arm_20.2.7.LTS/bin/armcl" -mv7M4 --code_state=16 --float_support=FPv4SPD16 -me --include_path="C:/ti/TivaWare_C_Series-2.2.0.295" --include_path="U:/CprE288/lab_1" --include_path="C:/ti/ccs1271/ccs/tools/compiler/ti-cgt-arm_20.2.7.LTS/include" --define=ccs="ccs" --define=PART_TM4C123GH6PM -g --gcc --diag_warning=225 --diag_wrap=off --display_error_number --abi=eabi --preproc_with_compile --preproc_dependency="helloworld.d_raw"  "../helloworld.c"
 
>> Compilation failure
subdir_rules.mk:9: recipe for target 'helloworld.obj' failed
"../helloworld.c", line 53: error #20: identifier "i" is undefined
"../helloworld.c", line 70: warning #112-D: statement is unreachable
1 error detected in the compilation of "../helloworld.c".
gmake: *** [helloworld.obj] Error 1
gmake: Target 'all' not remade because of errors.

**** Build Finished ****

**** Build of configuration Debug for project lab_1 ****

"C:\\ti\\ccs1271\\ccs\\utils\\bin\\gmake" -k -j 20 all -O 
 
Building file: "../helloworld.c"
Invoking: Arm Compiler
"C:/ti/ccs1271/ccs/tools/compiler/ti-cgt-arm_20.2.7.LTS/bin/armcl" -mv7M4 --code_state=16 --float_support=FPv4SPD16 -me --include_path="C:/ti/TivaWare_C_Series-2.2.0.295" --include_path="U:/CprE288/lab_1" --include_path="C:/ti/ccs1271/ccs/tools/compiler/ti-cgt-arm_20.2.7.LTS/include" --define=ccs="ccs" --define=PART_TM4C123GH6PM -g --gcc --diag_warning=225 --diag_wrap=off --display_error_number --abi=eabi --preproc_with_compile --preproc_dependency="helloworld.d_raw"  "../helloworld.c"
"../helloworld.c", line 72: warning #112-D: statement is unreachable
Finished building: "../helloworld.c"
 
Building target: "lab_1.out"
Invoking: Arm Linker
"C:/ti/ccs1271/ccs/tools/compiler/ti-cgt-arm_20.2.7.LTS/bin/armcl" -mv7M4 --code_state=16 --float_support=FPv4SPD16 -me --define=ccs="ccs" --define=PART_TM4C123GH6PM -g --gcc --diag_warning=225 --diag_wrap=off --display_error_number --abi=eabi -z -m"lab_1.map" --heap_size=1024 --stack_size=2048 -i"C:/ti/ccs1271/ccs/tools/compiler/ti-cgt-arm_20.2.7.LTS/lib" -i"C:/ti/ccs1271/ccs/tools/compiler/ti-cgt-arm_20.2.7.LTS/include" --reread_libs --diag_wrap=off --display_error_number --warn_sections --xml_link_info="lab_1_linkInfo.xml" --rom_model -o "lab_1.out" "./Timer.obj" "./helloworld.obj" "./lcd.obj" "./tm4c123gh6pm_startup_ccs.obj" "../tm4c123gh6pm.cmd"  -llibc.a -l"C:/ti/TivaWare_C_Series-2.2.0.295/driverlib/ccs/Debug/driverlib.lib" 
<Linking>
Finished building target: "lab_1.out"
 

**** Build Finished ****

**** Build of configuration Debug for project lab_1 ****

"C:\\ti\\ccs1271\\ccs\\utils\\bin\\gmake" -k -j 20 all -O 
 
Building file: "../helloworld.c"
Invoking: Arm Compiler
"C:/ti/ccs1271/ccs/tools/compiler/ti-cgt-arm_20.2.7.LTS/bin/armcl" -mv7M4 --code_state=16 --float_support=FPv4SPD16 -me --include_path="C:/ti/TivaWare_C_Series-2.2.0.295" --include_path="U:/CprE288/lab_1" --include_path="C:/ti/ccs1271/ccs/tools/compiler/ti-cgt-arm_20.2.7.LTS/include" --define=ccs="ccs" --define=PART_TM4C123GH6PM -g --gcc --diag_warning=225 --diag_wrap=off --display_error_number --abi=eabi --preproc_with_compile --preproc_dependency="helloworld.d_raw"  "../helloworld.c"
"../helloworld.c", line 72: warning #112-D: statement is unreachable
Finished building: "../helloworld.c"
 
Building target: "lab_1.out"
Invoking: Arm Linker
"C:/ti/ccs1271/ccs/tools/compiler/ti-cgt-arm_20.2.7.LTS/bin/armcl" -mv7M4 --code_state=16 --float_support=FPv4SPD16 -me --define=ccs="ccs" --define=PART_TM4C123GH6PM -g --gcc --diag_warning=225 --diag_wrap=off --display_error_number --abi=eabi -z -m"lab_1.map" --heap_size=1024 --stack_size=2048 -i"C:/ti/ccs1271/ccs/tools/compiler/ti-cgt-arm_20.2.7.LTS/lib" -i"C:/ti/ccs1271/ccs/tools/compiler/ti-cgt-arm_20.2.7.LTS/include" --reread_libs --diag_wrap=off --display_error_number --warn_sections --xml_link_info="lab_1_linkInfo.xml" --rom_model -o "lab_1.out" "./Timer.obj" "./helloworld.obj" "./lcd.obj" "./tm4c123gh6pm_startup_ccs.obj" "../tm4c123gh6pm.cmd"  -llibc.a -l"C:/ti/TivaWare_C_Series-2.2.0.295/driverlib/ccs/Debug/driverlib.lib" 
<Linking>
Finished building target: "lab_1.out"
 

**** Build Finished ****

**** Build of configuration Debug for project lab_1 ****

"C:\\ti\\ccs1271\\ccs\\utils\\bin\\gmake" -k -j 20 all -O 
 
Building file: "../helloworld.c"
Invoking: Arm Compiler
"C:/ti/ccs1271/ccs/tools/compiler/ti-cgt-arm_20.2.7.LTS/bin/armcl" -mv7M4 --code_state=16 --float_support=FPv4SPD16 -me --include_path="C:/ti/TivaWare_C_Series-2.2.0.295" --include_path="U:/CprE288/lab_1" --include_path="C:/ti/ccs1271/ccs/tools/compiler/ti-cgt-arm_20.2.7.LTS/include" --define=ccs="ccs" --define=PART_TM4C123GH6PM -g --gcc --diag_warning=225 --diag_wrap=off --display_error_number --abi=eabi --preproc_with_compile --preproc_dependency="helloworld.d_raw"  "../helloworld.c"
"../helloworld.c", line 72: warning #112-D: statement is unreachable
Finished building: "../helloworld.c"
 
Building target: "lab_1.out"
Invoking: Arm Linker
"C:/ti/ccs1271/ccs/tools/compiler/ti-cgt-arm_20.2.7.LTS/bin/armcl" -mv7M4 --code_state=16 --float_support=FPv4SPD16 -me --define=ccs="ccs" --define=PART_TM4C123GH6PM -g --gcc --diag_warning=225 --diag_wrap=off --display_error_number --abi=eabi -z -m"lab_1.map" --heap_size=1024 --stack_size=2048 -i"C:/ti/ccs1271/ccs/tools/compiler/ti-cgt-arm_20.2.7.LTS/lib" -i"C:/ti/ccs1271/ccs/tools/compiler/ti-cgt-arm_20.2.7.LTS/include" --reread_libs --diag_wrap=off --display_error_number --warn_sections --xml_link_info="lab_1_linkInfo.xml" --rom_model -o "lab_1.out" "./Timer.obj" "./helloworld.obj" "./lcd.obj" "./tm4c123gh6pm_startup_ccs.obj" "../tm4c123gh6pm.cmd"  -llibc.a -l"C:/ti/TivaWare_C_Series-2.2.0.295/driverlib/ccs/Debug/driverlib.lib" 
<Linking>
Finished building target: "lab_1.out"
 

**** Build Finished ****

**** Build of configuration Debug for project lab_1 ****

"C:\\ti\\ccs1271\\ccs\\utils\\bin\\gmake" -k -j 20 all -O 
 
Building file: "../helloworld.c"
Invoking: Arm Compiler
"C:/ti/ccs1271/ccs/tools/compiler/ti-cgt-arm_20.2.7.LTS/bin/armcl" -mv7M4 --code_state=16 --float_support=FPv4SPD16 -me --include_path="C:/ti/TivaWare_C_Series-2.2.0.295" --include_path="U:/CprE288/lab_1" --include_path="C:/ti/ccs1271/ccs/tools/compiler/ti-cgt-arm_20.2.7.LTS/include" --define=ccs="ccs" --define=PART_TM4C123GH6PM -g --gcc --diag_warning=225 --diag_wrap=off --display_error_number --abi=eabi --preproc_with_compile --preproc_dependency="helloworld.d_raw"  "../helloworld.c"
 
>> Compilation failure
subdir_rules.mk:9: recipe for target 'helloworld.obj' failed
"../helloworld.c", line 57: error #20: identifier "len" is undefined
"../helloworld.c", line 68: warning #112-D: statement is unreachable
1 error detected in the compilation of "../helloworld.c".
gmake: *** [helloworld.obj] Error 1
gmake: Target 'all' not remade because of errors.

**** Build Finished ****

**** Build of configuration Debug for project lab_1 ****

"C:\\ti\\ccs1271\\ccs\\utils\\bin\\gmake" -k -j 20 all -O 
 
Building file: "../helloworld.c"
Invoking: Arm Compiler
"C:/ti/ccs1271/ccs/tools/compiler/ti-cgt-arm_20.2.7.LTS/bin/armcl" -mv7M4 --code_state=16 --float_support=FPv4SPD16 -me --include_path="C:/ti/TivaWare_C_Series-2.2.0.295" --include_path="U:/CprE288/lab_1" --include_path="C:/ti/ccs1271/ccs/tools/compiler/ti-cgt-arm_20.2.7.LTS/include" --define=ccs="ccs" --define=PART_TM4C123GH6PM -g --gcc --diag_warning=225 --diag_wrap=off --display_error_number --abi=eabi --preproc_with_compile --preproc_dependency="helloworld.d_raw"  "../helloworld.c"
"../helloworld.c", line 70: warning #112-D: statement is unreachable
Finished building: "../helloworld.c"
 
Building target: "lab_1.out"
Invoking: Arm Linker
"C:/ti/ccs1271/ccs/tools/compiler/ti-cgt-arm_20.2.7.LTS/bin/armcl" -mv7M4 --code_state=16 --float_support=FPv4SPD16 -me --define=ccs="ccs" --define=PART_TM4C123GH6PM -g --gcc --diag_warning=225 --diag_wrap=off --display_error_number --abi=eabi -z -m"lab_1.map" --heap_size=1024 --stack_size=2048 -i"C:/ti/ccs1271/ccs/tools/compiler/ti-cgt-arm_20.2.7.LTS/lib" -i"C:/ti/ccs1271/ccs/tools/compiler/ti-cgt-arm_20.2.7.LTS/include" --reread_libs --diag_wrap=off --display_error_number --warn_sections --xml_link_info="lab_1_linkInfo.xml" --rom_model -o "lab_1.out" "./Timer.obj" "./helloworld.obj" "./lcd.obj" "./tm4c123gh6pm_startup_ccs.obj" "../tm4c123gh6pm.cmd"  -llibc.a -l"C:/ti/TivaWare_C_Series-2.2.0.295/driverlib/ccs/Debug/driverlib.lib" 
<Linking>
Finished building target: "lab_1.out"
 

**** Build Finished ****

**** Build of configuration Debug for project lab_1 ****

"C:\\ti\\ccs1271\\ccs\\utils\\bin\\gmake" -k -j 20 all -O 
 
Building file: "../helloworld.c"
Invoking: Arm Compiler
"C:/ti/ccs1271/ccs/tools/compiler/ti-cgt-arm_20.2.7.LTS/bin/armcl" -mv7M4 --code_state=16 --float_support=FPv4SPD16 -me --include_path="C:/ti/TivaWare_C_Series-2.2.0.295" --include_path="U:/CprE288/lab_1" --include_path="C:/ti/ccs1271/ccs/tools/compiler/ti-cgt-arm_20.2.7.LTS/include" --define=ccs="ccs" --define=PART_TM4C123GH6PM -g --gcc --diag_warning=225 --diag_wrap=off --display_error_number --abi=eabi --preproc_with_compile --preproc_dependency="helloworld.d_raw"  "../helloworld.c"
"../helloworld.c", line 72: warning #112-D: statement is unreachable
Finished building: "../helloworld.c"
 
Building target: "lab_1.out"
Invoking: Arm Linker
"C:/ti/ccs1271/ccs/tools/compiler/ti-cgt-arm_20.2.7.LTS/bin/armcl" -mv7M4 --code_state=16 --float_support=FPv4SPD16 -me --define=ccs="ccs" --define=PART_TM4C123GH6PM -g --gcc --diag_warning=225 --diag_wrap=off --display_error_number --abi=eabi -z -m"lab_1.map" --heap_size=1024 --stack_size=2048 -i"C:/ti/ccs1271/ccs/tools/compiler/ti-cgt-arm_20.2.7.LTS/lib" -i"C:/ti/ccs1271/ccs/tools/compiler/ti-cgt-arm_20.2.7.LTS/include" --reread_libs --diag_wrap=off --display_error_number --warn_sections --xml_link_info="lab_1_linkInfo.xml" --rom_model -o "lab_1.out" "./Timer.obj" "./helloworld.obj" "./lcd.obj" "./tm4c123gh6pm_startup_ccs.obj" "../tm4c123gh6pm.cmd"  -llibc.a -l"C:/ti/TivaWare_C_Series-2.2.0.295/driverlib/ccs/Debug/driverlib.lib" 
<Linking>
Finished building target: "lab_1.out"
 

**** Build Finished ****

**** Build of configuration Debug for project lab_1 ****

"C:\\ti\\ccs1271\\ccs\\utils\\bin\\gmake" -k -j 20 all -O 
 
Building file: "../helloworld.c"
Invoking: Arm Compiler
"C:/ti/ccs1271/ccs/tools/compiler/ti-cgt-arm_20.2.7.LTS/bin/armcl" -mv7M4 --code_state=16 --float_support=FPv4SPD16 -me --include_path="C:/ti/TivaWare_C_Series-2.2.0.295" --include_path="U:/CprE288/lab_1" --include_path="C:/ti/ccs1271/ccs/tools/compiler/ti-cgt-arm_20.2.7.LTS/include" --define=ccs="ccs" --define=PART_TM4C123GH6PM -g --gcc --diag_warning=225 --diag_wrap=off --display_error_number --abi=eabi --preproc_with_compile --preproc_dependency="helloworld.d_raw"  "../helloworld.c"
"../helloworld.c", line 72: warning #112-D: statement is unreachable
Finished building: "../helloworld.c"
 
Building target: "lab_1.out"
Invoking: Arm Linker
"C:/ti/ccs1271/ccs/tools/compiler/ti-cgt-arm_20.2.7.LTS/bin/armcl" -mv7M4 --code_state=16 --float_support=FPv4SPD16 -me --define=ccs="ccs" --define=PART_TM4C123GH6PM -g --gcc --diag_warning=225 --diag_wrap=off --display_error_number --abi=eabi -z -m"lab_1.map" --heap_size=1024 --stack_size=2048 -i"C:/ti/ccs1271/ccs/tools/compiler/ti-cgt-arm_20.2.7.LTS/lib" -i"C:/ti/ccs1271/ccs/tools/compiler/ti-cgt-arm_20.2.7.LTS/include" --reread_libs --diag_wrap=off --display_error_number --warn_sections --xml_link_info="lab_1_linkInfo.xml" --rom_model -o "lab_1.out" "./Timer.obj" "./helloworld.obj" "./lcd.obj" "./tm4c123gh6pm_startup_ccs.obj" "../tm4c123gh6pm.cmd"  -llibc.a -l"C:/ti/TivaWare_C_Series-2.2.0.295/driverlib/ccs/Debug/driverlib.lib" 
<Linking>
Finished building target: "lab_1.out"
 

**** Build Finished ****

**** Clean-only build of configuration Debug for project lab_2 ****

"C:\\ti\\ccs1271\\ccs\\utils\\bin\\gmake" -k -j 20 clean -O 
 
DEL /F  "lab_2.out" 
DEL /F "Timer.obj" "lcd.obj" "main.obj" "movement.obj" "open_interface.obj" "tm4c123gh6pm_startup_ccs.obj" 
DEL /F "Timer.d" "lcd.d" "main.d" "movement.d" "open_interface.d" "tm4c123gh6pm_startup_ccs.d" 
Finished clean
 

**** Build Finished ****

**** Build of configuration Debug for project lab_2 ****

"C:\\ti\\ccs1271\\ccs\\utils\\bin\\gmake" -k -j 20 all -O 
 
Building file: "../Timer.c"
Invoking: Arm Compiler
"C:/ti/ccs1271/ccs/tools/compiler/ti-cgt-arm_20.2.7.LTS/bin/armcl" -mv7M4 --code_state=16 --float_support=FPv4SPD16 -me --include_path="U:/CprE288/lab_2" --include_path="C:/ti/TivaWare_C_Series-2.2.0.295" --include_path="C:/ti/ccs1271/ccs/tools/compiler/ti-cgt-arm_20.2.7.LTS/include" --define=ccs="ccs" --define=PART_TM4C123GH6PM -g --gcc --diag_warning=225 --diag_wrap=off --display_error_number --abi=eabi --preproc_with_compile --preproc_dependency="Timer.d_raw"  "../Timer.c"
Finished building: "../Timer.c"
 
Building file: "../lcd.c"
Invoking: Arm Compiler
"C:/ti/ccs1271/ccs/tools/compiler/ti-cgt-arm_20.2.7.LTS/bin/armcl" -mv7M4 --code_state=16 --float_support=FPv4SPD16 -me --include_path="U:/CprE288/lab_2" --include_path="C:/ti/TivaWare_C_Series-2.2.0.295" --include_path="C:/ti/ccs1271/ccs/tools/compiler/ti-cgt-arm_20.2.7.LTS/include" --define=ccs="ccs" --define=PART_TM4C123GH6PM -g --gcc --diag_warning=225 --diag_wrap=off --display_error_number --abi=eabi --preproc_with_compile --preproc_dependency="lcd.d_raw"  "../lcd.c"
Finished building: "../lcd.c"
 
Building file: "../tm4c123gh6pm_startup_ccs.c"
Invoking: Arm Compiler
"C:/ti/ccs1271/ccs/tools/compiler/ti-cgt-arm_20.2.7.LTS/bin/armcl" -mv7M4 --code_state=16 --float_support=FPv4SPD16 -me --include_path="U:/CprE288/lab_2" --include_path="C:/ti/TivaWare_C_Series-2.2.0.295" --include_path="C:/ti/ccs1271/ccs/tools/compiler/ti-cgt-arm_20.2.7.LTS/include" --define=ccs="ccs" --define=PART_TM4C123GH6PM -g --gcc --diag_warning=225 --diag_wrap=off --display_error_number --abi=eabi --preproc_with_compile --preproc_dependency="tm4c123gh6pm_startup_ccs.d_raw"  "../tm4c123gh6pm_startup_ccs.c"
Finished building: "../tm4c123gh6pm_startup_ccs.c"
 
Building file: "../main.c"
Invoking: Arm Compiler
"C:/ti/ccs1271/ccs/tools/compiler/ti-cgt-arm_20.2.7.LTS/bin/armcl" -mv7M4 --code_state=16 --float_support=FPv4SPD16 -me --include_path="U:/CprE288/lab_2" --include_path="C:/ti/TivaWare_C_Series-2.2.0.295" --include_path="C:/ti/ccs1271/ccs/tools/compiler/ti-cgt-arm_20.2.7.LTS/include" --define=ccs="ccs" --define=PART_TM4C123GH6PM -g --gcc --diag_warning=225 --diag_wrap=off --display_error_number --abi=eabi --preproc_with_compile --preproc_dependency="main.d_raw"  "../main.c"
"../main.c", line 45: warning #225-D: function "move_forward" declared implicitly
"../main.c", line 46: warning #225-D: function "turn_cw" declared implicitly
"../main.c", line 59: warning #225-D: function "move_forward" declared implicitly
Finished building: "../main.c"
 
Building file: "../movement.c"
Invoking: Arm Compiler
"C:/ti/ccs1271/ccs/tools/compiler/ti-cgt-arm_20.2.7.LTS/bin/armcl" -mv7M4 --code_state=16 --float_support=FPv4SPD16 -me --include_path="U:/CprE288/lab_2" --include_path="C:/ti/TivaWare_C_Series-2.2.0.295" --include_path="C:/ti/ccs1271/ccs/tools/compiler/ti-cgt-arm_20.2.7.LTS/include" --define=ccs="ccs" --define=PART_TM4C123GH6PM -g --gcc --diag_warning=225 --diag_wrap=off --display_error_number --abi=eabi --preproc_with_compile --preproc_dependency="movement.d_raw"  "../movement.c"
"../movement.c", line 18: warning #238-D: controlling expression is constant
"../movement.c", line 18: warning #238-D: controlling expression is constant
Finished building: "../movement.c"
 
Building file: "../open_interface.c"
Invoking: Arm Compiler
"C:/ti/ccs1271/ccs/tools/compiler/ti-cgt-arm_20.2.7.LTS/bin/armcl" -mv7M4 --code_state=16 --float_support=FPv4SPD16 -me --include_path="U:/CprE288/lab_2" --include_path="C:/ti/TivaWare_C_Series-2.2.0.295" --include_path="C:/ti/ccs1271/ccs/tools/compiler/ti-cgt-arm_20.2.7.LTS/include" --define=ccs="ccs" --define=PART_TM4C123GH6PM -g --gcc --diag_warning=225 --diag_wrap=off --display_error_number --abi=eabi --preproc_with_compile --preproc_dependency="open_interface.d_raw"  "../open_interface.c"
"../open_interface.c", line 356: warning #179-D: variable "charging_state" was declared but never referenced
Finished building: "../open_interface.c"
 
Building target: "lab_2.out"
Invoking: Arm Linker
"C:/ti/ccs1271/ccs/tools/compiler/ti-cgt-arm_20.2.7.LTS/bin/armcl" -mv7M4 --code_state=16 --float_support=FPv4SPD16 -me --define=ccs="ccs" --define=PART_TM4C123GH6PM -g --gcc --diag_warning=225 --diag_wrap=off --display_error_number --abi=eabi -z -m"lab_2.map" --heap_size=1024 --stack_size=2048 -i"C:/ti/ccs1271/ccs/tools/compiler/ti-cgt-arm_20.2.7.LTS/lib" -i"C:/ti/ccs1271/ccs/tools/compiler/ti-cgt-arm_20.2.7.LTS/include" --reread_libs --diag_wrap=off --display_error_number --warn_sections --xml_link_info="lab_2_linkInfo.xml" --rom_model -o "lab_2.out" "./Timer.obj" "./lcd.obj" "./main.obj" "./movement.obj" "./open_interface.obj" "./tm4c123gh6pm_startup_ccs.obj" "../libcybotUART.lib" "../tm4c123gh6pm.cmd"  -llibc.a -l"C:/ti/TivaWare_C_Series-2.2.0.295/driverlib/ccs/Debug/driverlib.lib" 
<Linking>
Finished building target: "lab_2.out"
 

**** Build Finished ****

**** Build of configuration Debug for project lab_2 ****

"C:\\ti\\ccs1271\\ccs\\utils\\bin\\gmake" -k -j 20 all -O 
 
Building file: "../main.c"
Invoking: Arm Compiler
"C:/ti/ccs1271/ccs/tools/compiler/ti-cgt-arm_20.2.7.LTS/bin/armcl" -mv7M4 --code_state=16 --float_support=FPv4SPD16 -me --include_path="U:/CprE288/lab_2" --include_path="C:/ti/TivaWare_C_Series-2.2.0.295" --include_path="C:/ti/ccs1271/ccs/tools/compiler/ti-cgt-arm_20.2.7.LTS/include" --define=ccs="ccs" --define=PART_TM4C123GH6PM -g --gcc --diag_warning=225 --diag_wrap=off --display_error_number --abi=eabi --preproc_with_compile --preproc_dependency="main.d_raw"  "../main.c"
"../main.c", line 45: warning #225-D: function "move_forward" declared implicitly
"../main.c", line 46: warning #225-D: function "turn_cw" declared implicitly
"../main.c", line 59: warning #225-D: function "move_forward" declared implicitly
Finished building: "../main.c"
 
Building target: "lab_2.out"
Invoking: Arm Linker
"C:/ti/ccs1271/ccs/tools/compiler/ti-cgt-arm_20.2.7.LTS/bin/armcl" -mv7M4 --code_state=16 --float_support=FPv4SPD16 -me --define=ccs="ccs" --define=PART_TM4C123GH6PM -g --gcc --diag_warning=225 --diag_wrap=off --display_error_number --abi=eabi -z -m"lab_2.map" --heap_size=1024 --stack_size=2048 -i"C:/ti/ccs1271/ccs/tools/compiler/ti-cgt-arm_20.2.7.LTS/lib" -i"C:/ti/ccs1271/ccs/tools/compiler/ti-cgt-arm_20.2.7.LTS/include" --reread_libs --diag_wrap=off --display_error_number --warn_sections --xml_link_info="lab_2_linkInfo.xml" --rom_model -o "lab_2.out" "./Timer.obj" "./lcd.obj" "./main.obj" "./movement.obj" "./open_interface.obj" "./tm4c123gh6pm_startup_ccs.obj" "../libcybotUART.lib" "../tm4c123gh6pm.cmd"  -llibc.a -l"C:/ti/TivaWare_C_Series-2.2.0.295/driverlib/ccs/Debug/driverlib.lib" 
<Linking>
Finished building target: "lab_2.out"
 

**** Build Finished ****

**** Build of configuration Debug for project lab_2 ****

"C:\\ti\\ccs1271\\ccs\\utils\\bin\\gmake" -k -j 20 all -O 
 
gmake[1]: 'lab_2.out' is up to date.

**** Build Finished ****

**** Build of configuration Debug for project lab_2 ****

"C:\\ti\\ccs1271\\ccs\\utils\\bin\\gmake" -k -j 20 all -O 
 
Building file: "../movement.c"
Invoking: Arm Compiler
"C:/ti/ccs1271/ccs/tools/compiler/ti-cgt-arm_20.2.7.LTS/bin/armcl" -mv7M4 --code_state=16 --float_support=FPv4SPD16 -me --include_path="U:/CprE288/lab_2" --include_path="C:/ti/TivaWare_C_Series-2.2.0.295" --include_path="C:/ti/ccs1271/ccs/tools/compiler/ti-cgt-arm_20.2.7.LTS/include" --define=ccs="ccs" --define=PART_TM4C123GH6PM -g --gcc --diag_warning=225 --diag_wrap=off --display_error_number --abi=eabi --preproc_with_compile --preproc_dependency="movement.d_raw"  "../movement.c"
"../movement.c", line 18: warning #238-D: controlling expression is constant
"../movement.c", line 18: warning #238-D: controlling expression is constant
Finished building: "../movement.c"
 
Building target: "lab_2.out"
Invoking: Arm Linker
"C:/ti/ccs1271/ccs/tools/compiler/ti-cgt-arm_20.2.7.LTS/bin/armcl" -mv7M4 --code_state=16 --float_support=FPv4SPD16 -me --define=ccs="ccs" --define=PART_TM4C123GH6PM -g --gcc --diag_warning=225 --diag_wrap=off --display_error_number --abi=eabi -z -m"lab_2.map" --heap_size=1024 --stack_size=2048 -i"C:/ti/ccs1271/ccs/tools/compiler/ti-cgt-arm_20.2.7.LTS/lib" -i"C:/ti/ccs1271/ccs/tools/compiler/ti-cgt-arm_20.2.7.LTS/include" --reread_libs --diag_wrap=off --display_error_number --warn_sections --xml_link_info="lab_2_linkInfo.xml" --rom_model -o "lab_2.out" "./Timer.obj" "./lcd.obj" "./main.obj" "./movement.obj" "./open_interface.obj" "./tm4c123gh6pm_startup_ccs.obj" "../libcybotUART.lib" "../tm4c123gh6pm.cmd"  -llibc.a -l"C:/ti/TivaWare_C_Series-2.2.0.295/driverlib/ccs/Debug/driverlib.lib" 
<Linking>
Finished building target: "lab_2.out"
 

**** Build Finished ****

**** Build of configuration Debug for project lab_2 ****

"C:\\ti\\ccs1271\\ccs\\utils\\bin\\gmake" -k -j 20 all -O 
 
gmake[1]: 'lab_2.out' is up to date.

**** Build Finished ****

**** Build of configuration Debug for project lab_2 ****

"C:\\ti\\ccs1271\\ccs\\utils\\bin\\gmake" -k -j 20 all -O 
 
Building file: "../movement.c"
Invoking: Arm Compiler
"C:/ti/ccs1271/ccs/tools/compiler/ti-cgt-arm_20.2.7.LTS/bin/armcl" -mv7M4 --code_state=16 --float_support=FPv4SPD16 -me --include_path="U:/CprE288/lab_2" --include_path="C:/ti/TivaWare_C_Series-2.2.0.295" --include_path="C:/ti/ccs1271/ccs/tools/compiler/ti-cgt-arm_20.2.7.LTS/include" --define=ccs="ccs" --define=PART_TM4C123GH6PM -g --gcc --diag_warning=225 --diag_wrap=off --display_error_number --abi=eabi --preproc_with_compile --preproc_dependency="movement.d_raw"  "../movement.c"
Finished building: "../movement.c"
 
Building target: "lab_2.out"
Invoking: Arm Linker
"C:/ti/ccs1271/ccs/tools/compiler/ti-cgt-arm_20.2.7.LTS/bin/armcl" -mv7M4 --code_state=16 --float_support=FPv4SPD16 -me --define=ccs="ccs" --define=PART_TM4C123GH6PM -g --gcc --diag_warning=225 --diag_wrap=off --display_error_number --abi=eabi -z -m"lab_2.map" --heap_size=1024 --stack_size=2048 -i"C:/ti/ccs1271/ccs/tools/compiler/ti-cgt-arm_20.2.7.LTS/lib" -i"C:/ti/ccs1271/ccs/tools/compiler/ti-cgt-arm_20.2.7.LTS/include" --reread_libs --diag_wrap=off --display_error_number --warn_sections --xml_link_info="lab_2_linkInfo.xml" --rom_model -o "lab_2.out" "./Timer.obj" "./lcd.obj" "./main.obj" "./movement.obj" "./open_interface.obj" "./tm4c123gh6pm_startup_ccs.obj" "../libcybotUART.lib" "../tm4c123gh6pm.cmd"  -llibc.a -l"C:/ti/TivaWare_C_Series-2.2.0.295/driverlib/ccs/Debug/driverlib.lib" 
<Linking>
Finished building target: "lab_2.out"
 

**** Build Finished ****

**** Build of configuration Debug for project lab_2 ****

"C:\\ti\\ccs1271\\ccs\\utils\\bin\\gmake" -k -j 20 all -O 
 
gmake[1]: 'lab_2.out' is up to date.

**** Build Finished ****

**** Build of configuration Debug for project lab_2 ****

"C:\\ti\\ccs1271\\ccs\\utils\\bin\\gmake" -k -j 20 all -O 
 
gmake[1]: 'lab_2.out' is up to date.

**** Build Finished ****

**** Build of configuration Debug for project lab_2 ****

"C:\\ti\\ccs1271\\ccs\\utils\\bin\\gmake" -k -j 20 all -O 
 
Building file: "../movement.c"
Invoking: Arm Compiler
"C:/ti/ccs1271/ccs/tools/compiler/ti-cgt-arm_20.2.7.LTS/bin/armcl" -mv7M4 --code_state=16 --float_support=FPv4SPD16 -me --include_path="U:/CprE288/lab_2" --include_path="C:/ti/TivaWare_C_Series-2.2.0.295" --include_path="C:/ti/ccs1271/ccs/tools/compiler/ti-cgt-arm_20.2.7.LTS/include" --define=ccs="ccs" --define=PART_TM4C123GH6PM -g --gcc --diag_warning=225 --diag_wrap=off --display_error_number --abi=eabi --preproc_with_compile --preproc_dependency="movement.d_raw"  "../movement.c"
Finished building: "../movement.c"
 
Building target: "lab_2.out"
Invoking: Arm Linker
"C:/ti/ccs1271/ccs/tools/compiler/ti-cgt-arm_20.2.7.LTS/bin/armcl" -mv7M4 --code_state=16 --float_support=FPv4SPD16 -me --define=ccs="ccs" --define=PART_TM4C123GH6PM -g --gcc --diag_warning=225 --diag_wrap=off --display_error_number --abi=eabi -z -m"lab_2.map" --heap_size=1024 --stack_size=2048 -i"C:/ti/ccs1271/ccs/tools/compiler/ti-cgt-arm_20.2.7.LTS/lib" -i"C:/ti/ccs1271/ccs/tools/compiler/ti-cgt-arm_20.2.7.LTS/include" --reread_libs --diag_wrap=off --display_error_number --warn_sections --xml_link_info="lab_2_linkInfo.xml" --rom_model -o "lab_2.out" "./Timer.obj" "./lcd.obj" "./main.obj" "./movement.obj" "./open_interface.obj" "./tm4c123gh6pm_startup_ccs.obj" "../libcybotUART.lib" "../tm4c123gh6pm.cmd"  -llibc.a -l"C:/ti/TivaWare_C_Series-2.2.0.295/driverlib/ccs/Debug/driverlib.lib" 
<Linking>
Finished building target: "lab_2.out"
 

**** Build Finished ****

**** Build of configuration Debug for project lab_2 ****

"C:\\ti\\ccs1271\\ccs\\utils\\bin\\gmake" -k -j 20 all -O 
 
Building file: "../movement.c"
Invoking: Arm Compiler
"C:/ti/ccs1271/ccs/tools/compiler/ti-cgt-arm_20.2.7.LTS/bin/armcl" -mv7M4 --code_state=16 --float_support=FPv4SPD16 -me --include_path="U:/CprE288/lab_2" --include_path="C:/ti/TivaWare_C_Series-2.2.0.295" --include_path="C:/ti/ccs1271/ccs/tools/compiler/ti-cgt-arm_20.2.7.LTS/include" --define=ccs="ccs" --define=PART_TM4C123GH6PM -g --gcc --diag_warning=225 --diag_wrap=off --display_error_number --abi=eabi --preproc_with_compile --preproc_dependency="movement.d_raw"  "../movement.c"
Finished building: "../movement.c"
 
Building target: "lab_2.out"
Invoking: Arm Linker
"C:/ti/ccs1271/ccs/tools/compiler/ti-cgt-arm_20.2.7.LTS/bin/armcl" -mv7M4 --code_state=16 --float_support=FPv4SPD16 -me --define=ccs="ccs" --define=PART_TM4C123GH6PM -g --gcc --diag_warning=225 --diag_wrap=off --display_error_number --abi=eabi -z -m"lab_2.map" --heap_size=1024 --stack_size=2048 -i"C:/ti/ccs1271/ccs/tools/compiler/ti-cgt-arm_20.2.7.LTS/lib" -i"C:/ti/ccs1271/ccs/tools/compiler/ti-cgt-arm_20.2.7.LTS/include" --reread_libs --diag_wrap=off --display_error_number --warn_sections --xml_link_info="lab_2_linkInfo.xml" --rom_model -o "lab_2.out" "./Timer.obj" "./lcd.obj" "./main.obj" "./movement.obj" "./open_interface.obj" "./tm4c123gh6pm_startup_ccs.obj" "../libcybotUART.lib" "../tm4c123gh6pm.cmd"  -llibc.a -l"C:/ti/TivaWare_C_Series-2.2.0.295/driverlib/ccs/Debug/driverlib.lib" 
<Linking>
Finished building target: "lab_2.out"
 

**** Build Finished ****

**** Build of configuration Debug for project lab_2 ****

"C:\\ti\\ccs1271\\ccs\\utils\\bin\\gmake" -k -j 20 all -O 
 
gmake[1]: 'lab_2.out' is up to date.

**** Build Finished ****

**** Build of configuration Debug for project lab_2 ****

"C:\\ti\\ccs1271\\ccs\\utils\\bin\\gmake" -k -j 20 all -O 
 
Building file: "../main.c"
Invoking: Arm Compiler
"C:/ti/ccs1271/ccs/tools/compiler/ti-cgt-arm_20.2.7.LTS/bin/armcl" -mv7M4 --code_state=16 --float_support=FPv4SPD16 -me --include_path="U:/CprE288/lab_2" --include_path="C:/ti/TivaWare_C_Series-2.2.0.295" --include_path="C:/ti/ccs1271/ccs/tools/compiler/ti-cgt-arm_20.2.7.LTS/include" --define=ccs="ccs" --define=PART_TM4C123GH6PM -g --gcc --diag_warning=225 --diag_wrap=off --display_error_number --abi=eabi --preproc_with_compile --preproc_dependency="main.d_raw"  "../main.c"
"../main.c", line 47: warning #225-D: function "move_forward" declared implicitly
"../main.c", line 48: warning #225-D: function "turn_cw" declared implicitly
"../main.c", line 61: warning #225-D: function "move_forward" declared implicitly
Finished building: "../main.c"
 
Building target: "lab_2.out"
Invoking: Arm Linker
"C:/ti/ccs1271/ccs/tools/compiler/ti-cgt-arm_20.2.7.LTS/bin/armcl" -mv7M4 --code_state=16 --float_support=FPv4SPD16 -me --define=ccs="ccs" --define=PART_TM4C123GH6PM -g --gcc --diag_warning=225 --diag_wrap=off --display_error_number --abi=eabi -z -m"lab_2.map" --heap_size=1024 --stack_size=2048 -i"C:/ti/ccs1271/ccs/tools/compiler/ti-cgt-arm_20.2.7.LTS/lib" -i"C:/ti/ccs1271/ccs/tools/compiler/ti-cgt-arm_20.2.7.LTS/include" --reread_libs --diag_wrap=off --display_error_number --warn_sections --xml_link_info="lab_2_linkInfo.xml" --rom_model -o "lab_2.out" "./Timer.obj" "./lcd.obj" "./main.obj" "./movement.obj" "./open_interface.obj" "./tm4c123gh6pm_startup_ccs.obj" "../libcybotUART.lib" "../tm4c123gh6pm.cmd"  -llibc.a -l"C:/ti/TivaWare_C_Series-2.2.0.295/driverlib/ccs/Debug/driverlib.lib" 
<Linking>
Finished building target: "lab_2.out"
 

**** Build Finished ****

**** Build of configuration Debug for project lab_2 ****

"C:\\ti\\ccs1271\\ccs\\utils\\bin\\gmake" -k -j 20 all -O 
 
Building file: "../movement.c"
Invoking: Arm Compiler
"C:/ti/ccs1271/ccs/tools/compiler/ti-cgt-arm_20.2.7.LTS/bin/armcl" -mv7M4 --code_state=16 --float_support=FPv4SPD16 -me --include_path="U:/CprE288/lab_2" --include_path="C:/ti/TivaWare_C_Series-2.2.0.295" --include_path="C:/ti/ccs1271/ccs/tools/compiler/ti-cgt-arm_20.2.7.LTS/include" --define=ccs="ccs" --define=PART_TM4C123GH6PM -g --gcc --diag_warning=225 --diag_wrap=off --display_error_number --abi=eabi --preproc_with_compile --preproc_dependency="movement.d_raw"  "../movement.c"
"../movement.c", line 84: warning #169-D: argument of type "int" is incompatible with parameter of type "const char *__restrict__"
Finished building: "../movement.c"
 
Building target: "lab_2.out"
Invoking: Arm Linker
"C:/ti/ccs1271/ccs/tools/compiler/ti-cgt-arm_20.2.7.LTS/bin/armcl" -mv7M4 --code_state=16 --float_support=FPv4SPD16 -me --define=ccs="ccs" --define=PART_TM4C123GH6PM -g --gcc --diag_warning=225 --diag_wrap=off --display_error_number --abi=eabi -z -m"lab_2.map" --heap_size=1024 --stack_size=2048 -i"C:/ti/ccs1271/ccs/tools/compiler/ti-cgt-arm_20.2.7.LTS/lib" -i"C:/ti/ccs1271/ccs/tools/compiler/ti-cgt-arm_20.2.7.LTS/include" --reread_libs --diag_wrap=off --display_error_number --warn_sections --xml_link_info="lab_2_linkInfo.xml" --rom_model -o "lab_2.out" "./Timer.obj" "./lcd.obj" "./main.obj" "./movement.obj" "./open_interface.obj" "./tm4c123gh6pm_startup_ccs.obj" "../libcybotUART.lib" "../tm4c123gh6pm.cmd"  -llibc.a -l"C:/ti/TivaWare_C_Series-2.2.0.295/driverlib/ccs/Debug/driverlib.lib" 
<Linking>
Finished building target: "lab_2.out"
 

**** Build Finished ****

**** Build of configuration Debug for project lab_2 ****

"C:\\ti\\ccs1271\\ccs\\utils\\bin\\gmake" -k -j 20 all -O 
 
Building file: "../main.c"
Invoking: Arm Compiler
"C:/ti/ccs1271/ccs/tools/compiler/ti-cgt-arm_20.2.7.LTS/bin/armcl" -mv7M4 --code_state=16 --float_support=FPv4SPD16 -me --include_path="U:/CprE288/lab_2" --include_path="C:/ti/TivaWare_C_Series-2.2.0.295" --include_path="C:/ti/ccs1271/ccs/tools/compiler/ti-cgt-arm_20.2.7.LTS/include" --define=ccs="ccs" --define=PART_TM4C123GH6PM -g --gcc --diag_warning=225 --diag_wrap=off --display_error_number --abi=eabi --preproc_with_compile --preproc_dependency="main.d_raw"  "../main.c"
"../main.c", line 48: warning #225-D: function "move_forward" declared implicitly
"../main.c", line 49: warning #225-D: function "turn_cw" declared implicitly
"../main.c", line 62: warning #225-D: function "move_forward" declared implicitly
Finished building: "../main.c"
 
Building file: "../movement.c"
Invoking: Arm Compiler
"C:/ti/ccs1271/ccs/tools/compiler/ti-cgt-arm_20.2.7.LTS/bin/armcl" -mv7M4 --code_state=16 --float_support=FPv4SPD16 -me --include_path="U:/CprE288/lab_2" --include_path="C:/ti/TivaWare_C_Series-2.2.0.295" --include_path="C:/ti/ccs1271/ccs/tools/compiler/ti-cgt-arm_20.2.7.LTS/include" --define=ccs="ccs" --define=PART_TM4C123GH6PM -g --gcc --diag_warning=225 --diag_wrap=off --display_error_number --abi=eabi --preproc_with_compile --preproc_dependency="movement.d_raw"  "../movement.c"
"../movement.c", line 84: warning #169-D: argument of type "int" is incompatible with parameter of type "const char *__restrict__"
Finished building: "../movement.c"
 
Building target: "lab_2.out"
Invoking: Arm Linker
"C:/ti/ccs1271/ccs/tools/compiler/ti-cgt-arm_20.2.7.LTS/bin/armcl" -mv7M4 --code_state=16 --float_support=FPv4SPD16 -me --define=ccs="ccs" --define=PART_TM4C123GH6PM -g --gcc --diag_warning=225 --diag_wrap=off --display_error_number --abi=eabi -z -m"lab_2.map" --heap_size=1024 --stack_size=2048 -i"C:/ti/ccs1271/ccs/tools/compiler/ti-cgt-arm_20.2.7.LTS/lib" -i"C:/ti/ccs1271/ccs/tools/compiler/ti-cgt-arm_20.2.7.LTS/include" --reread_libs --diag_wrap=off --display_error_number --warn_sections --xml_link_info="lab_2_linkInfo.xml" --rom_model -o "lab_2.out" "./Timer.obj" "./lcd.obj" "./main.obj" "./movement.obj" "./open_interface.obj" "./tm4c123gh6pm_startup_ccs.obj" "../libcybotUART.lib" "../tm4c123gh6pm.cmd"  -llibc.a -l"C:/ti/TivaWare_C_Series-2.2.0.295/driverlib/ccs/Debug/driverlib.lib" 
<Linking>
Finished building target: "lab_2.out"
 

**** Build Finished ****

**** Build of configuration Debug for project lab_2 ****

"C:\\ti\\ccs1271\\ccs\\utils\\bin\\gmake" -k -j 20 all -O 
 
Building file: "../movement.c"
Invoking: Arm Compiler
"C:/ti/ccs1271/ccs/tools/compiler/ti-cgt-arm_20.2.7.LTS/bin/armcl" -mv7M4 --code_state=16 --float_support=FPv4SPD16 -me --include_path="U:/CprE288/lab_2" --include_path="C:/ti/TivaWare_C_Series-2.2.0.295" --include_path="C:/ti/ccs1271/ccs/tools/compiler/ti-cgt-arm_20.2.7.LTS/include" --define=ccs="ccs" --define=PART_TM4C123GH6PM -g --gcc --diag_warning=225 --diag_wrap=off --display_error_number --abi=eabi --preproc_with_compile --preproc_dependency="movement.d_raw"  "../movement.c"
Finished building: "../movement.c"
 
Building target: "lab_2.out"
Invoking: Arm Linker
"C:/ti/ccs1271/ccs/tools/compiler/ti-cgt-arm_20.2.7.LTS/bin/armcl" -mv7M4 --code_state=16 --float_support=FPv4SPD16 -me --define=ccs="ccs" --define=PART_TM4C123GH6PM -g --gcc --diag_warning=225 --diag_wrap=off --display_error_number --abi=eabi -z -m"lab_2.map" --heap_size=1024 --stack_size=2048 -i"C:/ti/ccs1271/ccs/tools/compiler/ti-cgt-arm_20.2.7.LTS/lib" -i"C:/ti/ccs1271/ccs/tools/compiler/ti-cgt-arm_20.2.7.LTS/include" --reread_libs --diag_wrap=off --display_error_number --warn_sections --xml_link_info="lab_2_linkInfo.xml" --rom_model -o "lab_2.out" "./Timer.obj" "./lcd.obj" "./main.obj" "./movement.obj" "./open_interface.obj" "./tm4c123gh6pm_startup_ccs.obj" "../libcybotUART.lib" "../tm4c123gh6pm.cmd"  -llibc.a -l"C:/ti/TivaWare_C_Series-2.2.0.295/driverlib/ccs/Debug/driverlib.lib" 
<Linking>
Finished building target: "lab_2.out"
 

**** Build Finished ****

**** Build of configuration Debug for project lab_2 ****

"C:\\ti\\ccs1271\\ccs\\utils\\bin\\gmake" -k -j 20 all -O 
 
Building file: "../movement.c"
Invoking: Arm Compiler
"C:/ti/ccs1271/ccs/tools/compiler/ti-cgt-arm_20.2.7.LTS/bin/armcl" -mv7M4 --code_state=16 --float_support=FPv4SPD16 -me --include_path="U:/CprE288/lab_2" --include_path="C:/ti/TivaWare_C_Series-2.2.0.295" --include_path="C:/ti/ccs1271/ccs/tools/compiler/ti-cgt-arm_20.2.7.LTS/include" --define=ccs="ccs" --define=PART_TM4C123GH6PM -g --gcc --diag_warning=225 --diag_wrap=off --display_error_number --abi=eabi --preproc_with_compile --preproc_dependency="movement.d_raw"  "../movement.c"
Finished building: "../movement.c"
 
Building target: "lab_2.out"
Invoking: Arm Linker
"C:/ti/ccs1271/ccs/tools/compiler/ti-cgt-arm_20.2.7.LTS/bin/armcl" -mv7M4 --code_state=16 --float_support=FPv4SPD16 -me --define=ccs="ccs" --define=PART_TM4C123GH6PM -g --gcc --diag_warning=225 --diag_wrap=off --display_error_number --abi=eabi -z -m"lab_2.map" --heap_size=1024 --stack_size=2048 -i"C:/ti/ccs1271/ccs/tools/compiler/ti-cgt-arm_20.2.7.LTS/lib" -i"C:/ti/ccs1271/ccs/tools/compiler/ti-cgt-arm_20.2.7.LTS/include" --reread_libs --diag_wrap=off --display_error_number --warn_sections --xml_link_info="lab_2_linkInfo.xml" --rom_model -o "lab_2.out" "./Timer.obj" "./lcd.obj" "./main.obj" "./movement.obj" "./open_interface.obj" "./tm4c123gh6pm_startup_ccs.obj" "../libcybotUART.lib" "../tm4c123gh6pm.cmd"  -llibc.a -l"C:/ti/TivaWare_C_Series-2.2.0.295/driverlib/ccs/Debug/driverlib.lib" 
<Linking>
Finished building target: "lab_2.out"
 

**** Build Finished ****

**** Build of configuration Debug for project lab_2 ****

"C:\\ti\\ccs1271\\ccs\\utils\\bin\\gmake" -k -j 20 all -O 
 
Building file: "../movement.c"
Invoking: Arm Compiler
"C:/ti/ccs1271/ccs/tools/compiler/ti-cgt-arm_20.2.7.LTS/bin/armcl" -mv7M4 --code_state=16 --float_support=FPv4SPD16 -me --include_path="U:/CprE288/lab_2" --include_path="C:/ti/TivaWare_C_Series-2.2.0.295" --include_path="C:/ti/ccs1271/ccs/tools/compiler/ti-cgt-arm_20.2.7.LTS/include" --define=ccs="ccs" --define=PART_TM4C123GH6PM -g --gcc --diag_warning=225 --diag_wrap=off --display_error_number --abi=eabi --preproc_with_compile --preproc_dependency="movement.d_raw"  "../movement.c"
Finished building: "../movement.c"
 
Building target: "lab_2.out"
Invoking: Arm Linker
"C:/ti/ccs1271/ccs/tools/compiler/ti-cgt-arm_20.2.7.LTS/bin/armcl" -mv7M4 --code_state=16 --float_support=FPv4SPD16 -me --define=ccs="ccs" --define=PART_TM4C123GH6PM -g --gcc --diag_warning=225 --diag_wrap=off --display_error_number --abi=eabi -z -m"lab_2.map" --heap_size=1024 --stack_size=2048 -i"C:/ti/ccs1271/ccs/tools/compiler/ti-cgt-arm_20.2.7.LTS/lib" -i"C:/ti/ccs1271/ccs/tools/compiler/ti-cgt-arm_20.2.7.LTS/include" --reread_libs --diag_wrap=off --display_error_number --warn_sections --xml_link_info="lab_2_linkInfo.xml" --rom_model -o "lab_2.out" "./Timer.obj" "./lcd.obj" "./main.obj" "./movement.obj" "./open_interface.obj" "./tm4c123gh6pm_startup_ccs.obj" "../libcybotUART.lib" "../tm4c123gh6pm.cmd"  -llibc.a -l"C:/ti/TivaWare_C_Series-2.2.0.295/driverlib/ccs/Debug/driverlib.lib" 
<Linking>
Finished building target: "lab_2.out"
 

**** Build Finished ****

**** Build of configuration Debug for project lab_2 ****

"C:\\ti\\ccs1271\\ccs\\utils\\bin\\gmake" -k -j 20 all -O 
 
gmake[1]: 'lab_2.out' is up to date.

**** Build Finished ****

**** Build of configuration Debug for project lab_2 ****

"C:\\ti\\ccs1271\\ccs\\utils\\bin\\gmake" -k -j 20 all -O 
 
Building file: "../movement.c"
Invoking: Arm Compiler
"C:/ti/ccs1271/ccs/tools/compiler/ti-cgt-arm_20.2.7.LTS/bin/armcl" -mv7M4 --code_state=16 --float_support=FPv4SPD16 -me --include_path="U:/CprE288/lab_2" --include_path="C:/ti/TivaWare_C_Series-2.2.0.295" --include_path="C:/ti/ccs1271/ccs/tools/compiler/ti-cgt-arm_20.2.7.LTS/include" --define=ccs="ccs" --define=PART_TM4C123GH6PM -g --gcc --diag_warning=225 --diag_wrap=off --display_error_number --abi=eabi --preproc_with_compile --preproc_dependency="movement.d_raw"  "../movement.c"
Finished building: "../movement.c"
 
Building target: "lab_2.out"
Invoking: Arm Linker
"C:/ti/ccs1271/ccs/tools/compiler/ti-cgt-arm_20.2.7.LTS/bin/armcl" -mv7M4 --code_state=16 --float_support=FPv4SPD16 -me --define=ccs="ccs" --define=PART_TM4C123GH6PM -g --gcc --diag_warning=225 --diag_wrap=off --display_error_number --abi=eabi -z -m"lab_2.map" --heap_size=1024 --stack_size=2048 -i"C:/ti/ccs1271/ccs/tools/compiler/ti-cgt-arm_20.2.7.LTS/lib" -i"C:/ti/ccs1271/ccs/tools/compiler/ti-cgt-arm_20.2.7.LTS/include" --reread_libs --diag_wrap=off --display_error_number --warn_sections --xml_link_info="lab_2_linkInfo.xml" --rom_model -o "lab_2.out" "./Timer.obj" "./lcd.obj" "./main.obj" "./movement.obj" "./open_interface.obj" "./tm4c123gh6pm_startup_ccs.obj" "../libcybotUART.lib" "../tm4c123gh6pm.cmd"  -llibc.a -l"C:/ti/TivaWare_C_Series-2.2.0.295/driverlib/ccs/Debug/driverlib.lib" 
<Linking>
Finished building target: "lab_2.out"
 

**** Build Finished ****

**** Build of configuration Debug for project lab_2 ****

"C:\\ti\\ccs1271\\ccs\\utils\\bin\\gmake" -k -j 20 all -O 
 
Building file: "../movement.c"
Invoking: Arm Compiler
"C:/ti/ccs1271/ccs/tools/compiler/ti-cgt-arm_20.2.7.LTS/bin/armcl" -mv7M4 --code_state=16 --float_support=FPv4SPD16 -me --include_path="U:/CprE288/lab_2" --include_path="C:/ti/TivaWare_C_Series-2.2.0.295" --include_path="C:/ti/ccs1271/ccs/tools/compiler/ti-cgt-arm_20.2.7.LTS/include" --define=ccs="ccs" --define=PART_TM4C123GH6PM -g --gcc --diag_warning=225 --diag_wrap=off --display_error_number --abi=eabi --preproc_with_compile --preproc_dependency="movement.d_raw"  "../movement.c"
Finished building: "../movement.c"
 
Building target: "lab_2.out"
Invoking: Arm Linker
"C:/ti/ccs1271/ccs/tools/compiler/ti-cgt-arm_20.2.7.LTS/bin/armcl" -mv7M4 --code_state=16 --float_support=FPv4SPD16 -me --define=ccs="ccs" --define=PART_TM4C123GH6PM -g --gcc --diag_warning=225 --diag_wrap=off --display_error_number --abi=eabi -z -m"lab_2.map" --heap_size=1024 --stack_size=2048 -i"C:/ti/ccs1271/ccs/tools/compiler/ti-cgt-arm_20.2.7.LTS/lib" -i"C:/ti/ccs1271/ccs/tools/compiler/ti-cgt-arm_20.2.7.LTS/include" --reread_libs --diag_wrap=off --display_error_number --warn_sections --xml_link_info="lab_2_linkInfo.xml" --rom_model -o "lab_2.out" "./Timer.obj" "./lcd.obj" "./main.obj" "./movement.obj" "./open_interface.obj" "./tm4c123gh6pm_startup_ccs.obj" "../libcybotUART.lib" "../tm4c123gh6pm.cmd"  -llibc.a -l"C:/ti/TivaWare_C_Series-2.2.0.295/driverlib/ccs/Debug/driverlib.lib" 
<Linking>
Finished building target: "lab_2.out"
 

**** Build Finished ****

**** Build of configuration Debug for project lab_2 ****

"C:\\ti\\ccs1271\\ccs\\utils\\bin\\gmake" -k -j 20 all -O 
 
Building file: "../main.c"
Invoking: Arm Compiler
"C:/ti/ccs1271/ccs/tools/compiler/ti-cgt-arm_20.2.7.LTS/bin/armcl" -mv7M4 --code_state=16 --float_support=FPv4SPD16 -me --include_path="U:/CprE288/lab_2" --include_path="C:/ti/TivaWare_C_Series-2.2.0.295" --include_path="C:/ti/ccs1271/ccs/tools/compiler/ti-cgt-arm_20.2.7.LTS/include" --define=ccs="ccs" --define=PART_TM4C123GH6PM -g --gcc --diag_warning=225 --diag_wrap=off --display_error_number --abi=eabi --preproc_with_compile --preproc_dependency="main.d_raw"  "../main.c"
"../main.c", line 27: warning #225-D: function "turn_cw" declared implicitly
"../main.c", line 31: warning #112-D: statement is unreachable
"../main.c", line 24: warning #179-D: variable "i" was declared but never referenced
"../main.c", line 24: warning #179-D: variable "j" was declared but never referenced
"../main.c", line 65: warning #225-D: function "move_forward" declared implicitly
"../main.c", line 66: warning #225-D: function "turn_cw" declared implicitly
"../main.c", line 80: warning #225-D: function "move_forward" declared implicitly
Finished building: "../main.c"
 
Building target: "lab_2.out"
Invoking: Arm Linker
"C:/ti/ccs1271/ccs/tools/compiler/ti-cgt-arm_20.2.7.LTS/bin/armcl" -mv7M4 --code_state=16 --float_support=FPv4SPD16 -me --define=ccs="ccs" --define=PART_TM4C123GH6PM -g --gcc --diag_warning=225 --diag_wrap=off --display_error_number --abi=eabi -z -m"lab_2.map" --heap_size=1024 --stack_size=2048 -i"C:/ti/ccs1271/ccs/tools/compiler/ti-cgt-arm_20.2.7.LTS/lib" -i"C:/ti/ccs1271/ccs/tools/compiler/ti-cgt-arm_20.2.7.LTS/include" --reread_libs --diag_wrap=off --display_error_number --warn_sections --xml_link_info="lab_2_linkInfo.xml" --rom_model -o "lab_2.out" "./Timer.obj" "./lcd.obj" "./main.obj" "./movement.obj" "./open_interface.obj" "./tm4c123gh6pm_startup_ccs.obj" "../libcybotUART.lib" "../tm4c123gh6pm.cmd"  -llibc.a -l"C:/ti/TivaWare_C_Series-2.2.0.295/driverlib/ccs/Debug/driverlib.lib" 
<Linking>
Finished building target: "lab_2.out"
 

**** Build Finished ****

**** Build of configuration Debug for project lab_2 ****

"C:\\ti\\ccs1271\\ccs\\utils\\bin\\gmake" -k -j 20 all -O 
 
Building file: "../main.c"
Invoking: Arm Compiler
"C:/ti/ccs1271/ccs/tools/compiler/ti-cgt-arm_20.2.7.LTS/bin/armcl" -mv7M4 --code_state=16 --float_support=FPv4SPD16 -me --include_path="U:/CprE288/lab_2" --include_path="C:/ti/TivaWare_C_Series-2.2.0.295" --include_path="C:/ti/ccs1271/ccs/tools/compiler/ti-cgt-arm_20.2.7.LTS/include" --define=ccs="ccs" --define=PART_TM4C123GH6PM -g --gcc --diag_warning=225 --diag_wrap=off --display_error_number --abi=eabi --preproc_with_compile --preproc_dependency="main.d_raw"  "../main.c"
"../main.c", line 32: warning #112-D: statement is unreachable
"../main.c", line 25: warning #179-D: variable "i" was declared but never referenced
"../main.c", line 25: warning #179-D: variable "j" was declared but never referenced
Finished building: "../main.c"
 
Building target: "lab_2.out"
Invoking: Arm Linker
"C:/ti/ccs1271/ccs/tools/compiler/ti-cgt-arm_20.2.7.LTS/bin/armcl" -mv7M4 --code_state=16 --float_support=FPv4SPD16 -me --define=ccs="ccs" --define=PART_TM4C123GH6PM -g --gcc --diag_warning=225 --diag_wrap=off --display_error_number --abi=eabi -z -m"lab_2.map" --heap_size=1024 --stack_size=2048 -i"C:/ti/ccs1271/ccs/tools/compiler/ti-cgt-arm_20.2.7.LTS/lib" -i"C:/ti/ccs1271/ccs/tools/compiler/ti-cgt-arm_20.2.7.LTS/include" --reread_libs --diag_wrap=off --display_error_number --warn_sections --xml_link_info="lab_2_linkInfo.xml" --rom_model -o "lab_2.out" "./Timer.obj" "./lcd.obj" "./main.obj" "./movement.obj" "./open_interface.obj" "./tm4c123gh6pm_startup_ccs.obj" "../libcybotUART.lib" "../tm4c123gh6pm.cmd"  -llibc.a -l"C:/ti/TivaWare_C_Series-2.2.0.295/driverlib/ccs/Debug/driverlib.lib" 
<Linking>
Finished building target: "lab_2.out"
 

**** Build Finished ****

**** Build of configuration Debug for project lab_2 ****

"C:\\ti\\ccs1271\\ccs\\utils\\bin\\gmake" -k -j 20 all -O 
 
gmake[1]: 'lab_2.out' is up to date.

**** Build Finished ****

**** Build of configuration Debug for project lab_2 ****

"C:\\ti\\ccs1271\\ccs\\utils\\bin\\gmake" -k -j 20 all -O 
 
Building file: "../movement.c"
Invoking: Arm Compiler
"C:/ti/ccs1271/ccs/tools/compiler/ti-cgt-arm_20.2.7.LTS/bin/armcl" -mv7M4 --code_state=16 --float_support=FPv4SPD16 -me --include_path="U:/CprE288/lab_2" --include_path="C:/ti/TivaWare_C_Series-2.2.0.295" --include_path="C:/ti/ccs1271/ccs/tools/compiler/ti-cgt-arm_20.2.7.LTS/include" --define=ccs="ccs" --define=PART_TM4C123GH6PM -g --gcc --diag_warning=225 --diag_wrap=off --display_error_number --abi=eabi --preproc_with_compile --preproc_dependency="movement.d_raw"  "../movement.c"
Finished building: "../movement.c"
 
Building target: "lab_2.out"
Invoking: Arm Linker
"C:/ti/ccs1271/ccs/tools/compiler/ti-cgt-arm_20.2.7.LTS/bin/armcl" -mv7M4 --code_state=16 --float_support=FPv4SPD16 -me --define=ccs="ccs" --define=PART_TM4C123GH6PM -g --gcc --diag_warning=225 --diag_wrap=off --display_error_number --abi=eabi -z -m"lab_2.map" --heap_size=1024 --stack_size=2048 -i"C:/ti/ccs1271/ccs/tools/compiler/ti-cgt-arm_20.2.7.LTS/lib" -i"C:/ti/ccs1271/ccs/tools/compiler/ti-cgt-arm_20.2.7.LTS/include" --reread_libs --diag_wrap=off --display_error_number --warn_sections --xml_link_info="lab_2_linkInfo.xml" --rom_model -o "lab_2.out" "./Timer.obj" "./lcd.obj" "./main.obj" "./movement.obj" "./open_interface.obj" "./tm4c123gh6pm_startup_ccs.obj" "../libcybotUART.lib" "../tm4c123gh6pm.cmd"  -llibc.a -l"C:/ti/TivaWare_C_Series-2.2.0.295/driverlib/ccs/Debug/driverlib.lib" 
<Linking>
Finished building target: "lab_2.out"
 

**** Build Finished ****

**** Build of configuration Debug for project lab_2 ****

"C:\\ti\\ccs1271\\ccs\\utils\\bin\\gmake" -k -j 20 all -O 
 
Building file: "../movement.c"
Invoking: Arm Compiler
"C:/ti/ccs1271/ccs/tools/compiler/ti-cgt-arm_20.2.7.LTS/bin/armcl" -mv7M4 --code_state=16 --float_support=FPv4SPD16 -me --include_path="U:/CprE288/lab_2" --include_path="C:/ti/TivaWare_C_Series-2.2.0.295" --include_path="C:/ti/ccs1271/ccs/tools/compiler/ti-cgt-arm_20.2.7.LTS/include" --define=ccs="ccs" --define=PART_TM4C123GH6PM -g --gcc --diag_warning=225 --diag_wrap=off --display_error_number --abi=eabi --preproc_with_compile --preproc_dependency="movement.d_raw"  "../movement.c"
Finished building: "../movement.c"
 
Building target: "lab_2.out"
Invoking: Arm Linker
"C:/ti/ccs1271/ccs/tools/compiler/ti-cgt-arm_20.2.7.LTS/bin/armcl" -mv7M4 --code_state=16 --float_support=FPv4SPD16 -me --define=ccs="ccs" --define=PART_TM4C123GH6PM -g --gcc --diag_warning=225 --diag_wrap=off --display_error_number --abi=eabi -z -m"lab_2.map" --heap_size=1024 --stack_size=2048 -i"C:/ti/ccs1271/ccs/tools/compiler/ti-cgt-arm_20.2.7.LTS/lib" -i"C:/ti/ccs1271/ccs/tools/compiler/ti-cgt-arm_20.2.7.LTS/include" --reread_libs --diag_wrap=off --display_error_number --warn_sections --xml_link_info="lab_2_linkInfo.xml" --rom_model -o "lab_2.out" "./Timer.obj" "./lcd.obj" "./main.obj" "./movement.obj" "./open_interface.obj" "./tm4c123gh6pm_startup_ccs.obj" "../libcybotUART.lib" "../tm4c123gh6pm.cmd"  -llibc.a -l"C:/ti/TivaWare_C_Series-2.2.0.295/driverlib/ccs/Debug/driverlib.lib" 
<Linking>
Finished building target: "lab_2.out"
 

**** Build Finished ****

**** Build of configuration Debug for project lab_2 ****

"C:\\ti\\ccs1271\\ccs\\utils\\bin\\gmake" -k -j 20 all -O 
 
Building file: "../movement.c"
Invoking: Arm Compiler
"C:/ti/ccs1271/ccs/tools/compiler/ti-cgt-arm_20.2.7.LTS/bin/armcl" -mv7M4 --code_state=16 --float_support=FPv4SPD16 -me --include_path="U:/CprE288/lab_2" --include_path="C:/ti/TivaWare_C_Series-2.2.0.295" --include_path="C:/ti/ccs1271/ccs/tools/compiler/ti-cgt-arm_20.2.7.LTS/include" --define=ccs="ccs" --define=PART_TM4C123GH6PM -g --gcc --diag_warning=225 --diag_wrap=off --display_error_number --abi=eabi --preproc_with_compile --preproc_dependency="movement.d_raw"  "../movement.c"
Finished building: "../movement.c"
 
Building target: "lab_2.out"
Invoking: Arm Linker
"C:/ti/ccs1271/ccs/tools/compiler/ti-cgt-arm_20.2.7.LTS/bin/armcl" -mv7M4 --code_state=16 --float_support=FPv4SPD16 -me --define=ccs="ccs" --define=PART_TM4C123GH6PM -g --gcc --diag_warning=225 --diag_wrap=off --display_error_number --abi=eabi -z -m"lab_2.map" --heap_size=1024 --stack_size=2048 -i"C:/ti/ccs1271/ccs/tools/compiler/ti-cgt-arm_20.2.7.LTS/lib" -i"C:/ti/ccs1271/ccs/tools/compiler/ti-cgt-arm_20.2.7.LTS/include" --reread_libs --diag_wrap=off --display_error_number --warn_sections --xml_link_info="lab_2_linkInfo.xml" --rom_model -o "lab_2.out" "./Timer.obj" "./lcd.obj" "./main.obj" "./movement.obj" "./open_interface.obj" "./tm4c123gh6pm_startup_ccs.obj" "../libcybotUART.lib" "../tm4c123gh6pm.cmd"  -llibc.a -l"C:/ti/TivaWare_C_Series-2.2.0.295/driverlib/ccs/Debug/driverlib.lib" 
<Linking>
Finished building target: "lab_2.out"
 

**** Build Finished ****

**** Build of configuration Debug for project lab_2 ****

"C:\\ti\\ccs1271\\ccs\\utils\\bin\\gmake" -k -j 20 all -O 
 
Building file: "../movement.c"
Invoking: Arm Compiler
"C:/ti/ccs1271/ccs/tools/compiler/ti-cgt-arm_20.2.7.LTS/bin/armcl" -mv7M4 --code_state=16 --float_support=FPv4SPD16 -me --include_path="U:/CprE288/lab_2" --include_path="C:/ti/TivaWare_C_Series-2.2.0.295" --include_path="C:/ti/ccs1271/ccs/tools/compiler/ti-cgt-arm_20.2.7.LTS/include" --define=ccs="ccs" --define=PART_TM4C123GH6PM -g --gcc --diag_warning=225 --diag_wrap=off --display_error_number --abi=eabi --preproc_with_compile --preproc_dependency="movement.d_raw"  "../movement.c"
Finished building: "../movement.c"
 
Building target: "lab_2.out"
Invoking: Arm Linker
"C:/ti/ccs1271/ccs/tools/compiler/ti-cgt-arm_20.2.7.LTS/bin/armcl" -mv7M4 --code_state=16 --float_support=FPv4SPD16 -me --define=ccs="ccs" --define=PART_TM4C123GH6PM -g --gcc --diag_warning=225 --diag_wrap=off --display_error_number --abi=eabi -z -m"lab_2.map" --heap_size=1024 --stack_size=2048 -i"C:/ti/ccs1271/ccs/tools/compiler/ti-cgt-arm_20.2.7.LTS/lib" -i"C:/ti/ccs1271/ccs/tools/compiler/ti-cgt-arm_20.2.7.LTS/include" --reread_libs --diag_wrap=off --display_error_number --warn_sections --xml_link_info="lab_2_linkInfo.xml" --rom_model -o "lab_2.out" "./Timer.obj" "./lcd.obj" "./main.obj" "./movement.obj" "./open_interface.obj" "./tm4c123gh6pm_startup_ccs.obj" "../libcybotUART.lib" "../tm4c123gh6pm.cmd"  -llibc.a -l"C:/ti/TivaWare_C_Series-2.2.0.295/driverlib/ccs/Debug/driverlib.lib" 
<Linking>
Finished building target: "lab_2.out"
 

**** Build Finished ****

**** Build of configuration Debug for project lab_2 ****

"C:\\ti\\ccs1271\\ccs\\utils\\bin\\gmake" -k -j 20 all -O 
 
Building file: "../main.c"
Invoking: Arm Compiler
"C:/ti/ccs1271/ccs/tools/compiler/ti-cgt-arm_20.2.7.LTS/bin/armcl" -mv7M4 --code_state=16 --float_support=FPv4SPD16 -me --include_path="U:/CprE288/lab_2" --include_path="C:/ti/TivaWare_C_Series-2.2.0.295" --include_path="C:/ti/ccs1271/ccs/tools/compiler/ti-cgt-arm_20.2.7.LTS/include" --define=ccs="ccs" --define=PART_TM4C123GH6PM -g --gcc --diag_warning=225 --diag_wrap=off --display_error_number --abi=eabi --preproc_with_compile --preproc_dependency="main.d_raw"  "../main.c"
Finished building: "../main.c"
 
Building file: "../movement.c"
Invoking: Arm Compiler
"C:/ti/ccs1271/ccs/tools/compiler/ti-cgt-arm_20.2.7.LTS/bin/armcl" -mv7M4 --code_state=16 --float_support=FPv4SPD16 -me --include_path="U:/CprE288/lab_2" --include_path="C:/ti/TivaWare_C_Series-2.2.0.295" --include_path="C:/ti/ccs1271/ccs/tools/compiler/ti-cgt-arm_20.2.7.LTS/include" --define=ccs="ccs" --define=PART_TM4C123GH6PM -g --gcc --diag_warning=225 --diag_wrap=off --display_error_number --abi=eabi --preproc_with_compile --preproc_dependency="movement.d_raw"  "../movement.c"
Finished building: "../movement.c"
 
Building target: "lab_2.out"
Invoking: Arm Linker
"C:/ti/ccs1271/ccs/tools/compiler/ti-cgt-arm_20.2.7.LTS/bin/armcl" -mv7M4 --code_state=16 --float_support=FPv4SPD16 -me --define=ccs="ccs" --define=PART_TM4C123GH6PM -g --gcc --diag_warning=225 --diag_wrap=off --display_error_number --abi=eabi -z -m"lab_2.map" --heap_size=1024 --stack_size=2048 -i"C:/ti/ccs1271/ccs/tools/compiler/ti-cgt-arm_20.2.7.LTS/lib" -i"C:/ti/ccs1271/ccs/tools/compiler/ti-cgt-arm_20.2.7.LTS/include" --reread_libs --diag_wrap=off --display_error_number --warn_sections --xml_link_info="lab_2_linkInfo.xml" --rom_model -o "lab_2.out" "./Timer.obj" "./lcd.obj" "./main.obj" "./movement.obj" "./open_interface.obj" "./tm4c123gh6pm_startup_ccs.obj" "../libcybotUART.lib" "../tm4c123gh6pm.cmd"  -llibc.a -l"C:/ti/TivaWare_C_Series-2.2.0.295/driverlib/ccs/Debug/driverlib.lib" 
<Linking>
Finished building target: "lab_2.out"
 

**** Build Finished ****

**** Build of configuration Debug for project lab_2 ****

"C:\\ti\\ccs1271\\ccs\\utils\\bin\\gmake" -k -j 20 all -O 
 
Building file: "../movement.c"
Invoking: Arm Compiler
"C:/ti/ccs1271/ccs/tools/compiler/ti-cgt-arm_20.2.7.LTS/bin/armcl" -mv7M4 --code_state=16 --float_support=FPv4SPD16 -me --include_path="U:/CprE288/lab_2" --include_path="C:/ti/TivaWare_C_Series-2.2.0.295" --include_path="C:/ti/ccs1271/ccs/tools/compiler/ti-cgt-arm_20.2.7.LTS/include" --define=ccs="ccs" --define=PART_TM4C123GH6PM -g --gcc --diag_warning=225 --diag_wrap=off --display_error_number --abi=eabi --preproc_with_compile --preproc_dependency="movement.d_raw"  "../movement.c"
Finished building: "../movement.c"
 
Building target: "lab_2.out"
Invoking: Arm Linker
"C:/ti/ccs1271/ccs/tools/compiler/ti-cgt-arm_20.2.7.LTS/bin/armcl" -mv7M4 --code_state=16 --float_support=FPv4SPD16 -me --define=ccs="ccs" --define=PART_TM4C123GH6PM -g --gcc --diag_warning=225 --diag_wrap=off --display_error_number --abi=eabi -z -m"lab_2.map" --heap_size=1024 --stack_size=2048 -i"C:/ti/ccs1271/ccs/tools/compiler/ti-cgt-arm_20.2.7.LTS/lib" -i"C:/ti/ccs1271/ccs/tools/compiler/ti-cgt-arm_20.2.7.LTS/include" --reread_libs --diag_wrap=off --display_error_number --warn_sections --xml_link_info="lab_2_linkInfo.xml" --rom_model -o "lab_2.out" "./Timer.obj" "./lcd.obj" "./main.obj" "./movement.obj" "./open_interface.obj" "./tm4c123gh6pm_startup_ccs.obj" "../libcybotUART.lib" "../tm4c123gh6pm.cmd"  -llibc.a -l"C:/ti/TivaWare_C_Series-2.2.0.295/driverlib/ccs/Debug/driverlib.lib" 
<Linking>
Finished building target: "lab_2.out"
 

**** Build Finished ****

**** Build of configuration Debug for project lab_2 ****

"C:\\ti\\ccs1271\\ccs\\utils\\bin\\gmake" -k -j 20 all -O 
 
Building file: "../movement.c"
Invoking: Arm Compiler
"C:/ti/ccs1271/ccs/tools/compiler/ti-cgt-arm_20.2.7.LTS/bin/armcl" -mv7M4 --code_state=16 --float_support=FPv4SPD16 -me --include_path="U:/CprE288/lab_2" --include_path="C:/ti/TivaWare_C_Series-2.2.0.295" --include_path="C:/ti/ccs1271/ccs/tools/compiler/ti-cgt-arm_20.2.7.LTS/include" --define=ccs="ccs" --define=PART_TM4C123GH6PM -g --gcc --diag_warning=225 --diag_wrap=off --display_error_number --abi=eabi --preproc_with_compile --preproc_dependency="movement.d_raw"  "../movement.c"
Finished building: "../movement.c"
 
Building target: "lab_2.out"
Invoking: Arm Linker
"C:/ti/ccs1271/ccs/tools/compiler/ti-cgt-arm_20.2.7.LTS/bin/armcl" -mv7M4 --code_state=16 --float_support=FPv4SPD16 -me --define=ccs="ccs" --define=PART_TM4C123GH6PM -g --gcc --diag_warning=225 --diag_wrap=off --display_error_number --abi=eabi -z -m"lab_2.map" --heap_size=1024 --stack_size=2048 -i"C:/ti/ccs1271/ccs/tools/compiler/ti-cgt-arm_20.2.7.LTS/lib" -i"C:/ti/ccs1271/ccs/tools/compiler/ti-cgt-arm_20.2.7.LTS/include" --reread_libs --diag_wrap=off --display_error_number --warn_sections --xml_link_info="lab_2_linkInfo.xml" --rom_model -o "lab_2.out" "./Timer.obj" "./lcd.obj" "./main.obj" "./movement.obj" "./open_interface.obj" "./tm4c123gh6pm_startup_ccs.obj" "../libcybotUART.lib" "../tm4c123gh6pm.cmd"  -llibc.a -l"C:/ti/TivaWare_C_Series-2.2.0.295/driverlib/ccs/Debug/driverlib.lib" 
<Linking>
Finished building target: "lab_2.out"
 

**** Build Finished ****

**** Build of configuration Debug for project lab_2 ****

"C:\\ti\\ccs1271\\ccs\\utils\\bin\\gmake" -k -j 20 all -O 
 
gmake[1]: 'lab_2.out' is up to date.

**** Build Finished ****

**** Build of configuration Debug for project lab_2 ****

"C:\\ti\\ccs1271\\ccs\\utils\\bin\\gmake" -k -j 20 all -O 
 
gmake[1]: 'lab_2.out' is up to date.

**** Build Finished ****

**** Build of configuration Debug for project lab_2 ****

"C:\\ti\\ccs1271\\ccs\\utils\\bin\\gmake" -k -j 20 all -O 
 
gmake[1]: 'lab_2.out' is up to date.

**** Build Finished ****

**** Build of configuration Debug for project lab_2 ****

"C:\\ti\\ccs1271\\ccs\\utils\\bin\\gmake" -k -j 20 all -O 
 
Building file: "../movement.c"
Invoking: Arm Compiler
"C:/ti/ccs1271/ccs/tools/compiler/ti-cgt-arm_20.2.7.LTS/bin/armcl" -mv7M4 --code_state=16 --float_support=FPv4SPD16 -me --include_path="U:/CprE288/lab_2" --include_path="C:/ti/TivaWare_C_Series-2.2.0.295" --include_path="C:/ti/ccs1271/ccs/tools/compiler/ti-cgt-arm_20.2.7.LTS/include" --define=ccs="ccs" --define=PART_TM4C123GH6PM -g --gcc --diag_warning=225 --diag_wrap=off --display_error_number --abi=eabi --preproc_with_compile --preproc_dependency="movement.d_raw"  "../movement.c"
Finished building: "../movement.c"
 
Building target: "lab_2.out"
Invoking: Arm Linker
"C:/ti/ccs1271/ccs/tools/compiler/ti-cgt-arm_20.2.7.LTS/bin/armcl" -mv7M4 --code_state=16 --float_support=FPv4SPD16 -me --define=ccs="ccs" --define=PART_TM4C123GH6PM -g --gcc --diag_warning=225 --diag_wrap=off --display_error_number --abi=eabi -z -m"lab_2.map" --heap_size=1024 --stack_size=2048 -i"C:/ti/ccs1271/ccs/tools/compiler/ti-cgt-arm_20.2.7.LTS/lib" -i"C:/ti/ccs1271/ccs/tools/compiler/ti-cgt-arm_20.2.7.LTS/include" --reread_libs --diag_wrap=off --display_error_number --warn_sections --xml_link_info="lab_2_linkInfo.xml" --rom_model -o "lab_2.out" "./Timer.obj" "./lcd.obj" "./main.obj" "./movement.obj" "./open_interface.obj" "./tm4c123gh6pm_startup_ccs.obj" "../libcybotUART.lib" "../tm4c123gh6pm.cmd"  -llibc.a -l"C:/ti/TivaWare_C_Series-2.2.0.295/driverlib/ccs/Debug/driverlib.lib" 
<Linking>
Finished building target: "lab_2.out"
 

**** Build Finished ****

**** Build of configuration Debug for project lab_2 ****

"C:\\ti\\ccs1271\\ccs\\utils\\bin\\gmake" -k -j 20 all -O 
 
Building file: "../movement.c"
Invoking: Arm Compiler
"C:/ti/ccs1271/ccs/tools/compiler/ti-cgt-arm_20.2.7.LTS/bin/armcl" -mv7M4 --code_state=16 --float_support=FPv4SPD16 -me --include_path="U:/CprE288/lab_2" --include_path="C:/ti/TivaWare_C_Series-2.2.0.295" --include_path="C:/ti/ccs1271/ccs/tools/compiler/ti-cgt-arm_20.2.7.LTS/include" --define=ccs="ccs" --define=PART_TM4C123GH6PM -g --gcc --diag_warning=225 --diag_wrap=off --display_error_number --abi=eabi --preproc_with_compile --preproc_dependency="movement.d_raw"  "../movement.c"
"../movement.c", line 85: warning #183-D: argument is incompatible with corresponding format string conversion
"../movement.c", line 93: warning #183-D: argument is incompatible with corresponding format string conversion
"../movement.c", line 98: warning #183-D: argument is incompatible with corresponding format string conversion
Finished building: "../movement.c"
 
Building target: "lab_2.out"
Invoking: Arm Linker
"C:/ti/ccs1271/ccs/tools/compiler/ti-cgt-arm_20.2.7.LTS/bin/armcl" -mv7M4 --code_state=16 --float_support=FPv4SPD16 -me --define=ccs="ccs" --define=PART_TM4C123GH6PM -g --gcc --diag_warning=225 --diag_wrap=off --display_error_number --abi=eabi -z -m"lab_2.map" --heap_size=1024 --stack_size=2048 -i"C:/ti/ccs1271/ccs/tools/compiler/ti-cgt-arm_20.2.7.LTS/lib" -i"C:/ti/ccs1271/ccs/tools/compiler/ti-cgt-arm_20.2.7.LTS/include" --reread_libs --diag_wrap=off --display_error_number --warn_sections --xml_link_info="lab_2_linkInfo.xml" --rom_model -o "lab_2.out" "./Timer.obj" "./lcd.obj" "./main.obj" "./movement.obj" "./open_interface.obj" "./tm4c123gh6pm_startup_ccs.obj" "../libcybotUART.lib" "../tm4c123gh6pm.cmd"  -llibc.a -l"C:/ti/TivaWare_C_Series-2.2.0.295/driverlib/ccs/Debug/driverlib.lib" 
<Linking>
Finished building target: "lab_2.out"
 

**** Build Finished ****

**** Build of configuration Debug for project lab_2 ****

"C:\\ti\\ccs1271\\ccs\\utils\\bin\\gmake" -k -j 20 all -O 
 
Building file: "../movement.c"
Invoking: Arm Compiler
"C:/ti/ccs1271/ccs/tools/compiler/ti-cgt-arm_20.2.7.LTS/bin/armcl" -mv7M4 --code_state=16 --float_support=FPv4SPD16 -me --include_path="U:/CprE288/lab_2" --include_path="C:/ti/TivaWare_C_Series-2.2.0.295" --include_path="C:/ti/ccs1271/ccs/tools/compiler/ti-cgt-arm_20.2.7.LTS/include" --define=ccs="ccs" --define=PART_TM4C123GH6PM -g --gcc --diag_warning=225 --diag_wrap=off --display_error_number --abi=eabi --preproc_with_compile --preproc_dependency="movement.d_raw"  "../movement.c"
Finished building: "../movement.c"
 
Building target: "lab_2.out"
Invoking: Arm Linker
"C:/ti/ccs1271/ccs/tools/compiler/ti-cgt-arm_20.2.7.LTS/bin/armcl" -mv7M4 --code_state=16 --float_support=FPv4SPD16 -me --define=ccs="ccs" --define=PART_TM4C123GH6PM -g --gcc --diag_warning=225 --diag_wrap=off --display_error_number --abi=eabi -z -m"lab_2.map" --heap_size=1024 --stack_size=2048 -i"C:/ti/ccs1271/ccs/tools/compiler/ti-cgt-arm_20.2.7.LTS/lib" -i"C:/ti/ccs1271/ccs/tools/compiler/ti-cgt-arm_20.2.7.LTS/include" --reread_libs --diag_wrap=off --display_error_number --warn_sections --xml_link_info="lab_2_linkInfo.xml" --rom_model -o "lab_2.out" "./Timer.obj" "./lcd.obj" "./main.obj" "./movement.obj" "./open_interface.obj" "./tm4c123gh6pm_startup_ccs.obj" "../libcybotUART.lib" "../tm4c123gh6pm.cmd"  -llibc.a -l"C:/ti/TivaWare_C_Series-2.2.0.295/driverlib/ccs/Debug/driverlib.lib" 
<Linking>
Finished building target: "lab_2.out"
 

**** Build Finished ****

**** Build of configuration Debug for project lab_2 ****

"C:\\ti\\ccs1271\\ccs\\utils\\bin\\gmake" -k -j 20 all -O 
 
Building file: "../movement.c"
Invoking: Arm Compiler
"C:/ti/ccs1271/ccs/tools/compiler/ti-cgt-arm_20.2.7.LTS/bin/armcl" -mv7M4 --code_state=16 --float_support=FPv4SPD16 -me --include_path="U:/CprE288/lab_2" --include_path="C:/ti/TivaWare_C_Series-2.2.0.295" --include_path="C:/ti/ccs1271/ccs/tools/compiler/ti-cgt-arm_20.2.7.LTS/include" --define=ccs="ccs" --define=PART_TM4C123GH6PM -g --gcc --diag_warning=225 --diag_wrap=off --display_error_number --abi=eabi --preproc_with_compile --preproc_dependency="movement.d_raw"  "../movement.c"
Finished building: "../movement.c"
 
Building target: "lab_2.out"
Invoking: Arm Linker
"C:/ti/ccs1271/ccs/tools/compiler/ti-cgt-arm_20.2.7.LTS/bin/armcl" -mv7M4 --code_state=16 --float_support=FPv4SPD16 -me --define=ccs="ccs" --define=PART_TM4C123GH6PM -g --gcc --diag_warning=225 --diag_wrap=off --display_error_number --abi=eabi -z -m"lab_2.map" --heap_size=1024 --stack_size=2048 -i"C:/ti/ccs1271/ccs/tools/compiler/ti-cgt-arm_20.2.7.LTS/lib" -i"C:/ti/ccs1271/ccs/tools/compiler/ti-cgt-arm_20.2.7.LTS/include" --reread_libs --diag_wrap=off --display_error_number --warn_sections --xml_link_info="lab_2_linkInfo.xml" --rom_model -o "lab_2.out" "./Timer.obj" "./lcd.obj" "./main.obj" "./movement.obj" "./open_interface.obj" "./tm4c123gh6pm_startup_ccs.obj" "../libcybotUART.lib" "../tm4c123gh6pm.cmd"  -llibc.a -l"C:/ti/TivaWare_C_Series-2.2.0.295/driverlib/ccs/Debug/driverlib.lib" 
<Linking>
Finished building target: "lab_2.out"
 

**** Build Finished ****

**** Build of configuration Debug for project lab_2 ****

"C:\\ti\\ccs1271\\ccs\\utils\\bin\\gmake" -k -j 20 all -O 
 
Building file: "../movement.c"
Invoking: Arm Compiler
"C:/ti/ccs1271/ccs/tools/compiler/ti-cgt-arm_20.2.7.LTS/bin/armcl" -mv7M4 --code_state=16 --float_support=FPv4SPD16 -me --include_path="U:/CprE288/lab_2" --include_path="C:/ti/TivaWare_C_Series-2.2.0.295" --include_path="C:/ti/ccs1271/ccs/tools/compiler/ti-cgt-arm_20.2.7.LTS/include" --define=ccs="ccs" --define=PART_TM4C123GH6PM -g --gcc --diag_warning=225 --diag_wrap=off --display_error_number --abi=eabi --preproc_with_compile --preproc_dependency="movement.d_raw"  "../movement.c"
Finished building: "../movement.c"
 
Building target: "lab_2.out"
Invoking: Arm Linker
"C:/ti/ccs1271/ccs/tools/compiler/ti-cgt-arm_20.2.7.LTS/bin/armcl" -mv7M4 --code_state=16 --float_support=FPv4SPD16 -me --define=ccs="ccs" --define=PART_TM4C123GH6PM -g --gcc --diag_warning=225 --diag_wrap=off --display_error_number --abi=eabi -z -m"lab_2.map" --heap_size=1024 --stack_size=2048 -i"C:/ti/ccs1271/ccs/tools/compiler/ti-cgt-arm_20.2.7.LTS/lib" -i"C:/ti/ccs1271/ccs/tools/compiler/ti-cgt-arm_20.2.7.LTS/include" --reread_libs --diag_wrap=off --display_error_number --warn_sections --xml_link_info="lab_2_linkInfo.xml" --rom_model -o "lab_2.out" "./Timer.obj" "./lcd.obj" "./main.obj" "./movement.obj" "./open_interface.obj" "./tm4c123gh6pm_startup_ccs.obj" "../libcybotUART.lib" "../tm4c123gh6pm.cmd"  -llibc.a -l"C:/ti/TivaWare_C_Series-2.2.0.295/driverlib/ccs/Debug/driverlib.lib" 
<Linking>
Finished building target: "lab_2.out"
 

**** Build Finished ****

**** Build of configuration Debug for project lab_2 ****

"C:\\ti\\ccs1271\\ccs\\utils\\bin\\gmake" -k -j 20 all -O 
 
Building file: "../movement.c"
Invoking: Arm Compiler
"C:/ti/ccs1271/ccs/tools/compiler/ti-cgt-arm_20.2.7.LTS/bin/armcl" -mv7M4 --code_state=16 --float_support=FPv4SPD16 -me --include_path="U:/CprE288/lab_2" --include_path="C:/ti/TivaWare_C_Series-2.2.0.295" --include_path="C:/ti/ccs1271/ccs/tools/compiler/ti-cgt-arm_20.2.7.LTS/include" --define=ccs="ccs" --define=PART_TM4C123GH6PM -g --gcc --diag_warning=225 --diag_wrap=off --display_error_number --abi=eabi --preproc_with_compile --preproc_dependency="movement.d_raw"  "../movement.c"
 
>> Compilation failure
subdir_rules.mk:9: recipe for target 'movement.obj' failed
"../movement.c", line 92: error #66: expected a ";"
"../movement.c", line 98: warning #12-D: parsing restarts here after previous syntax error
1 error detected in the compilation of "../movement.c".
gmake: *** [movement.obj] Error 1
gmake: Target 'all' not remade because of errors.

**** Build Finished ****

**** Build of configuration Debug for project lab_2 ****

"C:\\ti\\ccs1271\\ccs\\utils\\bin\\gmake" -k -j 20 all -O 
 
Building file: "../movement.c"
Invoking: Arm Compiler
"C:/ti/ccs1271/ccs/tools/compiler/ti-cgt-arm_20.2.7.LTS/bin/armcl" -mv7M4 --code_state=16 --float_support=FPv4SPD16 -me --include_path="U:/CprE288/lab_2" --include_path="C:/ti/TivaWare_C_Series-2.2.0.295" --include_path="C:/ti/ccs1271/ccs/tools/compiler/ti-cgt-arm_20.2.7.LTS/include" --define=ccs="ccs" --define=PART_TM4C123GH6PM -g --gcc --diag_warning=225 --diag_wrap=off --display_error_number --abi=eabi --preproc_with_compile --preproc_dependency="movement.d_raw"  "../movement.c"
 
>> Compilation failure
subdir_rules.mk:9: recipe for target 'movement.obj' failed
"../movement.c", line 92: error #66: expected a ";"
"../movement.c", line 98: warning #12-D: parsing restarts here after previous syntax error
1 error detected in the compilation of "../movement.c".
gmake: *** [movement.obj] Error 1
gmake: Target 'all' not remade because of errors.

**** Build Finished ****

**** Build of configuration Debug for project lab_2 ****

"C:\\ti\\ccs1271\\ccs\\utils\\bin\\gmake" -k -j 20 all -O 
 
Building file: "../movement.c"
Invoking: Arm Compiler
"C:/ti/ccs1271/ccs/tools/compiler/ti-cgt-arm_20.2.7.LTS/bin/armcl" -mv7M4 --code_state=16 --float_support=FPv4SPD16 -me --include_path="U:/CprE288/lab_2" --include_path="C:/ti/TivaWare_C_Series-2.2.0.295" --include_path="C:/ti/ccs1271/ccs/tools/compiler/ti-cgt-arm_20.2.7.LTS/include" --define=ccs="ccs" --define=PART_TM4C123GH6PM -g --gcc --diag_warning=225 --diag_wrap=off --display_error_number --abi=eabi --preproc_with_compile --preproc_dependency="movement.d_raw"  "../movement.c"
Finished building: "../movement.c"
 
Building target: "lab_2.out"
Invoking: Arm Linker
"C:/ti/ccs1271/ccs/tools/compiler/ti-cgt-arm_20.2.7.LTS/bin/armcl" -mv7M4 --code_state=16 --float_support=FPv4SPD16 -me --define=ccs="ccs" --define=PART_TM4C123GH6PM -g --gcc --diag_warning=225 --diag_wrap=off --display_error_number --abi=eabi -z -m"lab_2.map" --heap_size=1024 --stack_size=2048 -i"C:/ti/ccs1271/ccs/tools/compiler/ti-cgt-arm_20.2.7.LTS/lib" -i"C:/ti/ccs1271/ccs/tools/compiler/ti-cgt-arm_20.2.7.LTS/include" --reread_libs --diag_wrap=off --display_error_number --warn_sections --xml_link_info="lab_2_linkInfo.xml" --rom_model -o "lab_2.out" "./Timer.obj" "./lcd.obj" "./main.obj" "./movement.obj" "./open_interface.obj" "./tm4c123gh6pm_startup_ccs.obj" "../libcybotUART.lib" "../tm4c123gh6pm.cmd"  -llibc.a -l"C:/ti/TivaWare_C_Series-2.2.0.295/driverlib/ccs/Debug/driverlib.lib" 
<Linking>
Finished building target: "lab_2.out"
 

**** Build Finished ****

**** Build of configuration Debug for project lab_2 ****

"C:\\ti\\ccs1271\\ccs\\utils\\bin\\gmake" -k -j 20 all -O 
 
gmake[1]: 'lab_2.out' is up to date.

**** Build Finished ****

**** Build of configuration Debug for project lab_2 ****

"C:\\ti\\ccs1271\\ccs\\utils\\bin\\gmake" -k -j 20 all -O 
 
Building file: "../movement.c"
Invoking: Arm Compiler
"C:/ti/ccs1271/ccs/tools/compiler/ti-cgt-arm_20.2.7.LTS/bin/armcl" -mv7M4 --code_state=16 --float_support=FPv4SPD16 -me --include_path="U:/CprE288/lab_2" --include_path="C:/ti/TivaWare_C_Series-2.2.0.295" --include_path="C:/ti/ccs1271/ccs/tools/compiler/ti-cgt-arm_20.2.7.LTS/include" --define=ccs="ccs" --define=PART_TM4C123GH6PM -g --gcc --diag_warning=225 --diag_wrap=off --display_error_number --abi=eabi --preproc_with_compile --preproc_dependency="movement.d_raw"  "../movement.c"
Finished building: "../movement.c"
 
Building target: "lab_2.out"
Invoking: Arm Linker
"C:/ti/ccs1271/ccs/tools/compiler/ti-cgt-arm_20.2.7.LTS/bin/armcl" -mv7M4 --code_state=16 --float_support=FPv4SPD16 -me --define=ccs="ccs" --define=PART_TM4C123GH6PM -g --gcc --diag_warning=225 --diag_wrap=off --display_error_number --abi=eabi -z -m"lab_2.map" --heap_size=1024 --stack_size=2048 -i"C:/ti/ccs1271/ccs/tools/compiler/ti-cgt-arm_20.2.7.LTS/lib" -i"C:/ti/ccs1271/ccs/tools/compiler/ti-cgt-arm_20.2.7.LTS/include" --reread_libs --diag_wrap=off --display_error_number --warn_sections --xml_link_info="lab_2_linkInfo.xml" --rom_model -o "lab_2.out" "./Timer.obj" "./lcd.obj" "./main.obj" "./movement.obj" "./open_interface.obj" "./tm4c123gh6pm_startup_ccs.obj" "../libcybotUART.lib" "../tm4c123gh6pm.cmd"  -llibc.a -l"C:/ti/TivaWare_C_Series-2.2.0.295/driverlib/ccs/Debug/driverlib.lib" 
<Linking>
Finished building target: "lab_2.out"
 

**** Build Finished ****

**** Build of configuration Debug for project lab_2 ****

"C:\\ti\\ccs1271\\ccs\\utils\\bin\\gmake" -k -j 20 all -O 
 
gmake[1]: 'lab_2.out' is up to date.

**** Build Finished ****

**** Build of configuration Debug for project lab_2 ****

"C:\\ti\\ccs1271\\ccs\\utils\\bin\\gmake" -k -j 20 all -O 
 
Building file: "../movement.c"
Invoking: Arm Compiler
"C:/ti/ccs1271/ccs/tools/compiler/ti-cgt-arm_20.2.7.LTS/bin/armcl" -mv7M4 --code_state=16 --float_support=FPv4SPD16 -me --include_path="U:/CprE288/lab_2" --include_path="C:/ti/TivaWare_C_Series-2.2.0.295" --include_path="C:/ti/ccs1271/ccs/tools/compiler/ti-cgt-arm_20.2.7.LTS/include" --define=ccs="ccs" --define=PART_TM4C123GH6PM -g --gcc --diag_warning=225 --diag_wrap=off --display_error_number --abi=eabi --preproc_with_compile --preproc_dependency="movement.d_raw"  "../movement.c"
Finished building: "../movement.c"
 
Building target: "lab_2.out"
Invoking: Arm Linker
"C:/ti/ccs1271/ccs/tools/compiler/ti-cgt-arm_20.2.7.LTS/bin/armcl" -mv7M4 --code_state=16 --float_support=FPv4SPD16 -me --define=ccs="ccs" --define=PART_TM4C123GH6PM -g --gcc --diag_warning=225 --diag_wrap=off --display_error_number --abi=eabi -z -m"lab_2.map" --heap_size=1024 --stack_size=2048 -i"C:/ti/ccs1271/ccs/tools/compiler/ti-cgt-arm_20.2.7.LTS/lib" -i"C:/ti/ccs1271/ccs/tools/compiler/ti-cgt-arm_20.2.7.LTS/include" --reread_libs --diag_wrap=off --display_error_number --warn_sections --xml_link_info="lab_2_linkInfo.xml" --rom_model -o "lab_2.out" "./Timer.obj" "./lcd.obj" "./main.obj" "./movement.obj" "./open_interface.obj" "./tm4c123gh6pm_startup_ccs.obj" "../libcybotUART.lib" "../tm4c123gh6pm.cmd"  -llibc.a -l"C:/ti/TivaWare_C_Series-2.2.0.295/driverlib/ccs/Debug/driverlib.lib" 
<Linking>
Finished building target: "lab_2.out"
 

**** Build Finished ****

**** Build of configuration Debug for project lab_2 ****

"C:\\ti\\ccs1271\\ccs\\utils\\bin\\gmake" -k -j 20 all -O 
 
Building file: "../movement.c"
Invoking: Arm Compiler
"C:/ti/ccs1271/ccs/tools/compiler/ti-cgt-arm_20.2.7.LTS/bin/armcl" -mv7M4 --code_state=16 --float_support=FPv4SPD16 -me --include_path="U:/CprE288/lab_2" --include_path="C:/ti/TivaWare_C_Series-2.2.0.295" --include_path="C:/ti/ccs1271/ccs/tools/compiler/ti-cgt-arm_20.2.7.LTS/include" --define=ccs="ccs" --define=PART_TM4C123GH6PM -g --gcc --diag_warning=225 --diag_wrap=off --display_error_number --abi=eabi --preproc_with_compile --preproc_dependency="movement.d_raw"  "../movement.c"
Finished building: "../movement.c"
 
Building target: "lab_2.out"
Invoking: Arm Linker
"C:/ti/ccs1271/ccs/tools/compiler/ti-cgt-arm_20.2.7.LTS/bin/armcl" -mv7M4 --code_state=16 --float_support=FPv4SPD16 -me --define=ccs="ccs" --define=PART_TM4C123GH6PM -g --gcc --diag_warning=225 --diag_wrap=off --display_error_number --abi=eabi -z -m"lab_2.map" --heap_size=1024 --stack_size=2048 -i"C:/ti/ccs1271/ccs/tools/compiler/ti-cgt-arm_20.2.7.LTS/lib" -i"C:/ti/ccs1271/ccs/tools/compiler/ti-cgt-arm_20.2.7.LTS/include" --reread_libs --diag_wrap=off --display_error_number --warn_sections --xml_link_info="lab_2_linkInfo.xml" --rom_model -o "lab_2.out" "./Timer.obj" "./lcd.obj" "./main.obj" "./movement.obj" "./open_interface.obj" "./tm4c123gh6pm_startup_ccs.obj" "../libcybotUART.lib" "../tm4c123gh6pm.cmd"  -llibc.a -l"C:/ti/TivaWare_C_Series-2.2.0.295/driverlib/ccs/Debug/driverlib.lib" 
<Linking>
Finished building target: "lab_2.out"
 

**** Build Finished ****

**** Build of configuration Debug for project lab_2 ****

"C:\\ti\\ccs1271\\ccs\\utils\\bin\\gmake" -k -j 20 all -O 
 
Building file: "../main.c"
Invoking: Arm Compiler
"C:/ti/ccs1271/ccs/tools/compiler/ti-cgt-arm_20.2.7.LTS/bin/armcl" -mv7M4 --code_state=16 --float_support=FPv4SPD16 -me --include_path="U:/CprE288/lab_2" --include_path="C:/ti/TivaWare_C_Series-2.2.0.295" --include_path="C:/ti/ccs1271/ccs/tools/compiler/ti-cgt-arm_20.2.7.LTS/include" --define=ccs="ccs" --define=PART_TM4C123GH6PM -g --gcc --diag_warning=225 --diag_wrap=off --display_error_number --abi=eabi --preproc_with_compile --preproc_dependency="main.d_raw"  "../main.c"
Finished building: "../main.c"
 
Building file: "../movement.c"
Invoking: Arm Compiler
"C:/ti/ccs1271/ccs/tools/compiler/ti-cgt-arm_20.2.7.LTS/bin/armcl" -mv7M4 --code_state=16 --float_support=FPv4SPD16 -me --include_path="U:/CprE288/lab_2" --include_path="C:/ti/TivaWare_C_Series-2.2.0.295" --include_path="C:/ti/ccs1271/ccs/tools/compiler/ti-cgt-arm_20.2.7.LTS/include" --define=ccs="ccs" --define=PART_TM4C123GH6PM -g --gcc --diag_warning=225 --diag_wrap=off --display_error_number --abi=eabi --preproc_with_compile --preproc_dependency="movement.d_raw"  "../movement.c"
Finished building: "../movement.c"
 
Building target: "lab_2.out"
Invoking: Arm Linker
"C:/ti/ccs1271/ccs/tools/compiler/ti-cgt-arm_20.2.7.LTS/bin/armcl" -mv7M4 --code_state=16 --float_support=FPv4SPD16 -me --define=ccs="ccs" --define=PART_TM4C123GH6PM -g --gcc --diag_warning=225 --diag_wrap=off --display_error_number --abi=eabi -z -m"lab_2.map" --heap_size=1024 --stack_size=2048 -i"C:/ti/ccs1271/ccs/tools/compiler/ti-cgt-arm_20.2.7.LTS/lib" -i"C:/ti/ccs1271/ccs/tools/compiler/ti-cgt-arm_20.2.7.LTS/include" --reread_libs --diag_wrap=off --display_error_number --warn_sections --xml_link_info="lab_2_linkInfo.xml" --rom_model -o "lab_2.out" "./Timer.obj" "./lcd.obj" "./main.obj" "./movement.obj" "./open_interface.obj" "./tm4c123gh6pm_startup_ccs.obj" "../libcybotUART.lib" "../tm4c123gh6pm.cmd"  -llibc.a -l"C:/ti/TivaWare_C_Series-2.2.0.295/driverlib/ccs/Debug/driverlib.lib" 
<Linking>
Finished building target: "lab_2.out"
 

**** Build Finished ****

**** Build of configuration Debug for project lab_2 ****

"C:\\ti\\ccs1271\\ccs\\utils\\bin\\gmake" -k -j 20 all -O 
 
gmake[1]: 'lab_2.out' is up to date.

**** Build Finished ****

**** Build of configuration Debug for project lab_2 ****

"C:\\ti\\ccs1271\\ccs\\utils\\bin\\gmake" -k -j 20 all -O 
 
gmake[1]: 'lab_2.out' is up to date.

**** Build Finished ****

**** Build of configuration Debug for project lab_2 ****

"C:\\ti\\ccs1271\\ccs\\utils\\bin\\gmake" -k -j 20 all -O 
 
gmake[1]: 'lab_2.out' is up to date.

**** Build Finished ****

**** Build of configuration Debug for project lab_2 ****

"C:\\ti\\ccs1271\\ccs\\utils\\bin\\gmake" -k -j 20 all -O 
 
Building file: "../movement.c"
Invoking: Arm Compiler
"C:/ti/ccs1271/ccs/tools/compiler/ti-cgt-arm_20.2.7.LTS/bin/armcl" -mv7M4 --code_state=16 --float_support=FPv4SPD16 -me --include_path="U:/CprE288/lab_2" --include_path="C:/ti/TivaWare_C_Series-2.2.0.295" --include_path="C:/ti/ccs1271/ccs/tools/compiler/ti-cgt-arm_20.2.7.LTS/include" --define=ccs="ccs" --define=PART_TM4C123GH6PM -g --gcc --diag_warning=225 --diag_wrap=off --display_error_number --abi=eabi --preproc_with_compile --preproc_dependency="movement.d_raw"  "../movement.c"
Finished building: "../movement.c"
 
Building target: "lab_2.out"
Invoking: Arm Linker
"C:/ti/ccs1271/ccs/tools/compiler/ti-cgt-arm_20.2.7.LTS/bin/armcl" -mv7M4 --code_state=16 --float_support=FPv4SPD16 -me --define=ccs="ccs" --define=PART_TM4C123GH6PM -g --gcc --diag_warning=225 --diag_wrap=off --display_error_number --abi=eabi -z -m"lab_2.map" --heap_size=1024 --stack_size=2048 -i"C:/ti/ccs1271/ccs/tools/compiler/ti-cgt-arm_20.2.7.LTS/lib" -i"C:/ti/ccs1271/ccs/tools/compiler/ti-cgt-arm_20.2.7.LTS/include" --reread_libs --diag_wrap=off --display_error_number --warn_sections --xml_link_info="lab_2_linkInfo.xml" --rom_model -o "lab_2.out" "./Timer.obj" "./lcd.obj" "./main.obj" "./movement.obj" "./open_interface.obj" "./tm4c123gh6pm_startup_ccs.obj" "../libcybotUART.lib" "../tm4c123gh6pm.cmd"  -llibc.a -l"C:/ti/TivaWare_C_Series-2.2.0.295/driverlib/ccs/Debug/driverlib.lib" 
<Linking>
Finished building target: "lab_2.out"
 

**** Build Finished ****

**** Build of configuration Debug for project lab_2 ****

"C:\\ti\\ccs1271\\ccs\\utils\\bin\\gmake" -k -j 20 all -O 
 
gmake[1]: 'lab_2.out' is up to date.

**** Build Finished ****

**** Build of configuration Debug for project lab_2 ****

"C:\\ti\\ccs1271\\ccs\\utils\\bin\\gmake" -k -j 20 all -O 
 
Building file: "../movement.c"
Invoking: Arm Compiler
"C:/ti/ccs1271/ccs/tools/compiler/ti-cgt-arm_20.2.7.LTS/bin/armcl" -mv7M4 --code_state=16 --float_support=FPv4SPD16 -me --include_path="U:/CprE288/lab_2" --include_path="C:/ti/TivaWare_C_Series-2.2.0.295" --include_path="C:/ti/ccs1271/ccs/tools/compiler/ti-cgt-arm_20.2.7.LTS/include" --define=ccs="ccs" --define=PART_TM4C123GH6PM -g --gcc --diag_warning=225 --diag_wrap=off --display_error_number --abi=eabi --preproc_with_compile --preproc_dependency="movement.d_raw"  "../movement.c"
Finished building: "../movement.c"
 
Building target: "lab_2.out"
Invoking: Arm Linker
"C:/ti/ccs1271/ccs/tools/compiler/ti-cgt-arm_20.2.7.LTS/bin/armcl" -mv7M4 --code_state=16 --float_support=FPv4SPD16 -me --define=ccs="ccs" --define=PART_TM4C123GH6PM -g --gcc --diag_warning=225 --diag_wrap=off --display_error_number --abi=eabi -z -m"lab_2.map" --heap_size=1024 --stack_size=2048 -i"C:/ti/ccs1271/ccs/tools/compiler/ti-cgt-arm_20.2.7.LTS/lib" -i"C:/ti/ccs1271/ccs/tools/compiler/ti-cgt-arm_20.2.7.LTS/include" --reread_libs --diag_wrap=off --display_error_number --warn_sections --xml_link_info="lab_2_linkInfo.xml" --rom_model -o "lab_2.out" "./Timer.obj" "./lcd.obj" "./main.obj" "./movement.obj" "./open_interface.obj" "./tm4c123gh6pm_startup_ccs.obj" "../libcybotUART.lib" "../tm4c123gh6pm.cmd"  -llibc.a -l"C:/ti/TivaWare_C_Series-2.2.0.295/driverlib/ccs/Debug/driverlib.lib" 
<Linking>
Finished building target: "lab_2.out"
 

**** Build Finished ****

**** Build of configuration Debug for project lab_2 ****

"C:\\ti\\ccs1271\\ccs\\utils\\bin\\gmake" -k -j 20 all -O 
 
Building file: "../movement.c"
Invoking: Arm Compiler
"C:/ti/ccs1271/ccs/tools/compiler/ti-cgt-arm_20.2.7.LTS/bin/armcl" -mv7M4 --code_state=16 --float_support=FPv4SPD16 -me --include_path="U:/CprE288/lab_2" --include_path="C:/ti/TivaWare_C_Series-2.2.0.295" --include_path="C:/ti/ccs1271/ccs/tools/compiler/ti-cgt-arm_20.2.7.LTS/include" --define=ccs="ccs" --define=PART_TM4C123GH6PM -g --gcc --diag_warning=225 --diag_wrap=off --display_error_number --abi=eabi --preproc_with_compile --preproc_dependency="movement.d_raw"  "../movement.c"
Finished building: "../movement.c"
 
Building target: "lab_2.out"
Invoking: Arm Linker
"C:/ti/ccs1271/ccs/tools/compiler/ti-cgt-arm_20.2.7.LTS/bin/armcl" -mv7M4 --code_state=16 --float_support=FPv4SPD16 -me --define=ccs="ccs" --define=PART_TM4C123GH6PM -g --gcc --diag_warning=225 --diag_wrap=off --display_error_number --abi=eabi -z -m"lab_2.map" --heap_size=1024 --stack_size=2048 -i"C:/ti/ccs1271/ccs/tools/compiler/ti-cgt-arm_20.2.7.LTS/lib" -i"C:/ti/ccs1271/ccs/tools/compiler/ti-cgt-arm_20.2.7.LTS/include" --reread_libs --diag_wrap=off --display_error_number --warn_sections --xml_link_info="lab_2_linkInfo.xml" --rom_model -o "lab_2.out" "./Timer.obj" "./lcd.obj" "./main.obj" "./movement.obj" "./open_interface.obj" "./tm4c123gh6pm_startup_ccs.obj" "../libcybotUART.lib" "../tm4c123gh6pm.cmd"  -llibc.a -l"C:/ti/TivaWare_C_Series-2.2.0.295/driverlib/ccs/Debug/driverlib.lib" 
<Linking>
Finished building target: "lab_2.out"
 

**** Build Finished ****

**** Build of configuration Debug for project lab_2 ****

"C:\\ti\\ccs1271\\ccs\\utils\\bin\\gmake" -k -j 20 all -O 
 
Building file: "../main.c"
Invoking: Arm Compiler
"C:/ti/ccs1271/ccs/tools/compiler/ti-cgt-arm_20.2.7.LTS/bin/armcl" -mv7M4 --code_state=16 --float_support=FPv4SPD16 -me --include_path="U:/CprE288/lab_2" --include_path="C:/ti/TivaWare_C_Series-2.2.0.295" --include_path="C:/ti/ccs1271/ccs/tools/compiler/ti-cgt-arm_20.2.7.LTS/include" --define=ccs="ccs" --define=PART_TM4C123GH6PM -g --gcc --diag_warning=225 --diag_wrap=off --display_error_number --abi=eabi --preproc_with_compile --preproc_dependency="main.d_raw"  "../main.c"
Finished building: "../main.c"
 
Building target: "lab_2.out"
Invoking: Arm Linker
"C:/ti/ccs1271/ccs/tools/compiler/ti-cgt-arm_20.2.7.LTS/bin/armcl" -mv7M4 --code_state=16 --float_support=FPv4SPD16 -me --define=ccs="ccs" --define=PART_TM4C123GH6PM -g --gcc --diag_warning=225 --diag_wrap=off --display_error_number --abi=eabi -z -m"lab_2.map" --heap_size=1024 --stack_size=2048 -i"C:/ti/ccs1271/ccs/tools/compiler/ti-cgt-arm_20.2.7.LTS/lib" -i"C:/ti/ccs1271/ccs/tools/compiler/ti-cgt-arm_20.2.7.LTS/include" --reread_libs --diag_wrap=off --display_error_number --warn_sections --xml_link_info="lab_2_linkInfo.xml" --rom_model -o "lab_2.out" "./Timer.obj" "./lcd.obj" "./main.obj" "./movement.obj" "./open_interface.obj" "./tm4c123gh6pm_startup_ccs.obj" "../libcybotUART.lib" "../tm4c123gh6pm.cmd"  -llibc.a -l"C:/ti/TivaWare_C_Series-2.2.0.295/driverlib/ccs/Debug/driverlib.lib" 
<Linking>
Finished building target: "lab_2.out"
 

**** Build Finished ****

**** Build of configuration Debug for project lab_2 ****

"C:\\ti\\ccs1271\\ccs\\utils\\bin\\gmake" -k -j 20 all -O 
 
Building file: "../movement.c"
Invoking: Arm Compiler
"C:/ti/ccs1271/ccs/tools/compiler/ti-cgt-arm_20.2.7.LTS/bin/armcl" -mv7M4 --code_state=16 --float_support=FPv4SPD16 -me --include_path="U:/CprE288/lab_2" --include_path="C:/ti/TivaWare_C_Series-2.2.0.295" --include_path="C:/ti/ccs1271/ccs/tools/compiler/ti-cgt-arm_20.2.7.LTS/include" --define=ccs="ccs" --define=PART_TM4C123GH6PM -g --gcc --diag_warning=225 --diag_wrap=off --display_error_number --abi=eabi --preproc_with_compile --preproc_dependency="movement.d_raw"  "../movement.c"
Finished building: "../movement.c"
 
Building target: "lab_2.out"
Invoking: Arm Linker
"C:/ti/ccs1271/ccs/tools/compiler/ti-cgt-arm_20.2.7.LTS/bin/armcl" -mv7M4 --code_state=16 --float_support=FPv4SPD16 -me --define=ccs="ccs" --define=PART_TM4C123GH6PM -g --gcc --diag_warning=225 --diag_wrap=off --display_error_number --abi=eabi -z -m"lab_2.map" --heap_size=1024 --stack_size=2048 -i"C:/ti/ccs1271/ccs/tools/compiler/ti-cgt-arm_20.2.7.LTS/lib" -i"C:/ti/ccs1271/ccs/tools/compiler/ti-cgt-arm_20.2.7.LTS/include" --reread_libs --diag_wrap=off --display_error_number --warn_sections --xml_link_info="lab_2_linkInfo.xml" --rom_model -o "lab_2.out" "./Timer.obj" "./lcd.obj" "./main.obj" "./movement.obj" "./open_interface.obj" "./tm4c123gh6pm_startup_ccs.obj" "../libcybotUART.lib" "../tm4c123gh6pm.cmd"  -llibc.a -l"C:/ti/TivaWare_C_Series-2.2.0.295/driverlib/ccs/Debug/driverlib.lib" 
<Linking>
Finished building target: "lab_2.out"
 

**** Build Finished ****

**** Build of configuration Debug for project lab_2 ****

"C:\\ti\\ccs1271\\ccs\\utils\\bin\\gmake" -k -j 20 all -O 
 
gmake[1]: 'lab_2.out' is up to date.

**** Build Finished ****

**** Build of configuration Debug for project lab_2 ****

"C:\\ti\\ccs1271\\ccs\\utils\\bin\\gmake" -k -j 20 all -O 
 
gmake[1]: 'lab_2.out' is up to date.

**** Build Finished ****

**** Build of configuration Debug for project lab_2 ****

"C:\\ti\\ccs1271\\ccs\\utils\\bin\\gmake" -k -j 20 all -O 
 
Building file: "../movement.c"
Invoking: Arm Compiler
"C:/ti/ccs1271/ccs/tools/compiler/ti-cgt-arm_20.2.7.LTS/bin/armcl" -mv7M4 --code_state=16 --float_support=FPv4SPD16 -me --include_path="U:/CprE288/lab_2" --include_path="C:/ti/TivaWare_C_Series-2.2.0.295" --include_path="C:/ti/ccs1271/ccs/tools/compiler/ti-cgt-arm_20.2.7.LTS/include" --define=ccs="ccs" --define=PART_TM4C123GH6PM -g --gcc --diag_warning=225 --diag_wrap=off --display_error_number --abi=eabi --preproc_with_compile --preproc_dependency="movement.d_raw"  "../movement.c"
Finished building: "../movement.c"
 
Building target: "lab_2.out"
Invoking: Arm Linker
"C:/ti/ccs1271/ccs/tools/compiler/ti-cgt-arm_20.2.7.LTS/bin/armcl" -mv7M4 --code_state=16 --float_support=FPv4SPD16 -me --define=ccs="ccs" --define=PART_TM4C123GH6PM -g --gcc --diag_warning=225 --diag_wrap=off --display_error_number --abi=eabi -z -m"lab_2.map" --heap_size=1024 --stack_size=2048 -i"C:/ti/ccs1271/ccs/tools/compiler/ti-cgt-arm_20.2.7.LTS/lib" -i"C:/ti/ccs1271/ccs/tools/compiler/ti-cgt-arm_20.2.7.LTS/include" --reread_libs --diag_wrap=off --display_error_number --warn_sections --xml_link_info="lab_2_linkInfo.xml" --rom_model -o "lab_2.out" "./Timer.obj" "./lcd.obj" "./main.obj" "./movement.obj" "./open_interface.obj" "./tm4c123gh6pm_startup_ccs.obj" "../libcybotUART.lib" "../tm4c123gh6pm.cmd"  -llibc.a -l"C:/ti/TivaWare_C_Series-2.2.0.295/driverlib/ccs/Debug/driverlib.lib" 
<Linking>
Finished building target: "lab_2.out"
 

**** Build Finished ****

**** Build of configuration Debug for project lab_2 ****

"C:\\ti\\ccs1271\\ccs\\utils\\bin\\gmake" -k -j 20 all -O 
 
Building file: "../movement.c"
Invoking: Arm Compiler
"C:/ti/ccs1271/ccs/tools/compiler/ti-cgt-arm_20.2.7.LTS/bin/armcl" -mv7M4 --code_state=16 --float_support=FPv4SPD16 -me --include_path="U:/CprE288/lab_2" --include_path="C:/ti/TivaWare_C_Series-2.2.0.295" --include_path="C:/ti/ccs1271/ccs/tools/compiler/ti-cgt-arm_20.2.7.LTS/include" --define=ccs="ccs" --define=PART_TM4C123GH6PM -g --gcc --diag_warning=225 --diag_wrap=off --display_error_number --abi=eabi --preproc_with_compile --preproc_dependency="movement.d_raw"  "../movement.c"
Finished building: "../movement.c"
 
Building target: "lab_2.out"
Invoking: Arm Linker
"C:/ti/ccs1271/ccs/tools/compiler/ti-cgt-arm_20.2.7.LTS/bin/armcl" -mv7M4 --code_state=16 --float_support=FPv4SPD16 -me --define=ccs="ccs" --define=PART_TM4C123GH6PM -g --gcc --diag_warning=225 --diag_wrap=off --display_error_number --abi=eabi -z -m"lab_2.map" --heap_size=1024 --stack_size=2048 -i"C:/ti/ccs1271/ccs/tools/compiler/ti-cgt-arm_20.2.7.LTS/lib" -i"C:/ti/ccs1271/ccs/tools/compiler/ti-cgt-arm_20.2.7.LTS/include" --reread_libs --diag_wrap=off --display_error_number --warn_sections --xml_link_info="lab_2_linkInfo.xml" --rom_model -o "lab_2.out" "./Timer.obj" "./lcd.obj" "./main.obj" "./movement.obj" "./open_interface.obj" "./tm4c123gh6pm_startup_ccs.obj" "../libcybotUART.lib" "../tm4c123gh6pm.cmd"  -llibc.a -l"C:/ti/TivaWare_C_Series-2.2.0.295/driverlib/ccs/Debug/driverlib.lib" 
<Linking>
Finished building target: "lab_2.out"
 

**** Build Finished ****

**** Build of configuration Debug for project lab_2 ****

"C:\\ti\\ccs1271\\ccs\\utils\\bin\\gmake" -k -j 20 all -O 
 
Building file: "../main.c"
Invoking: Arm Compiler
"C:/ti/ccs1271/ccs/tools/compiler/ti-cgt-arm_20.2.7.LTS/bin/armcl" -mv7M4 --code_state=16 --float_support=FPv4SPD16 -me --include_path="U:/CprE288/lab_2" --include_path="C:/ti/TivaWare_C_Series-2.2.0.295" --include_path="C:/ti/ccs1271/ccs/tools/compiler/ti-cgt-arm_20.2.7.LTS/include" --define=ccs="ccs" --define=PART_TM4C123GH6PM -g --gcc --diag_warning=225 --diag_wrap=off --display_error_number --abi=eabi --preproc_with_compile --preproc_dependency="main.d_raw"  "../main.c"
Finished building: "../main.c"
 
Building target: "lab_2.out"
Invoking: Arm Linker
"C:/ti/ccs1271/ccs/tools/compiler/ti-cgt-arm_20.2.7.LTS/bin/armcl" -mv7M4 --code_state=16 --float_support=FPv4SPD16 -me --define=ccs="ccs" --define=PART_TM4C123GH6PM -g --gcc --diag_warning=225 --diag_wrap=off --display_error_number --abi=eabi -z -m"lab_2.map" --heap_size=1024 --stack_size=2048 -i"C:/ti/ccs1271/ccs/tools/compiler/ti-cgt-arm_20.2.7.LTS/lib" -i"C:/ti/ccs1271/ccs/tools/compiler/ti-cgt-arm_20.2.7.LTS/include" --reread_libs --diag_wrap=off --display_error_number --warn_sections --xml_link_info="lab_2_linkInfo.xml" --rom_model -o "lab_2.out" "./Timer.obj" "./lcd.obj" "./main.obj" "./movement.obj" "./open_interface.obj" "./tm4c123gh6pm_startup_ccs.obj" "../libcybotUART.lib" "../tm4c123gh6pm.cmd"  -llibc.a -l"C:/ti/TivaWare_C_Series-2.2.0.295/driverlib/ccs/Debug/driverlib.lib" 
<Linking>
Finished building target: "lab_2.out"
 

**** Build Finished ****

**** Build of configuration Debug for project lab_2 ****

"C:\\ti\\ccs1271\\ccs\\utils\\bin\\gmake" -k -j 20 all -O 
 
gmake[1]: 'lab_2.out' is up to date.

**** Build Finished ****

**** Build of configuration Debug for project lab_2 ****

"C:\\ti\\ccs1271\\ccs\\utils\\bin\\gmake" -k -j 20 all -O 
 
Building file: "../main.c"
Invoking: Arm Compiler
"C:/ti/ccs1271/ccs/tools/compiler/ti-cgt-arm_20.2.7.LTS/bin/armcl" -mv7M4 --code_state=16 --float_support=FPv4SPD16 -me --include_path="U:/CprE288/lab_2" --include_path="C:/ti/TivaWare_C_Series-2.2.0.295" --include_path="C:/ti/ccs1271/ccs/tools/compiler/ti-cgt-arm_20.2.7.LTS/include" --define=ccs="ccs" --define=PART_TM4C123GH6PM -g --gcc --diag_warning=225 --diag_wrap=off --display_error_number --abi=eabi --preproc_with_compile --preproc_dependency="main.d_raw"  "../main.c"
Finished building: "../main.c"
 
Building file: "../movement.c"
Invoking: Arm Compiler
"C:/ti/ccs1271/ccs/tools/compiler/ti-cgt-arm_20.2.7.LTS/bin/armcl" -mv7M4 --code_state=16 --float_support=FPv4SPD16 -me --include_path="U:/CprE288/lab_2" --include_path="C:/ti/TivaWare_C_Series-2.2.0.295" --include_path="C:/ti/ccs1271/ccs/tools/compiler/ti-cgt-arm_20.2.7.LTS/include" --define=ccs="ccs" --define=PART_TM4C123GH6PM -g --gcc --diag_warning=225 --diag_wrap=off --display_error_number --abi=eabi --preproc_with_compile --preproc_dependency="movement.d_raw"  "../movement.c"
Finished building: "../movement.c"
 
Building target: "lab_2.out"
Invoking: Arm Linker
"C:/ti/ccs1271/ccs/tools/compiler/ti-cgt-arm_20.2.7.LTS/bin/armcl" -mv7M4 --code_state=16 --float_support=FPv4SPD16 -me --define=ccs="ccs" --define=PART_TM4C123GH6PM -g --gcc --diag_warning=225 --diag_wrap=off --display_error_number --abi=eabi -z -m"lab_2.map" --heap_size=1024 --stack_size=2048 -i"C:/ti/ccs1271/ccs/tools/compiler/ti-cgt-arm_20.2.7.LTS/lib" -i"C:/ti/ccs1271/ccs/tools/compiler/ti-cgt-arm_20.2.7.LTS/include" --reread_libs --diag_wrap=off --display_error_number --warn_sections --xml_link_info="lab_2_linkInfo.xml" --rom_model -o "lab_2.out" "./Timer.obj" "./lcd.obj" "./main.obj" "./movement.obj" "./open_interface.obj" "./tm4c123gh6pm_startup_ccs.obj" "../libcybotUART.lib" "../tm4c123gh6pm.cmd"  -llibc.a -l"C:/ti/TivaWare_C_Series-2.2.0.295/driverlib/ccs/Debug/driverlib.lib" 
<Linking>
Finished building target: "lab_2.out"
 

**** Build Finished ****

**** Build of configuration Debug for project lab_2 ****

"C:\\ti\\ccs1271\\ccs\\utils\\bin\\gmake" -k -j 20 all -O 
 
Building file: "../main.c"
Invoking: Arm Compiler
"C:/ti/ccs1271/ccs/tools/compiler/ti-cgt-arm_20.2.7.LTS/bin/armcl" -mv7M4 --code_state=16 --float_support=FPv4SPD16 -me --include_path="U:/CprE288/lab_2" --include_path="C:/ti/TivaWare_C_Series-2.2.0.295" --include_path="C:/ti/ccs1271/ccs/tools/compiler/ti-cgt-arm_20.2.7.LTS/include" --define=ccs="ccs" --define=PART_TM4C123GH6PM -g --gcc --diag_warning=225 --diag_wrap=off --display_error_number --abi=eabi --preproc_with_compile --preproc_dependency="main.d_raw"  "../main.c"
Finished building: "../main.c"
 
Building target: "lab_2.out"
Invoking: Arm Linker
"C:/ti/ccs1271/ccs/tools/compiler/ti-cgt-arm_20.2.7.LTS/bin/armcl" -mv7M4 --code_state=16 --float_support=FPv4SPD16 -me --define=ccs="ccs" --define=PART_TM4C123GH6PM -g --gcc --diag_warning=225 --diag_wrap=off --display_error_number --abi=eabi -z -m"lab_2.map" --heap_size=1024 --stack_size=2048 -i"C:/ti/ccs1271/ccs/tools/compiler/ti-cgt-arm_20.2.7.LTS/lib" -i"C:/ti/ccs1271/ccs/tools/compiler/ti-cgt-arm_20.2.7.LTS/include" --reread_libs --diag_wrap=off --display_error_number --warn_sections --xml_link_info="lab_2_linkInfo.xml" --rom_model -o "lab_2.out" "./Timer.obj" "./lcd.obj" "./main.obj" "./movement.obj" "./open_interface.obj" "./tm4c123gh6pm_startup_ccs.obj" "../libcybotUART.lib" "../tm4c123gh6pm.cmd"  -llibc.a -l"C:/ti/TivaWare_C_Series-2.2.0.295/driverlib/ccs/Debug/driverlib.lib" 
<Linking>
Finished building target: "lab_2.out"
 

**** Build Finished ****

**** Build of configuration Debug for project lab_2 ****

"C:\\ti\\ccs1271\\ccs\\utils\\bin\\gmake" -k -j 20 all -O 
 
Building file: "../main.c"
Invoking: Arm Compiler
"C:/ti/ccs1271/ccs/tools/compiler/ti-cgt-arm_20.2.7.LTS/bin/armcl" -mv7M4 --code_state=16 --float_support=FPv4SPD16 -me --include_path="U:/CprE288/lab_2" --include_path="C:/ti/TivaWare_C_Series-2.2.0.295" --include_path="C:/ti/ccs1271/ccs/tools/compiler/ti-cgt-arm_20.2.7.LTS/include" --define=ccs="ccs" --define=PART_TM4C123GH6PM -g --gcc --diag_warning=225 --diag_wrap=off --display_error_number --abi=eabi --preproc_with_compile --preproc_dependency="main.d_raw"  "../main.c"
Finished building: "../main.c"
 
Building target: "lab_2.out"
Invoking: Arm Linker
"C:/ti/ccs1271/ccs/tools/compiler/ti-cgt-arm_20.2.7.LTS/bin/armcl" -mv7M4 --code_state=16 --float_support=FPv4SPD16 -me --define=ccs="ccs" --define=PART_TM4C123GH6PM -g --gcc --diag_warning=225 --diag_wrap=off --display_error_number --abi=eabi -z -m"lab_2.map" --heap_size=1024 --stack_size=2048 -i"C:/ti/ccs1271/ccs/tools/compiler/ti-cgt-arm_20.2.7.LTS/lib" -i"C:/ti/ccs1271/ccs/tools/compiler/ti-cgt-arm_20.2.7.LTS/include" --reread_libs --diag_wrap=off --display_error_number --warn_sections --xml_link_info="lab_2_linkInfo.xml" --rom_model -o "lab_2.out" "./Timer.obj" "./lcd.obj" "./main.obj" "./movement.obj" "./open_interface.obj" "./tm4c123gh6pm_startup_ccs.obj" "../libcybotUART.lib" "../tm4c123gh6pm.cmd"  -llibc.a -l"C:/ti/TivaWare_C_Series-2.2.0.295/driverlib/ccs/Debug/driverlib.lib" 
<Linking>
Finished building target: "lab_2.out"
 

**** Build Finished ****

**** Build of configuration Debug for project lab_2 ****

"C:\\ti\\ccs1271\\ccs\\utils\\bin\\gmake" -k -j 20 all -O 
 
Building file: "../movement.c"
Invoking: Arm Compiler
"C:/ti/ccs1271/ccs/tools/compiler/ti-cgt-arm_20.2.7.LTS/bin/armcl" -mv7M4 --code_state=16 --float_support=FPv4SPD16 -me --include_path="U:/CprE288/lab_2" --include_path="C:/ti/TivaWare_C_Series-2.2.0.295" --include_path="C:/ti/ccs1271/ccs/tools/compiler/ti-cgt-arm_20.2.7.LTS/include" --define=ccs="ccs" --define=PART_TM4C123GH6PM -g --gcc --diag_warning=225 --diag_wrap=off --display_error_number --abi=eabi --preproc_with_compile --preproc_dependency="movement.d_raw"  "../movement.c"
Finished building: "../movement.c"
 
Building target: "lab_2.out"
Invoking: Arm Linker
"C:/ti/ccs1271/ccs/tools/compiler/ti-cgt-arm_20.2.7.LTS/bin/armcl" -mv7M4 --code_state=16 --float_support=FPv4SPD16 -me --define=ccs="ccs" --define=PART_TM4C123GH6PM -g --gcc --diag_warning=225 --diag_wrap=off --display_error_number --abi=eabi -z -m"lab_2.map" --heap_size=1024 --stack_size=2048 -i"C:/ti/ccs1271/ccs/tools/compiler/ti-cgt-arm_20.2.7.LTS/lib" -i"C:/ti/ccs1271/ccs/tools/compiler/ti-cgt-arm_20.2.7.LTS/include" --reread_libs --diag_wrap=off --display_error_number --warn_sections --xml_link_info="lab_2_linkInfo.xml" --rom_model -o "lab_2.out" "./Timer.obj" "./lcd.obj" "./main.obj" "./movement.obj" "./open_interface.obj" "./tm4c123gh6pm_startup_ccs.obj" "../libcybotUART.lib" "../tm4c123gh6pm.cmd"  -llibc.a -l"C:/ti/TivaWare_C_Series-2.2.0.295/driverlib/ccs/Debug/driverlib.lib" 
<Linking>
Finished building target: "lab_2.out"
 

**** Build Finished ****

**** Build of configuration Debug for project lab_2 ****

"C:\\ti\\ccs1271\\ccs\\utils\\bin\\gmake" -k -j 20 all -O 
 
Building file: "../main.c"
Invoking: Arm Compiler
"C:/ti/ccs1271/ccs/tools/compiler/ti-cgt-arm_20.2.7.LTS/bin/armcl" -mv7M4 --code_state=16 --float_support=FPv4SPD16 -me --include_path="U:/CprE288/lab_2" --include_path="C:/ti/TivaWare_C_Series-2.2.0.295" --include_path="C:/ti/ccs1271/ccs/tools/compiler/ti-cgt-arm_20.2.7.LTS/include" --define=ccs="ccs" --define=PART_TM4C123GH6PM -g --gcc --diag_warning=225 --diag_wrap=off --display_error_number --abi=eabi --preproc_with_compile --preproc_dependency="main.d_raw"  "../main.c"
Finished building: "../main.c"
 
Building file: "../movement.c"
Invoking: Arm Compiler
"C:/ti/ccs1271/ccs/tools/compiler/ti-cgt-arm_20.2.7.LTS/bin/armcl" -mv7M4 --code_state=16 --float_support=FPv4SPD16 -me --include_path="U:/CprE288/lab_2" --include_path="C:/ti/TivaWare_C_Series-2.2.0.295" --include_path="C:/ti/ccs1271/ccs/tools/compiler/ti-cgt-arm_20.2.7.LTS/include" --define=ccs="ccs" --define=PART_TM4C123GH6PM -g --gcc --diag_warning=225 --diag_wrap=off --display_error_number --abi=eabi --preproc_with_compile --preproc_dependency="movement.d_raw"  "../movement.c"
Finished building: "../movement.c"
 
Building target: "lab_2.out"
Invoking: Arm Linker
"C:/ti/ccs1271/ccs/tools/compiler/ti-cgt-arm_20.2.7.LTS/bin/armcl" -mv7M4 --code_state=16 --float_support=FPv4SPD16 -me --define=ccs="ccs" --define=PART_TM4C123GH6PM -g --gcc --diag_warning=225 --diag_wrap=off --display_error_number --abi=eabi -z -m"lab_2.map" --heap_size=1024 --stack_size=2048 -i"C:/ti/ccs1271/ccs/tools/compiler/ti-cgt-arm_20.2.7.LTS/lib" -i"C:/ti/ccs1271/ccs/tools/compiler/ti-cgt-arm_20.2.7.LTS/include" --reread_libs --diag_wrap=off --display_error_number --warn_sections --xml_link_info="lab_2_linkInfo.xml" --rom_model -o "lab_2.out" "./Timer.obj" "./lcd.obj" "./main.obj" "./movement.obj" "./open_interface.obj" "./tm4c123gh6pm_startup_ccs.obj" "../libcybotUART.lib" "../tm4c123gh6pm.cmd"  -llibc.a -l"C:/ti/TivaWare_C_Series-2.2.0.295/driverlib/ccs/Debug/driverlib.lib" 
<Linking>
Finished building target: "lab_2.out"
 

**** Build Finished ****

**** Build of configuration Debug for project lab_2 ****

"C:\\ti\\ccs1271\\ccs\\utils\\bin\\gmake" -k -j 20 all -O 
 
Building file: "../main.c"
Invoking: Arm Compiler
"C:/ti/ccs1271/ccs/tools/compiler/ti-cgt-arm_20.2.7.LTS/bin/armcl" -mv7M4 --code_state=16 --float_support=FPv4SPD16 -me --include_path="U:/CprE288/lab_2" --include_path="C:/ti/TivaWare_C_Series-2.2.0.295" --include_path="C:/ti/ccs1271/ccs/tools/compiler/ti-cgt-arm_20.2.7.LTS/include" --define=ccs="ccs" --define=PART_TM4C123GH6PM -g --gcc --diag_warning=225 --diag_wrap=off --display_error_number --abi=eabi --preproc_with_compile --preproc_dependency="main.d_raw"  "../main.c"
 
>> Compilation failure
subdir_rules.mk:9: recipe for target 'main.obj' failed
"../main.c", line 73: error #66: expected a ";"
1 error detected in the compilation of "../main.c".
gmake: *** [main.obj] Error 1
gmake: Target 'all' not remade because of errors.

**** Build Finished ****

**** Build of configuration Debug for project lab_2 ****

"C:\\ti\\ccs1271\\ccs\\utils\\bin\\gmake" -k -j 20 all -O 
 
Building file: "../main.c"
Invoking: Arm Compiler
"C:/ti/ccs1271/ccs/tools/compiler/ti-cgt-arm_20.2.7.LTS/bin/armcl" -mv7M4 --code_state=16 --float_support=FPv4SPD16 -me --include_path="U:/CprE288/lab_2" --include_path="C:/ti/TivaWare_C_Series-2.2.0.295" --include_path="C:/ti/ccs1271/ccs/tools/compiler/ti-cgt-arm_20.2.7.LTS/include" --define=ccs="ccs" --define=PART_TM4C123GH6PM -g --gcc --diag_warning=225 --diag_wrap=off --display_error_number --abi=eabi --preproc_with_compile --preproc_dependency="main.d_raw"  "../main.c"
Finished building: "../main.c"
 
Building target: "lab_2.out"
Invoking: Arm Linker
"C:/ti/ccs1271/ccs/tools/compiler/ti-cgt-arm_20.2.7.LTS/bin/armcl" -mv7M4 --code_state=16 --float_support=FPv4SPD16 -me --define=ccs="ccs" --define=PART_TM4C123GH6PM -g --gcc --diag_warning=225 --diag_wrap=off --display_error_number --abi=eabi -z -m"lab_2.map" --heap_size=1024 --stack_size=2048 -i"C:/ti/ccs1271/ccs/tools/compiler/ti-cgt-arm_20.2.7.LTS/lib" -i"C:/ti/ccs1271/ccs/tools/compiler/ti-cgt-arm_20.2.7.LTS/include" --reread_libs --diag_wrap=off --display_error_number --warn_sections --xml_link_info="lab_2_linkInfo.xml" --rom_model -o "lab_2.out" "./Timer.obj" "./lcd.obj" "./main.obj" "./movement.obj" "./open_interface.obj" "./tm4c123gh6pm_startup_ccs.obj" "../libcybotUART.lib" "../tm4c123gh6pm.cmd"  -llibc.a -l"C:/ti/TivaWare_C_Series-2.2.0.295/driverlib/ccs/Debug/driverlib.lib" 
<Linking>
Finished building target: "lab_2.out"
 

**** Build Finished ****

**** Build of configuration Debug for project lab_2 ****

"C:\\ti\\ccs1271\\ccs\\utils\\bin\\gmake" -k -j 20 all -O 
 
Building file: "../main.c"
Invoking: Arm Compiler
"C:/ti/ccs1271/ccs/tools/compiler/ti-cgt-arm_20.2.7.LTS/bin/armcl" -mv7M4 --code_state=16 --float_support=FPv4SPD16 -me --include_path="U:/CprE288/lab_2" --include_path="C:/ti/TivaWare_C_Series-2.2.0.295" --include_path="C:/ti/ccs1271/ccs/tools/compiler/ti-cgt-arm_20.2.7.LTS/include" --define=ccs="ccs" --define=PART_TM4C123GH6PM -g --gcc --diag_warning=225 --diag_wrap=off --display_error_number --abi=eabi --preproc_with_compile --preproc_dependency="main.d_raw"  "../main.c"
"../main.c", line 15: warning #225-D: function "step_2_2" declared implicitly
"../main.c", line 66: warning #161-D: declaration is incompatible with previous "step_2_2" (declared at line 15)
Finished building: "../main.c"
 
Building target: "lab_2.out"
Invoking: Arm Linker
"C:/ti/ccs1271/ccs/tools/compiler/ti-cgt-arm_20.2.7.LTS/bin/armcl" -mv7M4 --code_state=16 --float_support=FPv4SPD16 -me --define=ccs="ccs" --define=PART_TM4C123GH6PM -g --gcc --diag_warning=225 --diag_wrap=off --display_error_number --abi=eabi -z -m"lab_2.map" --heap_size=1024 --stack_size=2048 -i"C:/ti/ccs1271/ccs/tools/compiler/ti-cgt-arm_20.2.7.LTS/lib" -i"C:/ti/ccs1271/ccs/tools/compiler/ti-cgt-arm_20.2.7.LTS/include" --reread_libs --diag_wrap=off --display_error_number --warn_sections --xml_link_info="lab_2_linkInfo.xml" --rom_model -o "lab_2.out" "./Timer.obj" "./lcd.obj" "./main.obj" "./movement.obj" "./open_interface.obj" "./tm4c123gh6pm_startup_ccs.obj" "../libcybotUART.lib" "../tm4c123gh6pm.cmd"  -llibc.a -l"C:/ti/TivaWare_C_Series-2.2.0.295/driverlib/ccs/Debug/driverlib.lib" 
<Linking>
Finished building target: "lab_2.out"
 

**** Build Finished ****

**** Build of configuration Debug for project lab_2 ****

"C:\\ti\\ccs1271\\ccs\\utils\\bin\\gmake" -k -j 20 all -O 
 
Building file: "../main.c"
Invoking: Arm Compiler
"C:/ti/ccs1271/ccs/tools/compiler/ti-cgt-arm_20.2.7.LTS/bin/armcl" -mv7M4 --code_state=16 --float_support=FPv4SPD16 -me --include_path="U:/CprE288/lab_2" --include_path="C:/ti/TivaWare_C_Series-2.2.0.295" --include_path="C:/ti/ccs1271/ccs/tools/compiler/ti-cgt-arm_20.2.7.LTS/include" --define=ccs="ccs" --define=PART_TM4C123GH6PM -g --gcc --diag_warning=225 --diag_wrap=off --display_error_number --abi=eabi --preproc_with_compile --preproc_dependency="main.d_raw"  "../main.c"
Finished building: "../main.c"
 
Building target: "lab_2.out"
Invoking: Arm Linker
"C:/ti/ccs1271/ccs/tools/compiler/ti-cgt-arm_20.2.7.LTS/bin/armcl" -mv7M4 --code_state=16 --float_support=FPv4SPD16 -me --define=ccs="ccs" --define=PART_TM4C123GH6PM -g --gcc --diag_warning=225 --diag_wrap=off --display_error_number --abi=eabi -z -m"lab_2.map" --heap_size=1024 --stack_size=2048 -i"C:/ti/ccs1271/ccs/tools/compiler/ti-cgt-arm_20.2.7.LTS/lib" -i"C:/ti/ccs1271/ccs/tools/compiler/ti-cgt-arm_20.2.7.LTS/include" --reread_libs --diag_wrap=off --display_error_number --warn_sections --xml_link_info="lab_2_linkInfo.xml" --rom_model -o "lab_2.out" "./Timer.obj" "./lcd.obj" "./main.obj" "./movement.obj" "./open_interface.obj" "./tm4c123gh6pm_startup_ccs.obj" "../libcybotUART.lib" "../tm4c123gh6pm.cmd"  -llibc.a -l"C:/ti/TivaWare_C_Series-2.2.0.295/driverlib/ccs/Debug/driverlib.lib" 
<Linking>
Finished building target: "lab_2.out"
 

**** Build Finished ****

**** Build of configuration Debug for project lab_2 ****

"C:\\ti\\ccs1271\\ccs\\utils\\bin\\gmake" -k -j 20 all -O 
 
Building file: "../movement.c"
Invoking: Arm Compiler
"C:/ti/ccs1271/ccs/tools/compiler/ti-cgt-arm_20.2.7.LTS/bin/armcl" -mv7M4 --code_state=16 --float_support=FPv4SPD16 -me --include_path="U:/CprE288/lab_2" --include_path="C:/ti/TivaWare_C_Series-2.2.0.295" --include_path="C:/ti/ccs1271/ccs/tools/compiler/ti-cgt-arm_20.2.7.LTS/include" --define=ccs="ccs" --define=PART_TM4C123GH6PM -g --gcc --diag_warning=225 --diag_wrap=off --display_error_number --abi=eabi --preproc_with_compile --preproc_dependency="movement.d_raw"  "../movement.c"
Finished building: "../movement.c"
 
Building target: "lab_2.out"
Invoking: Arm Linker
"C:/ti/ccs1271/ccs/tools/compiler/ti-cgt-arm_20.2.7.LTS/bin/armcl" -mv7M4 --code_state=16 --float_support=FPv4SPD16 -me --define=ccs="ccs" --define=PART_TM4C123GH6PM -g --gcc --diag_warning=225 --diag_wrap=off --display_error_number --abi=eabi -z -m"lab_2.map" --heap_size=1024 --stack_size=2048 -i"C:/ti/ccs1271/ccs/tools/compiler/ti-cgt-arm_20.2.7.LTS/lib" -i"C:/ti/ccs1271/ccs/tools/compiler/ti-cgt-arm_20.2.7.LTS/include" --reread_libs --diag_wrap=off --display_error_number --warn_sections --xml_link_info="lab_2_linkInfo.xml" --rom_model -o "lab_2.out" "./Timer.obj" "./lcd.obj" "./main.obj" "./movement.obj" "./open_interface.obj" "./tm4c123gh6pm_startup_ccs.obj" "../libcybotUART.lib" "../tm4c123gh6pm.cmd"  -llibc.a -l"C:/ti/TivaWare_C_Series-2.2.0.295/driverlib/ccs/Debug/driverlib.lib" 
<Linking>
Finished building target: "lab_2.out"
 

**** Build Finished ****

**** Build of configuration Debug for project lab_2 ****

"C:\\ti\\ccs1271\\ccs\\utils\\bin\\gmake" -k -j 20 all -O 
 
Building file: "../movement.c"
Invoking: Arm Compiler
"C:/ti/ccs1271/ccs/tools/compiler/ti-cgt-arm_20.2.7.LTS/bin/armcl" -mv7M4 --code_state=16 --float_support=FPv4SPD16 -me --include_path="U:/CprE288/lab_2" --include_path="C:/ti/TivaWare_C_Series-2.2.0.295" --include_path="C:/ti/ccs1271/ccs/tools/compiler/ti-cgt-arm_20.2.7.LTS/include" --define=ccs="ccs" --define=PART_TM4C123GH6PM -g --gcc --diag_warning=225 --diag_wrap=off --display_error_number --abi=eabi --preproc_with_compile --preproc_dependency="movement.d_raw"  "../movement.c"
 
>> Compilation failure
subdir_rules.mk:9: recipe for target 'movement.obj' failed
"../movement.c", line 64: error #20: identifier "cur_deg" is undefined
"../movement.c", line 64: error #20: identifier "target_deg" is undefined
2 errors detected in the compilation of "../movement.c".
gmake: *** [movement.obj] Error 1
gmake: Target 'all' not remade because of errors.

**** Build Finished ****

**** Build of configuration Debug for project lab_2 ****

"C:\\ti\\ccs1271\\ccs\\utils\\bin\\gmake" -k -j 20 all -O 
 
Building file: "../movement.c"
Invoking: Arm Compiler
"C:/ti/ccs1271/ccs/tools/compiler/ti-cgt-arm_20.2.7.LTS/bin/armcl" -mv7M4 --code_state=16 --float_support=FPv4SPD16 -me --include_path="U:/CprE288/lab_2" --include_path="C:/ti/TivaWare_C_Series-2.2.0.295" --include_path="C:/ti/ccs1271/ccs/tools/compiler/ti-cgt-arm_20.2.7.LTS/include" --define=ccs="ccs" --define=PART_TM4C123GH6PM -g --gcc --diag_warning=225 --diag_wrap=off --display_error_number --abi=eabi --preproc_with_compile --preproc_dependency="movement.d_raw"  "../movement.c"
 
>> Compilation failure
subdir_rules.mk:9: recipe for target 'movement.obj' failed
"../movement.c", line 64: error #20: identifier "cur_deg" is undefined
1 error detected in the compilation of "../movement.c".
gmake: *** [movement.obj] Error 1
gmake: Target 'all' not remade because of errors.

**** Build Finished ****

**** Build of configuration Debug for project lab_2 ****

"C:\\ti\\ccs1271\\ccs\\utils\\bin\\gmake" -k -j 20 all -O 
 
Building file: "../movement.c"
Invoking: Arm Compiler
"C:/ti/ccs1271/ccs/tools/compiler/ti-cgt-arm_20.2.7.LTS/bin/armcl" -mv7M4 --code_state=16 --float_support=FPv4SPD16 -me --include_path="U:/CprE288/lab_2" --include_path="C:/ti/TivaWare_C_Series-2.2.0.295" --include_path="C:/ti/ccs1271/ccs/tools/compiler/ti-cgt-arm_20.2.7.LTS/include" --define=ccs="ccs" --define=PART_TM4C123GH6PM -g --gcc --diag_warning=225 --diag_wrap=off --display_error_number --abi=eabi --preproc_with_compile --preproc_dependency="movement.d_raw"  "../movement.c"
Finished building: "../movement.c"
 
Building target: "lab_2.out"
Invoking: Arm Linker
"C:/ti/ccs1271/ccs/tools/compiler/ti-cgt-arm_20.2.7.LTS/bin/armcl" -mv7M4 --code_state=16 --float_support=FPv4SPD16 -me --define=ccs="ccs" --define=PART_TM4C123GH6PM -g --gcc --diag_warning=225 --diag_wrap=off --display_error_number --abi=eabi -z -m"lab_2.map" --heap_size=1024 --stack_size=2048 -i"C:/ti/ccs1271/ccs/tools/compiler/ti-cgt-arm_20.2.7.LTS/lib" -i"C:/ti/ccs1271/ccs/tools/compiler/ti-cgt-arm_20.2.7.LTS/include" --reread_libs --diag_wrap=off --display_error_number --warn_sections --xml_link_info="lab_2_linkInfo.xml" --rom_model -o "lab_2.out" "./Timer.obj" "./lcd.obj" "./main.obj" "./movement.obj" "./open_interface.obj" "./tm4c123gh6pm_startup_ccs.obj" "../libcybotUART.lib" "../tm4c123gh6pm.cmd"  -llibc.a -l"C:/ti/TivaWare_C_Series-2.2.0.295/driverlib/ccs/Debug/driverlib.lib" 
<Linking>
Finished building target: "lab_2.out"
 

**** Build Finished ****

**** Build of configuration Debug for project lab_2 ****

"C:\\ti\\ccs1271\\ccs\\utils\\bin\\gmake" -k -j 20 all -O 
 
gmake[1]: 'lab_2.out' is up to date.

**** Build Finished ****

**** Build of configuration Debug for project lab_2 ****

"C:\\ti\\ccs1271\\ccs\\utils\\bin\\gmake" -k -j 20 all -O 
 
Building file: "../movement.c"
Invoking: Arm Compiler
"C:/ti/ccs1271/ccs/tools/compiler/ti-cgt-arm_20.2.7.LTS/bin/armcl" -mv7M4 --code_state=16 --float_support=FPv4SPD16 -me --include_path="U:/CprE288/lab_2" --include_path="C:/ti/TivaWare_C_Series-2.2.0.295" --include_path="C:/ti/ccs1271/ccs/tools/compiler/ti-cgt-arm_20.2.7.LTS/include" --define=ccs="ccs" --define=PART_TM4C123GH6PM -g --gcc --diag_warning=225 --diag_wrap=off --display_error_number --abi=eabi --preproc_with_compile --preproc_dependency="movement.d_raw"  "../movement.c"
Finished building: "../movement.c"
 
Building target: "lab_2.out"
Invoking: Arm Linker
"C:/ti/ccs1271/ccs/tools/compiler/ti-cgt-arm_20.2.7.LTS/bin/armcl" -mv7M4 --code_state=16 --float_support=FPv4SPD16 -me --define=ccs="ccs" --define=PART_TM4C123GH6PM -g --gcc --diag_warning=225 --diag_wrap=off --display_error_number --abi=eabi -z -m"lab_2.map" --heap_size=1024 --stack_size=2048 -i"C:/ti/ccs1271/ccs/tools/compiler/ti-cgt-arm_20.2.7.LTS/lib" -i"C:/ti/ccs1271/ccs/tools/compiler/ti-cgt-arm_20.2.7.LTS/include" --reread_libs --diag_wrap=off --display_error_number --warn_sections --xml_link_info="lab_2_linkInfo.xml" --rom_model -o "lab_2.out" "./Timer.obj" "./lcd.obj" "./main.obj" "./movement.obj" "./open_interface.obj" "./tm4c123gh6pm_startup_ccs.obj" "../libcybotUART.lib" "../tm4c123gh6pm.cmd"  -llibc.a -l"C:/ti/TivaWare_C_Series-2.2.0.295/driverlib/ccs/Debug/driverlib.lib" 
<Linking>
Finished building target: "lab_2.out"
 

**** Build Finished ****

**** Build of configuration Debug for project lab_2 ****

"C:\\ti\\ccs1271\\ccs\\utils\\bin\\gmake" -k -j 20 all -O 
 
Building file: "../movement.c"
Invoking: Arm Compiler
"C:/ti/ccs1271/ccs/tools/compiler/ti-cgt-arm_20.2.7.LTS/bin/armcl" -mv7M4 --code_state=16 --float_support=FPv4SPD16 -me --include_path="U:/CprE288/lab_2" --include_path="C:/ti/TivaWare_C_Series-2.2.0.295" --include_path="C:/ti/ccs1271/ccs/tools/compiler/ti-cgt-arm_20.2.7.LTS/include" --define=ccs="ccs" --define=PART_TM4C123GH6PM -g --gcc --diag_warning=225 --diag_wrap=off --display_error_number --abi=eabi --preproc_with_compile --preproc_dependency="movement.d_raw"  "../movement.c"
"../movement.c", line 74: warning #183-D: argument is incompatible with corresponding format string conversion
Finished building: "../movement.c"
 
Building target: "lab_2.out"
Invoking: Arm Linker
"C:/ti/ccs1271/ccs/tools/compiler/ti-cgt-arm_20.2.7.LTS/bin/armcl" -mv7M4 --code_state=16 --float_support=FPv4SPD16 -me --define=ccs="ccs" --define=PART_TM4C123GH6PM -g --gcc --diag_warning=225 --diag_wrap=off --display_error_number --abi=eabi -z -m"lab_2.map" --heap_size=1024 --stack_size=2048 -i"C:/ti/ccs1271/ccs/tools/compiler/ti-cgt-arm_20.2.7.LTS/lib" -i"C:/ti/ccs1271/ccs/tools/compiler/ti-cgt-arm_20.2.7.LTS/include" --reread_libs --diag_wrap=off --display_error_number --warn_sections --xml_link_info="lab_2_linkInfo.xml" --rom_model -o "lab_2.out" "./Timer.obj" "./lcd.obj" "./main.obj" "./movement.obj" "./open_interface.obj" "./tm4c123gh6pm_startup_ccs.obj" "../libcybotUART.lib" "../tm4c123gh6pm.cmd"  -llibc.a -l"C:/ti/TivaWare_C_Series-2.2.0.295/driverlib/ccs/Debug/driverlib.lib" 
<Linking>
Finished building target: "lab_2.out"
 

**** Build Finished ****

**** Build of configuration Debug for project lab_2 ****

"C:\\ti\\ccs1271\\ccs\\utils\\bin\\gmake" -k -j 20 all -O 
 
Building file: "../movement.c"
Invoking: Arm Compiler
"C:/ti/ccs1271/ccs/tools/compiler/ti-cgt-arm_20.2.7.LTS/bin/armcl" -mv7M4 --code_state=16 --float_support=FPv4SPD16 -me --include_path="U:/CprE288/lab_2" --include_path="C:/ti/TivaWare_C_Series-2.2.0.295" --include_path="C:/ti/ccs1271/ccs/tools/compiler/ti-cgt-arm_20.2.7.LTS/include" --define=ccs="ccs" --define=PART_TM4C123GH6PM -g --gcc --diag_warning=225 --diag_wrap=off --display_error_number --abi=eabi --preproc_with_compile --preproc_dependency="movement.d_raw"  "../movement.c"
Finished building: "../movement.c"
 
Building target: "lab_2.out"
Invoking: Arm Linker
"C:/ti/ccs1271/ccs/tools/compiler/ti-cgt-arm_20.2.7.LTS/bin/armcl" -mv7M4 --code_state=16 --float_support=FPv4SPD16 -me --define=ccs="ccs" --define=PART_TM4C123GH6PM -g --gcc --diag_warning=225 --diag_wrap=off --display_error_number --abi=eabi -z -m"lab_2.map" --heap_size=1024 --stack_size=2048 -i"C:/ti/ccs1271/ccs/tools/compiler/ti-cgt-arm_20.2.7.LTS/lib" -i"C:/ti/ccs1271/ccs/tools/compiler/ti-cgt-arm_20.2.7.LTS/include" --reread_libs --diag_wrap=off --display_error_number --warn_sections --xml_link_info="lab_2_linkInfo.xml" --rom_model -o "lab_2.out" "./Timer.obj" "./lcd.obj" "./main.obj" "./movement.obj" "./open_interface.obj" "./tm4c123gh6pm_startup_ccs.obj" "../libcybotUART.lib" "../tm4c123gh6pm.cmd"  -llibc.a -l"C:/ti/TivaWare_C_Series-2.2.0.295/driverlib/ccs/Debug/driverlib.lib" 
<Linking>
Finished building target: "lab_2.out"
 

**** Build Finished ****

**** Build of configuration Debug for project lab_2 ****

"C:\\ti\\ccs1271\\ccs\\utils\\bin\\gmake" -k -j 20 all -O 
 
Building file: "../movement.c"
Invoking: Arm Compiler
"C:/ti/ccs1271/ccs/tools/compiler/ti-cgt-arm_20.2.7.LTS/bin/armcl" -mv7M4 --code_state=16 --float_support=FPv4SPD16 -me --include_path="U:/CprE288/lab_2" --include_path="C:/ti/TivaWare_C_Series-2.2.0.295" --include_path="C:/ti/ccs1271/ccs/tools/compiler/ti-cgt-arm_20.2.7.LTS/include" --define=ccs="ccs" --define=PART_TM4C123GH6PM -g --gcc --diag_warning=225 --diag_wrap=off --display_error_number --abi=eabi --preproc_with_compile --preproc_dependency="movement.d_raw"  "../movement.c"
"../movement.c", line 57: warning #183-D: argument is incompatible with corresponding format string conversion
Finished building: "../movement.c"
 
Building target: "lab_2.out"
Invoking: Arm Linker
"C:/ti/ccs1271/ccs/tools/compiler/ti-cgt-arm_20.2.7.LTS/bin/armcl" -mv7M4 --code_state=16 --float_support=FPv4SPD16 -me --define=ccs="ccs" --define=PART_TM4C123GH6PM -g --gcc --diag_warning=225 --diag_wrap=off --display_error_number --abi=eabi -z -m"lab_2.map" --heap_size=1024 --stack_size=2048 -i"C:/ti/ccs1271/ccs/tools/compiler/ti-cgt-arm_20.2.7.LTS/lib" -i"C:/ti/ccs1271/ccs/tools/compiler/ti-cgt-arm_20.2.7.LTS/include" --reread_libs --diag_wrap=off --display_error_number --warn_sections --xml_link_info="lab_2_linkInfo.xml" --rom_model -o "lab_2.out" "./Timer.obj" "./lcd.obj" "./main.obj" "./movement.obj" "./open_interface.obj" "./tm4c123gh6pm_startup_ccs.obj" "../libcybotUART.lib" "../tm4c123gh6pm.cmd"  -llibc.a -l"C:/ti/TivaWare_C_Series-2.2.0.295/driverlib/ccs/Debug/driverlib.lib" 
<Linking>
Finished building target: "lab_2.out"
 

**** Build Finished ****

**** Build of configuration Debug for project lab_2 ****

"C:\\ti\\ccs1271\\ccs\\utils\\bin\\gmake" -k -j 20 all -O 
 
Building file: "../main.c"
Invoking: Arm Compiler
"C:/ti/ccs1271/ccs/tools/compiler/ti-cgt-arm_20.2.7.LTS/bin/armcl" -mv7M4 --code_state=16 --float_support=FPv4SPD16 -me --include_path="U:/CprE288/lab_2" --include_path="C:/ti/TivaWare_C_Series-2.2.0.295" --include_path="C:/ti/ccs1271/ccs/tools/compiler/ti-cgt-arm_20.2.7.LTS/include" --define=ccs="ccs" --define=PART_TM4C123GH6PM -g --gcc --diag_warning=225 --diag_wrap=off --display_error_number --abi=eabi --preproc_with_compile --preproc_dependency="main.d_raw"  "../main.c"
Finished building: "../main.c"
 
Building file: "../movement.c"
Invoking: Arm Compiler
"C:/ti/ccs1271/ccs/tools/compiler/ti-cgt-arm_20.2.7.LTS/bin/armcl" -mv7M4 --code_state=16 --float_support=FPv4SPD16 -me --include_path="U:/CprE288/lab_2" --include_path="C:/ti/TivaWare_C_Series-2.2.0.295" --include_path="C:/ti/ccs1271/ccs/tools/compiler/ti-cgt-arm_20.2.7.LTS/include" --define=ccs="ccs" --define=PART_TM4C123GH6PM -g --gcc --diag_warning=225 --diag_wrap=off --display_error_number --abi=eabi --preproc_with_compile --preproc_dependency="movement.d_raw"  "../movement.c"
Finished building: "../movement.c"
 
Building target: "lab_2.out"
Invoking: Arm Linker
"C:/ti/ccs1271/ccs/tools/compiler/ti-cgt-arm_20.2.7.LTS/bin/armcl" -mv7M4 --code_state=16 --float_support=FPv4SPD16 -me --define=ccs="ccs" --define=PART_TM4C123GH6PM -g --gcc --diag_warning=225 --diag_wrap=off --display_error_number --abi=eabi -z -m"lab_2.map" --heap_size=1024 --stack_size=2048 -i"C:/ti/ccs1271/ccs/tools/compiler/ti-cgt-arm_20.2.7.LTS/lib" -i"C:/ti/ccs1271/ccs/tools/compiler/ti-cgt-arm_20.2.7.LTS/include" --reread_libs --diag_wrap=off --display_error_number --warn_sections --xml_link_info="lab_2_linkInfo.xml" --rom_model -o "lab_2.out" "./Timer.obj" "./lcd.obj" "./main.obj" "./movement.obj" "./open_interface.obj" "./tm4c123gh6pm_startup_ccs.obj" "../libcybotUART.lib" "../tm4c123gh6pm.cmd"  -llibc.a -l"C:/ti/TivaWare_C_Series-2.2.0.295/driverlib/ccs/Debug/driverlib.lib" 
<Linking>
Finished building target: "lab_2.out"
 

**** Build Finished ****

**** Build of configuration Debug for project lab_2 ****

"C:\\ti\\ccs1271\\ccs\\utils\\bin\\gmake" -k -j 20 all -O 
 
Building file: "../movement.c"
Invoking: Arm Compiler
"C:/ti/ccs1271/ccs/tools/compiler/ti-cgt-arm_20.2.7.LTS/bin/armcl" -mv7M4 --code_state=16 --float_support=FPv4SPD16 -me --include_path="U:/CprE288/lab_2" --include_path="C:/ti/TivaWare_C_Series-2.2.0.295" --include_path="C:/ti/ccs1271/ccs/tools/compiler/ti-cgt-arm_20.2.7.LTS/include" --define=ccs="ccs" --define=PART_TM4C123GH6PM -g --gcc --diag_warning=225 --diag_wrap=off --display_error_number --abi=eabi --preproc_with_compile --preproc_dependency="movement.d_raw"  "../movement.c"
Finished building: "../movement.c"
 
Building target: "lab_2.out"
Invoking: Arm Linker
"C:/ti/ccs1271/ccs/tools/compiler/ti-cgt-arm_20.2.7.LTS/bin/armcl" -mv7M4 --code_state=16 --float_support=FPv4SPD16 -me --define=ccs="ccs" --define=PART_TM4C123GH6PM -g --gcc --diag_warning=225 --diag_wrap=off --display_error_number --abi=eabi -z -m"lab_2.map" --heap_size=1024 --stack_size=2048 -i"C:/ti/ccs1271/ccs/tools/compiler/ti-cgt-arm_20.2.7.LTS/lib" -i"C:/ti/ccs1271/ccs/tools/compiler/ti-cgt-arm_20.2.7.LTS/include" --reread_libs --diag_wrap=off --display_error_number --warn_sections --xml_link_info="lab_2_linkInfo.xml" --rom_model -o "lab_2.out" "./Timer.obj" "./lcd.obj" "./main.obj" "./movement.obj" "./open_interface.obj" "./tm4c123gh6pm_startup_ccs.obj" "../libcybotUART.lib" "../tm4c123gh6pm.cmd"  -llibc.a -l"C:/ti/TivaWare_C_Series-2.2.0.295/driverlib/ccs/Debug/driverlib.lib" 
<Linking>
Finished building target: "lab_2.out"
 

**** Build Finished ****

**** Build of configuration Debug for project lab_2 ****

"C:\\ti\\ccs1271\\ccs\\utils\\bin\\gmake" -k -j 20 all -O 
 
Building file: "../movement.c"
Invoking: Arm Compiler
"C:/ti/ccs1271/ccs/tools/compiler/ti-cgt-arm_20.2.7.LTS/bin/armcl" -mv7M4 --code_state=16 --float_support=FPv4SPD16 -me --include_path="U:/CprE288/lab_2" --include_path="C:/ti/TivaWare_C_Series-2.2.0.295" --include_path="C:/ti/ccs1271/ccs/tools/compiler/ti-cgt-arm_20.2.7.LTS/include" --define=ccs="ccs" --define=PART_TM4C123GH6PM -g --gcc --diag_warning=225 --diag_wrap=off --display_error_number --abi=eabi --preproc_with_compile --preproc_dependency="movement.d_raw"  "../movement.c"
Finished building: "../movement.c"
 
Building target: "lab_2.out"
Invoking: Arm Linker
"C:/ti/ccs1271/ccs/tools/compiler/ti-cgt-arm_20.2.7.LTS/bin/armcl" -mv7M4 --code_state=16 --float_support=FPv4SPD16 -me --define=ccs="ccs" --define=PART_TM4C123GH6PM -g --gcc --diag_warning=225 --diag_wrap=off --display_error_number --abi=eabi -z -m"lab_2.map" --heap_size=1024 --stack_size=2048 -i"C:/ti/ccs1271/ccs/tools/compiler/ti-cgt-arm_20.2.7.LTS/lib" -i"C:/ti/ccs1271/ccs/tools/compiler/ti-cgt-arm_20.2.7.LTS/include" --reread_libs --diag_wrap=off --display_error_number --warn_sections --xml_link_info="lab_2_linkInfo.xml" --rom_model -o "lab_2.out" "./Timer.obj" "./lcd.obj" "./main.obj" "./movement.obj" "./open_interface.obj" "./tm4c123gh6pm_startup_ccs.obj" "../libcybotUART.lib" "../tm4c123gh6pm.cmd"  -llibc.a -l"C:/ti/TivaWare_C_Series-2.2.0.295/driverlib/ccs/Debug/driverlib.lib" 
<Linking>
Finished building target: "lab_2.out"
 

**** Build Finished ****

**** Build of configuration Debug for project lab_2 ****

"C:\\ti\\ccs1271\\ccs\\utils\\bin\\gmake" -k -j 20 all -O 
 
Building file: "../movement.c"
Invoking: Arm Compiler
"C:/ti/ccs1271/ccs/tools/compiler/ti-cgt-arm_20.2.7.LTS/bin/armcl" -mv7M4 --code_state=16 --float_support=FPv4SPD16 -me --include_path="U:/CprE288/lab_2" --include_path="C:/ti/TivaWare_C_Series-2.2.0.295" --include_path="C:/ti/ccs1271/ccs/tools/compiler/ti-cgt-arm_20.2.7.LTS/include" --define=ccs="ccs" --define=PART_TM4C123GH6PM -g --gcc --diag_warning=225 --diag_wrap=off --display_error_number --abi=eabi --preproc_with_compile --preproc_dependency="movement.d_raw"  "../movement.c"
Finished building: "../movement.c"
 
Building target: "lab_2.out"
Invoking: Arm Linker
"C:/ti/ccs1271/ccs/tools/compiler/ti-cgt-arm_20.2.7.LTS/bin/armcl" -mv7M4 --code_state=16 --float_support=FPv4SPD16 -me --define=ccs="ccs" --define=PART_TM4C123GH6PM -g --gcc --diag_warning=225 --diag_wrap=off --display_error_number --abi=eabi -z -m"lab_2.map" --heap_size=1024 --stack_size=2048 -i"C:/ti/ccs1271/ccs/tools/compiler/ti-cgt-arm_20.2.7.LTS/lib" -i"C:/ti/ccs1271/ccs/tools/compiler/ti-cgt-arm_20.2.7.LTS/include" --reread_libs --diag_wrap=off --display_error_number --warn_sections --xml_link_info="lab_2_linkInfo.xml" --rom_model -o "lab_2.out" "./Timer.obj" "./lcd.obj" "./main.obj" "./movement.obj" "./open_interface.obj" "./tm4c123gh6pm_startup_ccs.obj" "../libcybotUART.lib" "../tm4c123gh6pm.cmd"  -llibc.a -l"C:/ti/TivaWare_C_Series-2.2.0.295/driverlib/ccs/Debug/driverlib.lib" 
<Linking>
Finished building target: "lab_2.out"
 

**** Build Finished ****

**** Build of configuration Debug for project lab_2 ****

"C:\\ti\\ccs1271\\ccs\\utils\\bin\\gmake" -k -j 20 all -O 
 
Building file: "../main.c"
Invoking: Arm Compiler
"C:/ti/ccs1271/ccs/tools/compiler/ti-cgt-arm_20.2.7.LTS/bin/armcl" -mv7M4 --code_state=16 --float_support=FPv4SPD16 -me --include_path="U:/CprE288/lab_2" --include_path="C:/ti/TivaWare_C_Series-2.2.0.295" --include_path="C:/ti/ccs1271/ccs/tools/compiler/ti-cgt-arm_20.2.7.LTS/include" --define=ccs="ccs" --define=PART_TM4C123GH6PM -g --gcc --diag_warning=225 --diag_wrap=off --display_error_number --abi=eabi --preproc_with_compile --preproc_dependency="main.d_raw"  "../main.c"
Finished building: "../main.c"
 
Building target: "lab_2.out"
Invoking: Arm Linker
"C:/ti/ccs1271/ccs/tools/compiler/ti-cgt-arm_20.2.7.LTS/bin/armcl" -mv7M4 --code_state=16 --float_support=FPv4SPD16 -me --define=ccs="ccs" --define=PART_TM4C123GH6PM -g --gcc --diag_warning=225 --diag_wrap=off --display_error_number --abi=eabi -z -m"lab_2.map" --heap_size=1024 --stack_size=2048 -i"C:/ti/ccs1271/ccs/tools/compiler/ti-cgt-arm_20.2.7.LTS/lib" -i"C:/ti/ccs1271/ccs/tools/compiler/ti-cgt-arm_20.2.7.LTS/include" --reread_libs --diag_wrap=off --display_error_number --warn_sections --xml_link_info="lab_2_linkInfo.xml" --rom_model -o "lab_2.out" "./Timer.obj" "./lcd.obj" "./main.obj" "./movement.obj" "./open_interface.obj" "./tm4c123gh6pm_startup_ccs.obj" "../libcybotUART.lib" "../tm4c123gh6pm.cmd"  -llibc.a -l"C:/ti/TivaWare_C_Series-2.2.0.295/driverlib/ccs/Debug/driverlib.lib" 
<Linking>
Finished building target: "lab_2.out"
 

**** Build Finished ****

**** Build of configuration Debug for project lab_2 ****

"C:\\ti\\ccs1271\\ccs\\utils\\bin\\gmake" -k -j 20 all -O 
 
Building file: "../movement.c"
Invoking: Arm Compiler
"C:/ti/ccs1271/ccs/tools/compiler/ti-cgt-arm_20.2.7.LTS/bin/armcl" -mv7M4 --code_state=16 --float_support=FPv4SPD16 -me --include_path="U:/CprE288/lab_2" --include_path="C:/ti/TivaWare_C_Series-2.2.0.295" --include_path="C:/ti/ccs1271/ccs/tools/compiler/ti-cgt-arm_20.2.7.LTS/include" --define=ccs="ccs" --define=PART_TM4C123GH6PM -g --gcc --diag_warning=225 --diag_wrap=off --display_error_number --abi=eabi --preproc_with_compile --preproc_dependency="movement.d_raw"  "../movement.c"
Finished building: "../movement.c"
 
Building target: "lab_2.out"
Invoking: Arm Linker
"C:/ti/ccs1271/ccs/tools/compiler/ti-cgt-arm_20.2.7.LTS/bin/armcl" -mv7M4 --code_state=16 --float_support=FPv4SPD16 -me --define=ccs="ccs" --define=PART_TM4C123GH6PM -g --gcc --diag_warning=225 --diag_wrap=off --display_error_number --abi=eabi -z -m"lab_2.map" --heap_size=1024 --stack_size=2048 -i"C:/ti/ccs1271/ccs/tools/compiler/ti-cgt-arm_20.2.7.LTS/lib" -i"C:/ti/ccs1271/ccs/tools/compiler/ti-cgt-arm_20.2.7.LTS/include" --reread_libs --diag_wrap=off --display_error_number --warn_sections --xml_link_info="lab_2_linkInfo.xml" --rom_model -o "lab_2.out" "./Timer.obj" "./lcd.obj" "./main.obj" "./movement.obj" "./open_interface.obj" "./tm4c123gh6pm_startup_ccs.obj" "../libcybotUART.lib" "../tm4c123gh6pm.cmd"  -llibc.a -l"C:/ti/TivaWare_C_Series-2.2.0.295/driverlib/ccs/Debug/driverlib.lib" 
<Linking>
Finished building target: "lab_2.out"
 

**** Build Finished ****

**** Build of configuration Debug for project lab_2 ****

"C:\\ti\\ccs1271\\ccs\\utils\\bin\\gmake" -k -j 20 all -O 
 
Building file: "../movement.c"
Invoking: Arm Compiler
"C:/ti/ccs1271/ccs/tools/compiler/ti-cgt-arm_20.2.7.LTS/bin/armcl" -mv7M4 --code_state=16 --float_support=FPv4SPD16 -me --include_path="U:/CprE288/lab_2" --include_path="C:/ti/TivaWare_C_Series-2.2.0.295" --include_path="C:/ti/ccs1271/ccs/tools/compiler/ti-cgt-arm_20.2.7.LTS/include" --define=ccs="ccs" --define=PART_TM4C123GH6PM -g --gcc --diag_warning=225 --diag_wrap=off --display_error_number --abi=eabi --preproc_with_compile --preproc_dependency="movement.d_raw"  "../movement.c"
Finished building: "../movement.c"
 
Building target: "lab_2.out"
Invoking: Arm Linker
"C:/ti/ccs1271/ccs/tools/compiler/ti-cgt-arm_20.2.7.LTS/bin/armcl" -mv7M4 --code_state=16 --float_support=FPv4SPD16 -me --define=ccs="ccs" --define=PART_TM4C123GH6PM -g --gcc --diag_warning=225 --diag_wrap=off --display_error_number --abi=eabi -z -m"lab_2.map" --heap_size=1024 --stack_size=2048 -i"C:/ti/ccs1271/ccs/tools/compiler/ti-cgt-arm_20.2.7.LTS/lib" -i"C:/ti/ccs1271/ccs/tools/compiler/ti-cgt-arm_20.2.7.LTS/include" --reread_libs --diag_wrap=off --display_error_number --warn_sections --xml_link_info="lab_2_linkInfo.xml" --rom_model -o "lab_2.out" "./Timer.obj" "./lcd.obj" "./main.obj" "./movement.obj" "./open_interface.obj" "./tm4c123gh6pm_startup_ccs.obj" "../libcybotUART.lib" "../tm4c123gh6pm.cmd"  -llibc.a -l"C:/ti/TivaWare_C_Series-2.2.0.295/driverlib/ccs/Debug/driverlib.lib" 
<Linking>
Finished building target: "lab_2.out"
 

**** Build Finished ****

**** Build of configuration Debug for project lab_2 ****

"C:\\ti\\ccs1271\\ccs\\utils\\bin\\gmake" -k -j 20 all -O 
 
Building file: "../movement.c"
Invoking: Arm Compiler
"C:/ti/ccs1271/ccs/tools/compiler/ti-cgt-arm_20.2.7.LTS/bin/armcl" -mv7M4 --code_state=16 --float_support=FPv4SPD16 -me --include_path="U:/CprE288/lab_2" --include_path="C:/ti/TivaWare_C_Series-2.2.0.295" --include_path="C:/ti/ccs1271/ccs/tools/compiler/ti-cgt-arm_20.2.7.LTS/include" --define=ccs="ccs" --define=PART_TM4C123GH6PM -g --gcc --diag_warning=225 --diag_wrap=off --display_error_number --abi=eabi --preproc_with_compile --preproc_dependency="movement.d_raw"  "../movement.c"
Finished building: "../movement.c"
 
Building target: "lab_2.out"
Invoking: Arm Linker
"C:/ti/ccs1271/ccs/tools/compiler/ti-cgt-arm_20.2.7.LTS/bin/armcl" -mv7M4 --code_state=16 --float_support=FPv4SPD16 -me --define=ccs="ccs" --define=PART_TM4C123GH6PM -g --gcc --diag_warning=225 --diag_wrap=off --display_error_number --abi=eabi -z -m"lab_2.map" --heap_size=1024 --stack_size=2048 -i"C:/ti/ccs1271/ccs/tools/compiler/ti-cgt-arm_20.2.7.LTS/lib" -i"C:/ti/ccs1271/ccs/tools/compiler/ti-cgt-arm_20.2.7.LTS/include" --reread_libs --diag_wrap=off --display_error_number --warn_sections --xml_link_info="lab_2_linkInfo.xml" --rom_model -o "lab_2.out" "./Timer.obj" "./lcd.obj" "./main.obj" "./movement.obj" "./open_interface.obj" "./tm4c123gh6pm_startup_ccs.obj" "../libcybotUART.lib" "../tm4c123gh6pm.cmd"  -llibc.a -l"C:/ti/TivaWare_C_Series-2.2.0.295/driverlib/ccs/Debug/driverlib.lib" 
<Linking>
Finished building target: "lab_2.out"
 

**** Build Finished ****

**** Build of configuration Debug for project lab_2 ****

"C:\\ti\\ccs1271\\ccs\\utils\\bin\\gmake" -k -j 20 all -O 
 
Building file: "../main.c"
Invoking: Arm Compiler
"C:/ti/ccs1271/ccs/tools/compiler/ti-cgt-arm_20.2.7.LTS/bin/armcl" -mv7M4 --code_state=16 --float_support=FPv4SPD16 -me --include_path="U:/CprE288/lab_2" --include_path="C:/ti/TivaWare_C_Series-2.2.0.295" --include_path="C:/ti/ccs1271/ccs/tools/compiler/ti-cgt-arm_20.2.7.LTS/include" --define=ccs="ccs" --define=PART_TM4C123GH6PM -g --gcc --diag_warning=225 --diag_wrap=off --display_error_number --abi=eabi --preproc_with_compile --preproc_dependency="main.d_raw"  "../main.c"
Finished building: "../main.c"
 
Building target: "lab_2.out"
Invoking: Arm Linker
"C:/ti/ccs1271/ccs/tools/compiler/ti-cgt-arm_20.2.7.LTS/bin/armcl" -mv7M4 --code_state=16 --float_support=FPv4SPD16 -me --define=ccs="ccs" --define=PART_TM4C123GH6PM -g --gcc --diag_warning=225 --diag_wrap=off --display_error_number --abi=eabi -z -m"lab_2.map" --heap_size=1024 --stack_size=2048 -i"C:/ti/ccs1271/ccs/tools/compiler/ti-cgt-arm_20.2.7.LTS/lib" -i"C:/ti/ccs1271/ccs/tools/compiler/ti-cgt-arm_20.2.7.LTS/include" --reread_libs --diag_wrap=off --display_error_number --warn_sections --xml_link_info="lab_2_linkInfo.xml" --rom_model -o "lab_2.out" "./Timer.obj" "./lcd.obj" "./main.obj" "./movement.obj" "./open_interface.obj" "./tm4c123gh6pm_startup_ccs.obj" "../libcybotUART.lib" "../tm4c123gh6pm.cmd"  -llibc.a -l"C:/ti/TivaWare_C_Series-2.2.0.295/driverlib/ccs/Debug/driverlib.lib" 
<Linking>
Finished building target: "lab_2.out"
 

**** Build Finished ****

**** Build of configuration Debug for project lab_2 ****

"C:\\ti\\ccs1271\\ccs\\utils\\bin\\gmake" -k -j 20 all -O 
 
Building file: "../movement.c"
Invoking: Arm Compiler
"C:/ti/ccs1271/ccs/tools/compiler/ti-cgt-arm_20.2.7.LTS/bin/armcl" -mv7M4 --code_state=16 --float_support=FPv4SPD16 -me --include_path="U:/CprE288/lab_2" --include_path="C:/ti/TivaWare_C_Series-2.2.0.295" --include_path="C:/ti/ccs1271/ccs/tools/compiler/ti-cgt-arm_20.2.7.LTS/include" --define=ccs="ccs" --define=PART_TM4C123GH6PM -g --gcc --diag_warning=225 --diag_wrap=off --display_error_number --abi=eabi --preproc_with_compile --preproc_dependency="movement.d_raw"  "../movement.c"
Finished building: "../movement.c"
 
Building target: "lab_2.out"
Invoking: Arm Linker
"C:/ti/ccs1271/ccs/tools/compiler/ti-cgt-arm_20.2.7.LTS/bin/armcl" -mv7M4 --code_state=16 --float_support=FPv4SPD16 -me --define=ccs="ccs" --define=PART_TM4C123GH6PM -g --gcc --diag_warning=225 --diag_wrap=off --display_error_number --abi=eabi -z -m"lab_2.map" --heap_size=1024 --stack_size=2048 -i"C:/ti/ccs1271/ccs/tools/compiler/ti-cgt-arm_20.2.7.LTS/lib" -i"C:/ti/ccs1271/ccs/tools/compiler/ti-cgt-arm_20.2.7.LTS/include" --reread_libs --diag_wrap=off --display_error_number --warn_sections --xml_link_info="lab_2_linkInfo.xml" --rom_model -o "lab_2.out" "./Timer.obj" "./lcd.obj" "./main.obj" "./movement.obj" "./open_interface.obj" "./tm4c123gh6pm_startup_ccs.obj" "../libcybotUART.lib" "../tm4c123gh6pm.cmd"  -llibc.a -l"C:/ti/TivaWare_C_Series-2.2.0.295/driverlib/ccs/Debug/driverlib.lib" 
<Linking>
Finished building target: "lab_2.out"
 

**** Build Finished ****

**** Build of configuration Debug for project lab_2 ****

"C:\\ti\\ccs1271\\ccs\\utils\\bin\\gmake" -k -j 20 all -O 
 
Building file: "../main.c"
Invoking: Arm Compiler
"C:/ti/ccs1271/ccs/tools/compiler/ti-cgt-arm_20.2.7.LTS/bin/armcl" -mv7M4 --code_state=16 --float_support=FPv4SPD16 -me --include_path="U:/CprE288/lab_2" --include_path="C:/ti/TivaWare_C_Series-2.2.0.295" --include_path="C:/ti/ccs1271/ccs/tools/compiler/ti-cgt-arm_20.2.7.LTS/include" --define=ccs="ccs" --define=PART_TM4C123GH6PM -g --gcc --diag_warning=225 --diag_wrap=off --display_error_number --abi=eabi --preproc_with_compile --preproc_dependency="main.d_raw"  "../main.c"
Finished building: "../main.c"
 
Building target: "lab_2.out"
Invoking: Arm Linker
"C:/ti/ccs1271/ccs/tools/compiler/ti-cgt-arm_20.2.7.LTS/bin/armcl" -mv7M4 --code_state=16 --float_support=FPv4SPD16 -me --define=ccs="ccs" --define=PART_TM4C123GH6PM -g --gcc --diag_warning=225 --diag_wrap=off --display_error_number --abi=eabi -z -m"lab_2.map" --heap_size=1024 --stack_size=2048 -i"C:/ti/ccs1271/ccs/tools/compiler/ti-cgt-arm_20.2.7.LTS/lib" -i"C:/ti/ccs1271/ccs/tools/compiler/ti-cgt-arm_20.2.7.LTS/include" --reread_libs --diag_wrap=off --display_error_number --warn_sections --xml_link_info="lab_2_linkInfo.xml" --rom_model -o "lab_2.out" "./Timer.obj" "./lcd.obj" "./main.obj" "./movement.obj" "./open_interface.obj" "./tm4c123gh6pm_startup_ccs.obj" "../libcybotUART.lib" "../tm4c123gh6pm.cmd"  -llibc.a -l"C:/ti/TivaWare_C_Series-2.2.0.295/driverlib/ccs/Debug/driverlib.lib" 
<Linking>
Finished building target: "lab_2.out"
 

**** Build Finished ****

**** Build of configuration Debug for project lab_2 ****

"C:\\ti\\ccs1271\\ccs\\utils\\bin\\gmake" -k -j 20 all -O 
 
Building file: "../main.c"
Invoking: Arm Compiler
"C:/ti/ccs1271/ccs/tools/compiler/ti-cgt-arm_20.2.7.LTS/bin/armcl" -mv7M4 --code_state=16 --float_support=FPv4SPD16 -me --include_path="U:/CprE288/lab_2" --include_path="C:/ti/TivaWare_C_Series-2.2.0.295" --include_path="C:/ti/ccs1271/ccs/tools/compiler/ti-cgt-arm_20.2.7.LTS/include" --define=ccs="ccs" --define=PART_TM4C123GH6PM -g --gcc --diag_warning=225 --diag_wrap=off --display_error_number --abi=eabi --preproc_with_compile --preproc_dependency="main.d_raw"  "../main.c"
Finished building: "../main.c"
 
Building file: "../movement.c"
Invoking: Arm Compiler
"C:/ti/ccs1271/ccs/tools/compiler/ti-cgt-arm_20.2.7.LTS/bin/armcl" -mv7M4 --code_state=16 --float_support=FPv4SPD16 -me --include_path="U:/CprE288/lab_2" --include_path="C:/ti/TivaWare_C_Series-2.2.0.295" --include_path="C:/ti/ccs1271/ccs/tools/compiler/ti-cgt-arm_20.2.7.LTS/include" --define=ccs="ccs" --define=PART_TM4C123GH6PM -g --gcc --diag_warning=225 --diag_wrap=off --display_error_number --abi=eabi --preproc_with_compile --preproc_dependency="movement.d_raw"  "../movement.c"
Finished building: "../movement.c"
 
Building target: "lab_2.out"
Invoking: Arm Linker
"C:/ti/ccs1271/ccs/tools/compiler/ti-cgt-arm_20.2.7.LTS/bin/armcl" -mv7M4 --code_state=16 --float_support=FPv4SPD16 -me --define=ccs="ccs" --define=PART_TM4C123GH6PM -g --gcc --diag_warning=225 --diag_wrap=off --display_error_number --abi=eabi -z -m"lab_2.map" --heap_size=1024 --stack_size=2048 -i"C:/ti/ccs1271/ccs/tools/compiler/ti-cgt-arm_20.2.7.LTS/lib" -i"C:/ti/ccs1271/ccs/tools/compiler/ti-cgt-arm_20.2.7.LTS/include" --reread_libs --diag_wrap=off --display_error_number --warn_sections --xml_link_info="lab_2_linkInfo.xml" --rom_model -o "lab_2.out" "./Timer.obj" "./lcd.obj" "./main.obj" "./movement.obj" "./open_interface.obj" "./tm4c123gh6pm_startup_ccs.obj" "../libcybotUART.lib" "../tm4c123gh6pm.cmd"  -llibc.a -l"C:/ti/TivaWare_C_Series-2.2.0.295/driverlib/ccs/Debug/driverlib.lib" 
<Linking>
Finished building target: "lab_2.out"
 

**** Build Finished ****

**** Build of configuration Debug for project lab_2 ****

"C:\\ti\\ccs1271\\ccs\\utils\\bin\\gmake" -k -j 20 all -O 
 
Building file: "../main.c"
Invoking: Arm Compiler
"C:/ti/ccs1271/ccs/tools/compiler/ti-cgt-arm_20.2.7.LTS/bin/armcl" -mv7M4 --code_state=16 --float_support=FPv4SPD16 -me --include_path="U:/CprE288/lab_2" --include_path="C:/ti/TivaWare_C_Series-2.2.0.295" --include_path="C:/ti/ccs1271/ccs/tools/compiler/ti-cgt-arm_20.2.7.LTS/include" --define=ccs="ccs" --define=PART_TM4C123GH6PM -g --gcc --diag_warning=225 --diag_wrap=off --display_error_number --abi=eabi --preproc_with_compile --preproc_dependency="main.d_raw"  "../main.c"
Finished building: "../main.c"
 
Building target: "lab_2.out"
Invoking: Arm Linker
"C:/ti/ccs1271/ccs/tools/compiler/ti-cgt-arm_20.2.7.LTS/bin/armcl" -mv7M4 --code_state=16 --float_support=FPv4SPD16 -me --define=ccs="ccs" --define=PART_TM4C123GH6PM -g --gcc --diag_warning=225 --diag_wrap=off --display_error_number --abi=eabi -z -m"lab_2.map" --heap_size=1024 --stack_size=2048 -i"C:/ti/ccs1271/ccs/tools/compiler/ti-cgt-arm_20.2.7.LTS/lib" -i"C:/ti/ccs1271/ccs/tools/compiler/ti-cgt-arm_20.2.7.LTS/include" --reread_libs --diag_wrap=off --display_error_number --warn_sections --xml_link_info="lab_2_linkInfo.xml" --rom_model -o "lab_2.out" "./Timer.obj" "./lcd.obj" "./main.obj" "./movement.obj" "./open_interface.obj" "./tm4c123gh6pm_startup_ccs.obj" "../libcybotUART.lib" "../tm4c123gh6pm.cmd"  -llibc.a -l"C:/ti/TivaWare_C_Series-2.2.0.295/driverlib/ccs/Debug/driverlib.lib" 
<Linking>
Finished building target: "lab_2.out"
 

**** Build Finished ****

**** Build of configuration Debug for project lab_2 ****

"C:\\ti\\ccs1271\\ccs\\utils\\bin\\gmake" -k -j 20 all -O 
 
Building file: "../movement.c"
Invoking: Arm Compiler
"C:/ti/ccs1271/ccs/tools/compiler/ti-cgt-arm_20.2.7.LTS/bin/armcl" -mv7M4 --code_state=16 --float_support=FPv4SPD16 -me --include_path="U:/CprE288/lab_2" --include_path="C:/ti/TivaWare_C_Series-2.2.0.295" --include_path="C:/ti/ccs1271/ccs/tools/compiler/ti-cgt-arm_20.2.7.LTS/include" --define=ccs="ccs" --define=PART_TM4C123GH6PM -g --gcc --diag_warning=225 --diag_wrap=off --display_error_number --abi=eabi --preproc_with_compile --preproc_dependency="movement.d_raw"  "../movement.c"
Finished building: "../movement.c"
 
Building target: "lab_2.out"
Invoking: Arm Linker
"C:/ti/ccs1271/ccs/tools/compiler/ti-cgt-arm_20.2.7.LTS/bin/armcl" -mv7M4 --code_state=16 --float_support=FPv4SPD16 -me --define=ccs="ccs" --define=PART_TM4C123GH6PM -g --gcc --diag_warning=225 --diag_wrap=off --display_error_number --abi=eabi -z -m"lab_2.map" --heap_size=1024 --stack_size=2048 -i"C:/ti/ccs1271/ccs/tools/compiler/ti-cgt-arm_20.2.7.LTS/lib" -i"C:/ti/ccs1271/ccs/tools/compiler/ti-cgt-arm_20.2.7.LTS/include" --reread_libs --diag_wrap=off --display_error_number --warn_sections --xml_link_info="lab_2_linkInfo.xml" --rom_model -o "lab_2.out" "./Timer.obj" "./lcd.obj" "./main.obj" "./movement.obj" "./open_interface.obj" "./tm4c123gh6pm_startup_ccs.obj" "../libcybotUART.lib" "../tm4c123gh6pm.cmd"  -llibc.a -l"C:/ti/TivaWare_C_Series-2.2.0.295/driverlib/ccs/Debug/driverlib.lib" 
<Linking>
Finished building target: "lab_2.out"
 

**** Build Finished ****

**** Build of configuration Debug for project lab_2 ****

"C:\\ti\\ccs1271\\ccs\\utils\\bin\\gmake" -k -j 20 all -O 
 
Building file: "../movement.c"
Invoking: Arm Compiler
"C:/ti/ccs1271/ccs/tools/compiler/ti-cgt-arm_20.2.7.LTS/bin/armcl" -mv7M4 --code_state=16 --float_support=FPv4SPD16 -me --include_path="U:/CprE288/lab_2" --include_path="C:/ti/TivaWare_C_Series-2.2.0.295" --include_path="C:/ti/ccs1271/ccs/tools/compiler/ti-cgt-arm_20.2.7.LTS/include" --define=ccs="ccs" --define=PART_TM4C123GH6PM -g --gcc --diag_warning=225 --diag_wrap=off --display_error_number --abi=eabi --preproc_with_compile --preproc_dependency="movement.d_raw"  "../movement.c"
Finished building: "../movement.c"
 
Building target: "lab_2.out"
Invoking: Arm Linker
"C:/ti/ccs1271/ccs/tools/compiler/ti-cgt-arm_20.2.7.LTS/bin/armcl" -mv7M4 --code_state=16 --float_support=FPv4SPD16 -me --define=ccs="ccs" --define=PART_TM4C123GH6PM -g --gcc --diag_warning=225 --diag_wrap=off --display_error_number --abi=eabi -z -m"lab_2.map" --heap_size=1024 --stack_size=2048 -i"C:/ti/ccs1271/ccs/tools/compiler/ti-cgt-arm_20.2.7.LTS/lib" -i"C:/ti/ccs1271/ccs/tools/compiler/ti-cgt-arm_20.2.7.LTS/include" --reread_libs --diag_wrap=off --display_error_number --warn_sections --xml_link_info="lab_2_linkInfo.xml" --rom_model -o "lab_2.out" "./Timer.obj" "./lcd.obj" "./main.obj" "./movement.obj" "./open_interface.obj" "./tm4c123gh6pm_startup_ccs.obj" "../libcybotUART.lib" "../tm4c123gh6pm.cmd"  -llibc.a -l"C:/ti/TivaWare_C_Series-2.2.0.295/driverlib/ccs/Debug/driverlib.lib" 
<Linking>
Finished building target: "lab_2.out"
 

**** Build Finished ****

**** Build of configuration Debug for project lab_2 ****

"C:\\ti\\ccs1271\\ccs\\utils\\bin\\gmake" -k -j 20 all -O 
 
Building file: "../main.c"
Invoking: Arm Compiler
"C:/ti/ccs1271/ccs/tools/compiler/ti-cgt-arm_20.2.7.LTS/bin/armcl" -mv7M4 --code_state=16 --float_support=FPv4SPD16 -me --include_path="U:/CprE288/lab_2" --include_path="C:/ti/TivaWare_C_Series-2.2.0.295" --include_path="C:/ti/ccs1271/ccs/tools/compiler/ti-cgt-arm_20.2.7.LTS/include" --define=ccs="ccs" --define=PART_TM4C123GH6PM -g --gcc --diag_warning=225 --diag_wrap=off --display_error_number --abi=eabi --preproc_with_compile --preproc_dependency="main.d_raw"  "../main.c"
Finished building: "../main.c"
 
Building target: "lab_2.out"
Invoking: Arm Linker
"C:/ti/ccs1271/ccs/tools/compiler/ti-cgt-arm_20.2.7.LTS/bin/armcl" -mv7M4 --code_state=16 --float_support=FPv4SPD16 -me --define=ccs="ccs" --define=PART_TM4C123GH6PM -g --gcc --diag_warning=225 --diag_wrap=off --display_error_number --abi=eabi -z -m"lab_2.map" --heap_size=1024 --stack_size=2048 -i"C:/ti/ccs1271/ccs/tools/compiler/ti-cgt-arm_20.2.7.LTS/lib" -i"C:/ti/ccs1271/ccs/tools/compiler/ti-cgt-arm_20.2.7.LTS/include" --reread_libs --diag_wrap=off --display_error_number --warn_sections --xml_link_info="lab_2_linkInfo.xml" --rom_model -o "lab_2.out" "./Timer.obj" "./lcd.obj" "./main.obj" "./movement.obj" "./open_interface.obj" "./tm4c123gh6pm_startup_ccs.obj" "../libcybotUART.lib" "../tm4c123gh6pm.cmd"  -llibc.a -l"C:/ti/TivaWare_C_Series-2.2.0.295/driverlib/ccs/Debug/driverlib.lib" 
<Linking>
Finished building target: "lab_2.out"
 

**** Build Finished ****

**** Build of configuration Debug for project lab_2 ****

"C:\\ti\\ccs1271\\ccs\\utils\\bin\\gmake" -k -j 20 all -O 
 
gmake[1]: 'lab_2.out' is up to date.

**** Build Finished ****

**** Build of configuration Debug for project lab_2 ****

"C:\\ti\\ccs1271\\ccs\\utils\\bin\\gmake" -k -j 20 all -O 
 
gmake[1]: 'lab_2.out' is up to date.

**** Build Finished ****

**** Build of configuration Debug for project lab_2 ****

"C:\\ti\\ccs1271\\ccs\\utils\\bin\\gmake" -k -j 20 all -O 
 
Building file: "../movement.c"
Invoking: Arm Compiler
"C:/ti/ccs1271/ccs/tools/compiler/ti-cgt-arm_20.2.7.LTS/bin/armcl" -mv7M4 --code_state=16 --float_support=FPv4SPD16 -me --include_path="U:/CprE288/lab_2" --include_path="C:/ti/TivaWare_C_Series-2.2.0.295" --include_path="C:/ti/ccs1271/ccs/tools/compiler/ti-cgt-arm_20.2.7.LTS/include" --define=ccs="ccs" --define=PART_TM4C123GH6PM -g --gcc --diag_warning=225 --diag_wrap=off --display_error_number --abi=eabi --preproc_with_compile --preproc_dependency="movement.d_raw"  "../movement.c"
Finished building: "../movement.c"
 
Building target: "lab_2.out"
Invoking: Arm Linker
"C:/ti/ccs1271/ccs/tools/compiler/ti-cgt-arm_20.2.7.LTS/bin/armcl" -mv7M4 --code_state=16 --float_support=FPv4SPD16 -me --define=ccs="ccs" --define=PART_TM4C123GH6PM -g --gcc --diag_warning=225 --diag_wrap=off --display_error_number --abi=eabi -z -m"lab_2.map" --heap_size=1024 --stack_size=2048 -i"C:/ti/ccs1271/ccs/tools/compiler/ti-cgt-arm_20.2.7.LTS/lib" -i"C:/ti/ccs1271/ccs/tools/compiler/ti-cgt-arm_20.2.7.LTS/include" --reread_libs --diag_wrap=off --display_error_number --warn_sections --xml_link_info="lab_2_linkInfo.xml" --rom_model -o "lab_2.out" "./Timer.obj" "./lcd.obj" "./main.obj" "./movement.obj" "./open_interface.obj" "./tm4c123gh6pm_startup_ccs.obj" "../libcybotUART.lib" "../tm4c123gh6pm.cmd"  -llibc.a -l"C:/ti/TivaWare_C_Series-2.2.0.295/driverlib/ccs/Debug/driverlib.lib" 
<Linking>
Finished building target: "lab_2.out"
 

**** Build Finished ****

**** Build of configuration Debug for project lab_2 ****

"C:\\ti\\ccs1271\\ccs\\utils\\bin\\gmake" -k -j 20 all -O 
 
gmake[1]: 'lab_2.out' is up to date.

**** Build Finished ****

**** Build of configuration Debug for project lab_2 ****

"C:\\ti\\ccs1271\\ccs\\utils\\bin\\gmake" -k -j 20 all -O 
 
Building file: "../movement.c"
Invoking: Arm Compiler
"C:/ti/ccs1271/ccs/tools/compiler/ti-cgt-arm_20.2.7.LTS/bin/armcl" -mv7M4 --code_state=16 --float_support=FPv4SPD16 -me --include_path="U:/CprE288/lab_2" --include_path="C:/ti/TivaWare_C_Series-2.2.0.295" --include_path="C:/ti/ccs1271/ccs/tools/compiler/ti-cgt-arm_20.2.7.LTS/include" --define=ccs="ccs" --define=PART_TM4C123GH6PM -g --gcc --diag_warning=225 --diag_wrap=off --display_error_number --abi=eabi --preproc_with_compile --preproc_dependency="movement.d_raw"  "../movement.c"
Finished building: "../movement.c"
 
Building target: "lab_2.out"
Invoking: Arm Linker
"C:/ti/ccs1271/ccs/tools/compiler/ti-cgt-arm_20.2.7.LTS/bin/armcl" -mv7M4 --code_state=16 --float_support=FPv4SPD16 -me --define=ccs="ccs" --define=PART_TM4C123GH6PM -g --gcc --diag_warning=225 --diag_wrap=off --display_error_number --abi=eabi -z -m"lab_2.map" --heap_size=1024 --stack_size=2048 -i"C:/ti/ccs1271/ccs/tools/compiler/ti-cgt-arm_20.2.7.LTS/lib" -i"C:/ti/ccs1271/ccs/tools/compiler/ti-cgt-arm_20.2.7.LTS/include" --reread_libs --diag_wrap=off --display_error_number --warn_sections --xml_link_info="lab_2_linkInfo.xml" --rom_model -o "lab_2.out" "./Timer.obj" "./lcd.obj" "./main.obj" "./movement.obj" "./open_interface.obj" "./tm4c123gh6pm_startup_ccs.obj" "../libcybotUART.lib" "../tm4c123gh6pm.cmd"  -llibc.a -l"C:/ti/TivaWare_C_Series-2.2.0.295/driverlib/ccs/Debug/driverlib.lib" 
<Linking>
Finished building target: "lab_2.out"
 

**** Build Finished ****

**** Build of configuration Debug for project lab_2 ****

"C:\\ti\\ccs1271\\ccs\\utils\\bin\\gmake" -k -j 20 all -O 
 
Building file: "../movement.c"
Invoking: Arm Compiler
"C:/ti/ccs1271/ccs/tools/compiler/ti-cgt-arm_20.2.7.LTS/bin/armcl" -mv7M4 --code_state=16 --float_support=FPv4SPD16 -me --include_path="U:/CprE288/lab_2" --include_path="C:/ti/TivaWare_C_Series-2.2.0.295" --include_path="C:/ti/ccs1271/ccs/tools/compiler/ti-cgt-arm_20.2.7.LTS/include" --define=ccs="ccs" --define=PART_TM4C123GH6PM -g --gcc --diag_warning=225 --diag_wrap=off --display_error_number --abi=eabi --preproc_with_compile --preproc_dependency="movement.d_raw"  "../movement.c"
Finished building: "../movement.c"
 
Building target: "lab_2.out"
Invoking: Arm Linker
"C:/ti/ccs1271/ccs/tools/compiler/ti-cgt-arm_20.2.7.LTS/bin/armcl" -mv7M4 --code_state=16 --float_support=FPv4SPD16 -me --define=ccs="ccs" --define=PART_TM4C123GH6PM -g --gcc --diag_warning=225 --diag_wrap=off --display_error_number --abi=eabi -z -m"lab_2.map" --heap_size=1024 --stack_size=2048 -i"C:/ti/ccs1271/ccs/tools/compiler/ti-cgt-arm_20.2.7.LTS/lib" -i"C:/ti/ccs1271/ccs/tools/compiler/ti-cgt-arm_20.2.7.LTS/include" --reread_libs --diag_wrap=off --display_error_number --warn_sections --xml_link_info="lab_2_linkInfo.xml" --rom_model -o "lab_2.out" "./Timer.obj" "./lcd.obj" "./main.obj" "./movement.obj" "./open_interface.obj" "./tm4c123gh6pm_startup_ccs.obj" "../libcybotUART.lib" "../tm4c123gh6pm.cmd"  -llibc.a -l"C:/ti/TivaWare_C_Series-2.2.0.295/driverlib/ccs/Debug/driverlib.lib" 
<Linking>
Finished building target: "lab_2.out"
 

**** Build Finished ****

**** Build of configuration Debug for project lab_2 ****

"C:\\ti\\ccs1271\\ccs\\utils\\bin\\gmake" -k -j 20 all -O 
 
Building file: "../main.c"
Invoking: Arm Compiler
"C:/ti/ccs1271/ccs/tools/compiler/ti-cgt-arm_20.2.7.LTS/bin/armcl" -mv7M4 --code_state=16 --float_support=FPv4SPD16 -me --include_path="U:/CprE288/lab_2" --include_path="C:/ti/TivaWare_C_Series-2.2.0.295" --include_path="C:/ti/ccs1271/ccs/tools/compiler/ti-cgt-arm_20.2.7.LTS/include" --define=ccs="ccs" --define=PART_TM4C123GH6PM -g --gcc --diag_warning=225 --diag_wrap=off --display_error_number --abi=eabi --preproc_with_compile --preproc_dependency="main.d_raw"  "../main.c"
Finished building: "../main.c"
 
Building target: "lab_2.out"
Invoking: Arm Linker
"C:/ti/ccs1271/ccs/tools/compiler/ti-cgt-arm_20.2.7.LTS/bin/armcl" -mv7M4 --code_state=16 --float_support=FPv4SPD16 -me --define=ccs="ccs" --define=PART_TM4C123GH6PM -g --gcc --diag_warning=225 --diag_wrap=off --display_error_number --abi=eabi -z -m"lab_2.map" --heap_size=1024 --stack_size=2048 -i"C:/ti/ccs1271/ccs/tools/compiler/ti-cgt-arm_20.2.7.LTS/lib" -i"C:/ti/ccs1271/ccs/tools/compiler/ti-cgt-arm_20.2.7.LTS/include" --reread_libs --diag_wrap=off --display_error_number --warn_sections --xml_link_info="lab_2_linkInfo.xml" --rom_model -o "lab_2.out" "./Timer.obj" "./lcd.obj" "./main.obj" "./movement.obj" "./open_interface.obj" "./tm4c123gh6pm_startup_ccs.obj" "../libcybotUART.lib" "../tm4c123gh6pm.cmd"  -llibc.a -l"C:/ti/TivaWare_C_Series-2.2.0.295/driverlib/ccs/Debug/driverlib.lib" 
<Linking>
Finished building target: "lab_2.out"
 

**** Build Finished ****

**** Build of configuration Debug for project lab_2 ****

"C:\\ti\\ccs1271\\ccs\\utils\\bin\\gmake" -k -j 20 all -O 
 
Building file: "../main.c"
Invoking: Arm Compiler
"C:/ti/ccs1271/ccs/tools/compiler/ti-cgt-arm_20.2.7.LTS/bin/armcl" -mv7M4 --code_state=16 --float_support=FPv4SPD16 -me --include_path="U:/CprE288/lab_2" --include_path="C:/ti/TivaWare_C_Series-2.2.0.295" --include_path="C:/ti/ccs1271/ccs/tools/compiler/ti-cgt-arm_20.2.7.LTS/include" --define=ccs="ccs" --define=PART_TM4C123GH6PM -g --gcc --diag_warning=225 --diag_wrap=off --display_error_number --abi=eabi --preproc_with_compile --preproc_dependency="main.d_raw"  "../main.c"
Finished building: "../main.c"
 
Building target: "lab_2.out"
Invoking: Arm Linker
"C:/ti/ccs1271/ccs/tools/compiler/ti-cgt-arm_20.2.7.LTS/bin/armcl" -mv7M4 --code_state=16 --float_support=FPv4SPD16 -me --define=ccs="ccs" --define=PART_TM4C123GH6PM -g --gcc --diag_warning=225 --diag_wrap=off --display_error_number --abi=eabi -z -m"lab_2.map" --heap_size=1024 --stack_size=2048 -i"C:/ti/ccs1271/ccs/tools/compiler/ti-cgt-arm_20.2.7.LTS/lib" -i"C:/ti/ccs1271/ccs/tools/compiler/ti-cgt-arm_20.2.7.LTS/include" --reread_libs --diag_wrap=off --display_error_number --warn_sections --xml_link_info="lab_2_linkInfo.xml" --rom_model -o "lab_2.out" "./Timer.obj" "./lcd.obj" "./main.obj" "./movement.obj" "./open_interface.obj" "./tm4c123gh6pm_startup_ccs.obj" "../libcybotUART.lib" "../tm4c123gh6pm.cmd"  -llibc.a -l"C:/ti/TivaWare_C_Series-2.2.0.295/driverlib/ccs/Debug/driverlib.lib" 
<Linking>
Finished building target: "lab_2.out"
 

**** Build Finished ****

**** Build of configuration Debug for project lab_2 ****

"C:\\ti\\ccs1271\\ccs\\utils\\bin\\gmake" -k -j 20 all -O 
 
Building file: "../main.c"
Invoking: Arm Compiler
"C:/ti/ccs1271/ccs/tools/compiler/ti-cgt-arm_20.2.7.LTS/bin/armcl" -mv7M4 --code_state=16 --float_support=FPv4SPD16 -me --include_path="U:/CprE288/lab_2" --include_path="C:/ti/TivaWare_C_Series-2.2.0.295" --include_path="C:/ti/ccs1271/ccs/tools/compiler/ti-cgt-arm_20.2.7.LTS/include" --define=ccs="ccs" --define=PART_TM4C123GH6PM -g --gcc --diag_warning=225 --diag_wrap=off --display_error_number --abi=eabi --preproc_with_compile --preproc_dependency="main.d_raw"  "../main.c"
Finished building: "../main.c"
 
Building target: "lab_2.out"
Invoking: Arm Linker
"C:/ti/ccs1271/ccs/tools/compiler/ti-cgt-arm_20.2.7.LTS/bin/armcl" -mv7M4 --code_state=16 --float_support=FPv4SPD16 -me --define=ccs="ccs" --define=PART_TM4C123GH6PM -g --gcc --diag_warning=225 --diag_wrap=off --display_error_number --abi=eabi -z -m"lab_2.map" --heap_size=1024 --stack_size=2048 -i"C:/ti/ccs1271/ccs/tools/compiler/ti-cgt-arm_20.2.7.LTS/lib" -i"C:/ti/ccs1271/ccs/tools/compiler/ti-cgt-arm_20.2.7.LTS/include" --reread_libs --diag_wrap=off --display_error_number --warn_sections --xml_link_info="lab_2_linkInfo.xml" --rom_model -o "lab_2.out" "./Timer.obj" "./lcd.obj" "./main.obj" "./movement.obj" "./open_interface.obj" "./tm4c123gh6pm_startup_ccs.obj" "../libcybotUART.lib" "../tm4c123gh6pm.cmd"  -llibc.a -l"C:/ti/TivaWare_C_Series-2.2.0.295/driverlib/ccs/Debug/driverlib.lib" 
<Linking>
Finished building target: "lab_2.out"
 

**** Build Finished ****

**** Build of configuration Debug for project lab_2 ****

"C:\\ti\\ccs1271\\ccs\\utils\\bin\\gmake" -k -j 20 all -O 
 
Building file: "../main.c"
Invoking: Arm Compiler
"C:/ti/ccs1271/ccs/tools/compiler/ti-cgt-arm_20.2.7.LTS/bin/armcl" -mv7M4 --code_state=16 --float_support=FPv4SPD16 -me --include_path="U:/CprE288/lab_2" --include_path="C:/ti/TivaWare_C_Series-2.2.0.295" --include_path="C:/ti/ccs1271/ccs/tools/compiler/ti-cgt-arm_20.2.7.LTS/include" --define=ccs="ccs" --define=PART_TM4C123GH6PM -g --gcc --diag_warning=225 --diag_wrap=off --display_error_number --abi=eabi --preproc_with_compile --preproc_dependency="main.d_raw"  "../main.c"
Finished building: "../main.c"
 
Building target: "lab_2.out"
Invoking: Arm Linker
"C:/ti/ccs1271/ccs/tools/compiler/ti-cgt-arm_20.2.7.LTS/bin/armcl" -mv7M4 --code_state=16 --float_support=FPv4SPD16 -me --define=ccs="ccs" --define=PART_TM4C123GH6PM -g --gcc --diag_warning=225 --diag_wrap=off --display_error_number --abi=eabi -z -m"lab_2.map" --heap_size=1024 --stack_size=2048 -i"C:/ti/ccs1271/ccs/tools/compiler/ti-cgt-arm_20.2.7.LTS/lib" -i"C:/ti/ccs1271/ccs/tools/compiler/ti-cgt-arm_20.2.7.LTS/include" --reread_libs --diag_wrap=off --display_error_number --warn_sections --xml_link_info="lab_2_linkInfo.xml" --rom_model -o "lab_2.out" "./Timer.obj" "./lcd.obj" "./main.obj" "./movement.obj" "./open_interface.obj" "./tm4c123gh6pm_startup_ccs.obj" "../libcybotUART.lib" "../tm4c123gh6pm.cmd"  -llibc.a -l"C:/ti/TivaWare_C_Series-2.2.0.295/driverlib/ccs/Debug/driverlib.lib" 
<Linking>
Finished building target: "lab_2.out"
 

**** Build Finished ****

**** Build of configuration Debug for project lab_2 ****

"C:\\ti\\ccs1271\\ccs\\utils\\bin\\gmake" -k -j 20 all -O 
 
Building file: "../main.c"
Invoking: Arm Compiler
"C:/ti/ccs1271/ccs/tools/compiler/ti-cgt-arm_20.2.7.LTS/bin/armcl" -mv7M4 --code_state=16 --float_support=FPv4SPD16 -me --include_path="U:/CprE288/lab_2" --include_path="C:/ti/TivaWare_C_Series-2.2.0.295" --include_path="C:/ti/ccs1271/ccs/tools/compiler/ti-cgt-arm_20.2.7.LTS/include" --define=ccs="ccs" --define=PART_TM4C123GH6PM -g --gcc --diag_warning=225 --diag_wrap=off --display_error_number --abi=eabi --preproc_with_compile --preproc_dependency="main.d_raw"  "../main.c"
Finished building: "../main.c"
 
Building target: "lab_2.out"
Invoking: Arm Linker
"C:/ti/ccs1271/ccs/tools/compiler/ti-cgt-arm_20.2.7.LTS/bin/armcl" -mv7M4 --code_state=16 --float_support=FPv4SPD16 -me --define=ccs="ccs" --define=PART_TM4C123GH6PM -g --gcc --diag_warning=225 --diag_wrap=off --display_error_number --abi=eabi -z -m"lab_2.map" --heap_size=1024 --stack_size=2048 -i"C:/ti/ccs1271/ccs/tools/compiler/ti-cgt-arm_20.2.7.LTS/lib" -i"C:/ti/ccs1271/ccs/tools/compiler/ti-cgt-arm_20.2.7.LTS/include" --reread_libs --diag_wrap=off --display_error_number --warn_sections --xml_link_info="lab_2_linkInfo.xml" --rom_model -o "lab_2.out" "./Timer.obj" "./lcd.obj" "./main.obj" "./movement.obj" "./open_interface.obj" "./tm4c123gh6pm_startup_ccs.obj" "../libcybotUART.lib" "../tm4c123gh6pm.cmd"  -llibc.a -l"C:/ti/TivaWare_C_Series-2.2.0.295/driverlib/ccs/Debug/driverlib.lib" 
<Linking>
Finished building target: "lab_2.out"
 

**** Build Finished ****

**** Build of configuration Debug for project lab_2 ****

"C:\\ti\\ccs1271\\ccs\\utils\\bin\\gmake" -k -j 20 all -O 
 
Building file: "../main.c"
Invoking: Arm Compiler
"C:/ti/ccs1271/ccs/tools/compiler/ti-cgt-arm_20.2.7.LTS/bin/armcl" -mv7M4 --code_state=16 --float_support=FPv4SPD16 -me --include_path="U:/CprE288/lab_2" --include_path="C:/ti/TivaWare_C_Series-2.2.0.295" --include_path="C:/ti/ccs1271/ccs/tools/compiler/ti-cgt-arm_20.2.7.LTS/include" --define=ccs="ccs" --define=PART_TM4C123GH6PM -g --gcc --diag_warning=225 --diag_wrap=off --display_error_number --abi=eabi --preproc_with_compile --preproc_dependency="main.d_raw"  "../main.c"
 
>> Compilation failure
subdir_rules.mk:9: recipe for target 'main.obj' failed
"../main.c", line 23: error #66: expected a ";"
"../main.c", line 28: error #20: identifier "c" is undefined
2 errors detected in the compilation of "../main.c".
gmake: *** [main.obj] Error 1
gmake: Target 'all' not remade because of errors.

**** Build Finished ****

**** Build of configuration Debug for project lab_2 ****

"C:\\ti\\ccs1271\\ccs\\utils\\bin\\gmake" -k -j 20 all -O 
 
Building file: "../main.c"
Invoking: Arm Compiler
"C:/ti/ccs1271/ccs/tools/compiler/ti-cgt-arm_20.2.7.LTS/bin/armcl" -mv7M4 --code_state=16 --float_support=FPv4SPD16 -me --include_path="U:/CprE288/lab_2" --include_path="C:/ti/TivaWare_C_Series-2.2.0.295" --include_path="C:/ti/ccs1271/ccs/tools/compiler/ti-cgt-arm_20.2.7.LTS/include" --define=ccs="ccs" --define=PART_TM4C123GH6PM -g --gcc --diag_warning=225 --diag_wrap=off --display_error_number --abi=eabi --preproc_with_compile --preproc_dependency="main.d_raw"  "../main.c"
Finished building: "../main.c"
 
Building target: "lab_2.out"
Invoking: Arm Linker
"C:/ti/ccs1271/ccs/tools/compiler/ti-cgt-arm_20.2.7.LTS/bin/armcl" -mv7M4 --code_state=16 --float_support=FPv4SPD16 -me --define=ccs="ccs" --define=PART_TM4C123GH6PM -g --gcc --diag_warning=225 --diag_wrap=off --display_error_number --abi=eabi -z -m"lab_2.map" --heap_size=1024 --stack_size=2048 -i"C:/ti/ccs1271/ccs/tools/compiler/ti-cgt-arm_20.2.7.LTS/lib" -i"C:/ti/ccs1271/ccs/tools/compiler/ti-cgt-arm_20.2.7.LTS/include" --reread_libs --diag_wrap=off --display_error_number --warn_sections --xml_link_info="lab_2_linkInfo.xml" --rom_model -o "lab_2.out" "./Timer.obj" "./lcd.obj" "./main.obj" "./movement.obj" "./open_interface.obj" "./tm4c123gh6pm_startup_ccs.obj" "../libcybotUART.lib" "../tm4c123gh6pm.cmd"  -llibc.a -l"C:/ti/TivaWare_C_Series-2.2.0.295/driverlib/ccs/Debug/driverlib.lib" 
<Linking>
Finished building target: "lab_2.out"
 

**** Build Finished ****

**** Build of configuration Debug for project lab_2 ****

"C:\\ti\\ccs1271\\ccs\\utils\\bin\\gmake" -k -j 20 all -O 
 
Building file: "../main.c"
Invoking: Arm Compiler
"C:/ti/ccs1271/ccs/tools/compiler/ti-cgt-arm_20.2.7.LTS/bin/armcl" -mv7M4 --code_state=16 --float_support=FPv4SPD16 -me --include_path="U:/CprE288/lab_2" --include_path="C:/ti/TivaWare_C_Series-2.2.0.295" --include_path="C:/ti/ccs1271/ccs/tools/compiler/ti-cgt-arm_20.2.7.LTS/include" --define=ccs="ccs" --define=PART_TM4C123GH6PM -g --gcc --diag_warning=225 --diag_wrap=off --display_error_number --abi=eabi --preproc_with_compile --preproc_dependency="main.d_raw"  "../main.c"
Finished building: "../main.c"
 
Building target: "lab_2.out"
Invoking: Arm Linker
"C:/ti/ccs1271/ccs/tools/compiler/ti-cgt-arm_20.2.7.LTS/bin/armcl" -mv7M4 --code_state=16 --float_support=FPv4SPD16 -me --define=ccs="ccs" --define=PART_TM4C123GH6PM -g --gcc --diag_warning=225 --diag_wrap=off --display_error_number --abi=eabi -z -m"lab_2.map" --heap_size=1024 --stack_size=2048 -i"C:/ti/ccs1271/ccs/tools/compiler/ti-cgt-arm_20.2.7.LTS/lib" -i"C:/ti/ccs1271/ccs/tools/compiler/ti-cgt-arm_20.2.7.LTS/include" --reread_libs --diag_wrap=off --display_error_number --warn_sections --xml_link_info="lab_2_linkInfo.xml" --rom_model -o "lab_2.out" "./Timer.obj" "./lcd.obj" "./main.obj" "./movement.obj" "./open_interface.obj" "./tm4c123gh6pm_startup_ccs.obj" "../libcybotUART.lib" "../tm4c123gh6pm.cmd"  -llibc.a -l"C:/ti/TivaWare_C_Series-2.2.0.295/driverlib/ccs/Debug/driverlib.lib" 
<Linking>
Finished building target: "lab_2.out"
 

**** Build Finished ****

**** Build of configuration Debug for project lab_2 ****

"C:\\ti\\ccs1271\\ccs\\utils\\bin\\gmake" -k -j 20 all -O 
 
gmake[1]: 'lab_2.out' is up to date.

**** Build Finished ****

**** Build of configuration Debug for project lab_2 ****

"C:\\ti\\ccs1271\\ccs\\utils\\bin\\gmake" -k -j 20 all -O 
 
Building file: "../main.c"
Invoking: Arm Compiler
"C:/ti/ccs1271/ccs/tools/compiler/ti-cgt-arm_20.2.7.LTS/bin/armcl" -mv7M4 --code_state=16 --float_support=FPv4SPD16 -me --include_path="U:/CprE288/lab_2" --include_path="C:/ti/TivaWare_C_Series-2.2.0.295" --include_path="C:/ti/ccs1271/ccs/tools/compiler/ti-cgt-arm_20.2.7.LTS/include" --define=ccs="ccs" --define=PART_TM4C123GH6PM -g --gcc --diag_warning=225 --diag_wrap=off --display_error_number --abi=eabi --preproc_with_compile --preproc_dependency="main.d_raw"  "../main.c"
Finished building: "../main.c"
 
Building target: "lab_2.out"
Invoking: Arm Linker
"C:/ti/ccs1271/ccs/tools/compiler/ti-cgt-arm_20.2.7.LTS/bin/armcl" -mv7M4 --code_state=16 --float_support=FPv4SPD16 -me --define=ccs="ccs" --define=PART_TM4C123GH6PM -g --gcc --diag_warning=225 --diag_wrap=off --display_error_number --abi=eabi -z -m"lab_2.map" --heap_size=1024 --stack_size=2048 -i"C:/ti/ccs1271/ccs/tools/compiler/ti-cgt-arm_20.2.7.LTS/lib" -i"C:/ti/ccs1271/ccs/tools/compiler/ti-cgt-arm_20.2.7.LTS/include" --reread_libs --diag_wrap=off --display_error_number --warn_sections --xml_link_info="lab_2_linkInfo.xml" --rom_model -o "lab_2.out" "./Timer.obj" "./lcd.obj" "./main.obj" "./movement.obj" "./open_interface.obj" "./tm4c123gh6pm_startup_ccs.obj" "../libcybotUART.lib" "../tm4c123gh6pm.cmd"  -llibc.a -l"C:/ti/TivaWare_C_Series-2.2.0.295/driverlib/ccs/Debug/driverlib.lib" 
<Linking>
Finished building target: "lab_2.out"
 

**** Build Finished ****

**** Build of configuration Debug for project lab_2 ****

"C:\\ti\\ccs1271\\ccs\\utils\\bin\\gmake" -k -j 20 all -O 
 
Building file: "../main.c"
Invoking: Arm Compiler
"C:/ti/ccs1271/ccs/tools/compiler/ti-cgt-arm_20.2.7.LTS/bin/armcl" -mv7M4 --code_state=16 --float_support=FPv4SPD16 -me --include_path="U:/CprE288/lab_2" --include_path="C:/ti/TivaWare_C_Series-2.2.0.295" --include_path="C:/ti/ccs1271/ccs/tools/compiler/ti-cgt-arm_20.2.7.LTS/include" --define=ccs="ccs" --define=PART_TM4C123GH6PM -g --gcc --diag_warning=225 --diag_wrap=off --display_error_number --abi=eabi --preproc_with_compile --preproc_dependency="main.d_raw"  "../main.c"
"../main.c", line 36: warning #169-D: argument of type "char **" is incompatible with parameter of type "char *__restrict__"
"../main.c", line 36: warning #169-D: argument of type "int" is incompatible with parameter of type "const char *__restrict__"
"../main.c", line 36: warning #154-D: conversion of nonzero integer to pointer
Finished building: "../main.c"
 
Building target: "lab_2.out"
Invoking: Arm Linker
"C:/ti/ccs1271/ccs/tools/compiler/ti-cgt-arm_20.2.7.LTS/bin/armcl" -mv7M4 --code_state=16 --float_support=FPv4SPD16 -me --define=ccs="ccs" --define=PART_TM4C123GH6PM -g --gcc --diag_warning=225 --diag_wrap=off --display_error_number --abi=eabi -z -m"lab_2.map" --heap_size=1024 --stack_size=2048 -i"C:/ti/ccs1271/ccs/tools/compiler/ti-cgt-arm_20.2.7.LTS/lib" -i"C:/ti/ccs1271/ccs/tools/compiler/ti-cgt-arm_20.2.7.LTS/include" --reread_libs --diag_wrap=off --display_error_number --warn_sections --xml_link_info="lab_2_linkInfo.xml" --rom_model -o "lab_2.out" "./Timer.obj" "./lcd.obj" "./main.obj" "./movement.obj" "./open_interface.obj" "./tm4c123gh6pm_startup_ccs.obj" "../libcybotUART.lib" "../tm4c123gh6pm.cmd"  -llibc.a -l"C:/ti/TivaWare_C_Series-2.2.0.295/driverlib/ccs/Debug/driverlib.lib" 
<Linking>
Finished building target: "lab_2.out"
 

**** Build Finished ****

**** Build of configuration Debug for project lab_2 ****

"C:\\ti\\ccs1271\\ccs\\utils\\bin\\gmake" -k -j 20 all -O 
 
Building file: "../main.c"
Invoking: Arm Compiler
"C:/ti/ccs1271/ccs/tools/compiler/ti-cgt-arm_20.2.7.LTS/bin/armcl" -mv7M4 --code_state=16 --float_support=FPv4SPD16 -me --include_path="U:/CprE288/lab_2" --include_path="C:/ti/TivaWare_C_Series-2.2.0.295" --include_path="C:/ti/ccs1271/ccs/tools/compiler/ti-cgt-arm_20.2.7.LTS/include" --define=ccs="ccs" --define=PART_TM4C123GH6PM -g --gcc --diag_warning=225 --diag_wrap=off --display_error_number --abi=eabi --preproc_with_compile --preproc_dependency="main.d_raw"  "../main.c"
"../main.c", line 36: warning #169-D: argument of type "int" is incompatible with parameter of type "const char *__restrict__"
"../main.c", line 36: warning #154-D: conversion of nonzero integer to pointer
Finished building: "../main.c"
 
Building target: "lab_2.out"
Invoking: Arm Linker
"C:/ti/ccs1271/ccs/tools/compiler/ti-cgt-arm_20.2.7.LTS/bin/armcl" -mv7M4 --code_state=16 --float_support=FPv4SPD16 -me --define=ccs="ccs" --define=PART_TM4C123GH6PM -g --gcc --diag_warning=225 --diag_wrap=off --display_error_number --abi=eabi -z -m"lab_2.map" --heap_size=1024 --stack_size=2048 -i"C:/ti/ccs1271/ccs/tools/compiler/ti-cgt-arm_20.2.7.LTS/lib" -i"C:/ti/ccs1271/ccs/tools/compiler/ti-cgt-arm_20.2.7.LTS/include" --reread_libs --diag_wrap=off --display_error_number --warn_sections --xml_link_info="lab_2_linkInfo.xml" --rom_model -o "lab_2.out" "./Timer.obj" "./lcd.obj" "./main.obj" "./movement.obj" "./open_interface.obj" "./tm4c123gh6pm_startup_ccs.obj" "../libcybotUART.lib" "../tm4c123gh6pm.cmd"  -llibc.a -l"C:/ti/TivaWare_C_Series-2.2.0.295/driverlib/ccs/Debug/driverlib.lib" 
<Linking>
Finished building target: "lab_2.out"
 

**** Build Finished ****

**** Build of configuration Debug for project lab_2 ****

"C:\\ti\\ccs1271\\ccs\\utils\\bin\\gmake" -k -j 20 all -O 
 
Building file: "../main.c"
Invoking: Arm Compiler
"C:/ti/ccs1271/ccs/tools/compiler/ti-cgt-arm_20.2.7.LTS/bin/armcl" -mv7M4 --code_state=16 --float_support=FPv4SPD16 -me --include_path="U:/CprE288/lab_2" --include_path="C:/ti/TivaWare_C_Series-2.2.0.295" --include_path="C:/ti/ccs1271/ccs/tools/compiler/ti-cgt-arm_20.2.7.LTS/include" --define=ccs="ccs" --define=PART_TM4C123GH6PM -g --gcc --diag_warning=225 --diag_wrap=off --display_error_number --abi=eabi --preproc_with_compile --preproc_dependency="main.d_raw"  "../main.c"
Finished building: "../main.c"
 
Building target: "lab_2.out"
Invoking: Arm Linker
"C:/ti/ccs1271/ccs/tools/compiler/ti-cgt-arm_20.2.7.LTS/bin/armcl" -mv7M4 --code_state=16 --float_support=FPv4SPD16 -me --define=ccs="ccs" --define=PART_TM4C123GH6PM -g --gcc --diag_warning=225 --diag_wrap=off --display_error_number --abi=eabi -z -m"lab_2.map" --heap_size=1024 --stack_size=2048 -i"C:/ti/ccs1271/ccs/tools/compiler/ti-cgt-arm_20.2.7.LTS/lib" -i"C:/ti/ccs1271/ccs/tools/compiler/ti-cgt-arm_20.2.7.LTS/include" --reread_libs --diag_wrap=off --display_error_number --warn_sections --xml_link_info="lab_2_linkInfo.xml" --rom_model -o "lab_2.out" "./Timer.obj" "./lcd.obj" "./main.obj" "./movement.obj" "./open_interface.obj" "./tm4c123gh6pm_startup_ccs.obj" "../libcybotUART.lib" "../tm4c123gh6pm.cmd"  -llibc.a -l"C:/ti/TivaWare_C_Series-2.2.0.295/driverlib/ccs/Debug/driverlib.lib" 
<Linking>
Finished building target: "lab_2.out"
 

**** Build Finished ****

**** Build of configuration Debug for project lab_2 ****

"C:\\ti\\ccs1271\\ccs\\utils\\bin\\gmake" -k -j 20 all -O 
 
Building file: "../main.c"
Invoking: Arm Compiler
"C:/ti/ccs1271/ccs/tools/compiler/ti-cgt-arm_20.2.7.LTS/bin/armcl" -mv7M4 --code_state=16 --float_support=FPv4SPD16 -me --include_path="U:/CprE288/lab_2" --include_path="C:/ti/TivaWare_C_Series-2.2.0.295" --include_path="C:/ti/ccs1271/ccs/tools/compiler/ti-cgt-arm_20.2.7.LTS/include" --define=ccs="ccs" --define=PART_TM4C123GH6PM -g --gcc --diag_warning=225 --diag_wrap=off --display_error_number --abi=eabi --preproc_with_compile --preproc_dependency="main.d_raw"  "../main.c"
Finished building: "../main.c"
 
Building target: "lab_2.out"
Invoking: Arm Linker
"C:/ti/ccs1271/ccs/tools/compiler/ti-cgt-arm_20.2.7.LTS/bin/armcl" -mv7M4 --code_state=16 --float_support=FPv4SPD16 -me --define=ccs="ccs" --define=PART_TM4C123GH6PM -g --gcc --diag_warning=225 --diag_wrap=off --display_error_number --abi=eabi -z -m"lab_2.map" --heap_size=1024 --stack_size=2048 -i"C:/ti/ccs1271/ccs/tools/compiler/ti-cgt-arm_20.2.7.LTS/lib" -i"C:/ti/ccs1271/ccs/tools/compiler/ti-cgt-arm_20.2.7.LTS/include" --reread_libs --diag_wrap=off --display_error_number --warn_sections --xml_link_info="lab_2_linkInfo.xml" --rom_model -o "lab_2.out" "./Timer.obj" "./lcd.obj" "./main.obj" "./movement.obj" "./open_interface.obj" "./tm4c123gh6pm_startup_ccs.obj" "../libcybotUART.lib" "../tm4c123gh6pm.cmd"  -llibc.a -l"C:/ti/TivaWare_C_Series-2.2.0.295/driverlib/ccs/Debug/driverlib.lib" 
<Linking>
Finished building target: "lab_2.out"
 

**** Build Finished ****

**** Build of configuration Debug for project lab_2 ****

"C:\\ti\\ccs1271\\ccs\\utils\\bin\\gmake" -k -j 20 all -O 
 
Building file: "../main.c"
Invoking: Arm Compiler
"C:/ti/ccs1271/ccs/tools/compiler/ti-cgt-arm_20.2.7.LTS/bin/armcl" -mv7M4 --code_state=16 --float_support=FPv4SPD16 -me --include_path="U:/CprE288/lab_2" --include_path="C:/ti/TivaWare_C_Series-2.2.0.295" --include_path="C:/ti/ccs1271/ccs/tools/compiler/ti-cgt-arm_20.2.7.LTS/include" --define=ccs="ccs" --define=PART_TM4C123GH6PM -g --gcc --diag_warning=225 --diag_wrap=off --display_error_number --abi=eabi --preproc_with_compile --preproc_dependency="main.d_raw"  "../main.c"
Finished building: "../main.c"
 
Building target: "lab_2.out"
Invoking: Arm Linker
"C:/ti/ccs1271/ccs/tools/compiler/ti-cgt-arm_20.2.7.LTS/bin/armcl" -mv7M4 --code_state=16 --float_support=FPv4SPD16 -me --define=ccs="ccs" --define=PART_TM4C123GH6PM -g --gcc --diag_warning=225 --diag_wrap=off --display_error_number --abi=eabi -z -m"lab_2.map" --heap_size=1024 --stack_size=2048 -i"C:/ti/ccs1271/ccs/tools/compiler/ti-cgt-arm_20.2.7.LTS/lib" -i"C:/ti/ccs1271/ccs/tools/compiler/ti-cgt-arm_20.2.7.LTS/include" --reread_libs --diag_wrap=off --display_error_number --warn_sections --xml_link_info="lab_2_linkInfo.xml" --rom_model -o "lab_2.out" "./Timer.obj" "./lcd.obj" "./main.obj" "./movement.obj" "./open_interface.obj" "./tm4c123gh6pm_startup_ccs.obj" "../libcybotUART.lib" "../tm4c123gh6pm.cmd"  -llibc.a -l"C:/ti/TivaWare_C_Series-2.2.0.295/driverlib/ccs/Debug/driverlib.lib" 
<Linking>
Finished building target: "lab_2.out"
 

**** Build Finished ****

**** Build of configuration Debug for project lab_2 ****

"C:\\ti\\ccs1271\\ccs\\utils\\bin\\gmake" -k -j 20 all -O 
 
Building file: "../main.c"
Invoking: Arm Compiler
"C:/ti/ccs1271/ccs/tools/compiler/ti-cgt-arm_20.2.7.LTS/bin/armcl" -mv7M4 --code_state=16 --float_support=FPv4SPD16 -me --include_path="U:/CprE288/lab_2" --include_path="C:/ti/TivaWare_C_Series-2.2.0.295" --include_path="C:/ti/ccs1271/ccs/tools/compiler/ti-cgt-arm_20.2.7.LTS/include" --define=ccs="ccs" --define=PART_TM4C123GH6PM -g --gcc --diag_warning=225 --diag_wrap=off --display_error_number --abi=eabi --preproc_with_compile --preproc_dependency="main.d_raw"  "../main.c"
Finished building: "../main.c"
 
Building target: "lab_2.out"
Invoking: Arm Linker
"C:/ti/ccs1271/ccs/tools/compiler/ti-cgt-arm_20.2.7.LTS/bin/armcl" -mv7M4 --code_state=16 --float_support=FPv4SPD16 -me --define=ccs="ccs" --define=PART_TM4C123GH6PM -g --gcc --diag_warning=225 --diag_wrap=off --display_error_number --abi=eabi -z -m"lab_2.map" --heap_size=1024 --stack_size=2048 -i"C:/ti/ccs1271/ccs/tools/compiler/ti-cgt-arm_20.2.7.LTS/lib" -i"C:/ti/ccs1271/ccs/tools/compiler/ti-cgt-arm_20.2.7.LTS/include" --reread_libs --diag_wrap=off --display_error_number --warn_sections --xml_link_info="lab_2_linkInfo.xml" --rom_model -o "lab_2.out" "./Timer.obj" "./lcd.obj" "./main.obj" "./movement.obj" "./open_interface.obj" "./tm4c123gh6pm_startup_ccs.obj" "../libcybotUART.lib" "../tm4c123gh6pm.cmd"  -llibc.a -l"C:/ti/TivaWare_C_Series-2.2.0.295/driverlib/ccs/Debug/driverlib.lib" 
<Linking>
Finished building target: "lab_2.out"
 

**** Build Finished ****

**** Build of configuration Debug for project lab_2 ****

"C:\\ti\\ccs1271\\ccs\\utils\\bin\\gmake" -k -j 20 all -O 
 
Building file: "../main.c"
Invoking: Arm Compiler
"C:/ti/ccs1271/ccs/tools/compiler/ti-cgt-arm_20.2.7.LTS/bin/armcl" -mv7M4 --code_state=16 --float_support=FPv4SPD16 -me --include_path="U:/CprE288/lab_2" --include_path="C:/ti/TivaWare_C_Series-2.2.0.295" --include_path="C:/ti/ccs1271/ccs/tools/compiler/ti-cgt-arm_20.2.7.LTS/include" --define=ccs="ccs" --define=PART_TM4C123GH6PM -g --gcc --diag_warning=225 --diag_wrap=off --display_error_number --abi=eabi --preproc_with_compile --preproc_dependency="main.d_raw"  "../main.c"
"../main.c", line 61: warning #112-D: statement is unreachable
Finished building: "../main.c"
 
Building target: "lab_2.out"
Invoking: Arm Linker
"C:/ti/ccs1271/ccs/tools/compiler/ti-cgt-arm_20.2.7.LTS/bin/armcl" -mv7M4 --code_state=16 --float_support=FPv4SPD16 -me --define=ccs="ccs" --define=PART_TM4C123GH6PM -g --gcc --diag_warning=225 --diag_wrap=off --display_error_number --abi=eabi -z -m"lab_2.map" --heap_size=1024 --stack_size=2048 -i"C:/ti/ccs1271/ccs/tools/compiler/ti-cgt-arm_20.2.7.LTS/lib" -i"C:/ti/ccs1271/ccs/tools/compiler/ti-cgt-arm_20.2.7.LTS/include" --reread_libs --diag_wrap=off --display_error_number --warn_sections --xml_link_info="lab_2_linkInfo.xml" --rom_model -o "lab_2.out" "./Timer.obj" "./lcd.obj" "./main.obj" "./movement.obj" "./open_interface.obj" "./tm4c123gh6pm_startup_ccs.obj" "../libcybotUART.lib" "../tm4c123gh6pm.cmd"  -llibc.a -l"C:/ti/TivaWare_C_Series-2.2.0.295/driverlib/ccs/Debug/driverlib.lib" 
<Linking>
Finished building target: "lab_2.out"
 

**** Build Finished ****

**** Build of configuration Debug for project lab_3 ****

"C:\\ti\\ccs1271\\ccs\\utils\\bin\\gmake" -k -j 20 all -O 
 
Building file: "../main.c"
Invoking: Arm Compiler
"C:/ti/ccs1271/ccs/tools/compiler/ti-cgt-arm_20.2.7.LTS/bin/armcl" -mv7M4 --code_state=16 --float_support=FPv4SPD16 -me --include_path="U:/CprE288/lab_3" --include_path="C:/ti/ccs1271/ccs/tools/compiler/ti-cgt-arm_20.2.7.LTS/include" --include_path="C:/ti/TivaWare_C_Series-2.2.0.295" --define=ccs="ccs" --define=PART_TM4C123GH6PM -g --gcc --diag_warning=225 --diag_wrap=off --display_error_number --abi=eabi --preproc_with_compile --preproc_dependency="main.d_raw"  "../main.c"
"../main.c", line 17: warning #1181-D: #warning directive: "Possible unimplemented functions"
Finished building: "../main.c"
 
Building file: "../Timer.c"
Invoking: Arm Compiler
"C:/ti/ccs1271/ccs/tools/compiler/ti-cgt-arm_20.2.7.LTS/bin/armcl" -mv7M4 --code_state=16 --float_support=FPv4SPD16 -me --include_path="U:/CprE288/lab_3" --include_path="C:/ti/ccs1271/ccs/tools/compiler/ti-cgt-arm_20.2.7.LTS/include" --include_path="C:/ti/TivaWare_C_Series-2.2.0.295" --define=ccs="ccs" --define=PART_TM4C123GH6PM -g --gcc --diag_warning=225 --diag_wrap=off --display_error_number --abi=eabi --preproc_with_compile --preproc_dependency="Timer.d_raw"  "../Timer.c"
Finished building: "../Timer.c"
 
Building file: "../button.c"
Invoking: Arm Compiler
"C:/ti/ccs1271/ccs/tools/compiler/ti-cgt-arm_20.2.7.LTS/bin/armcl" -mv7M4 --code_state=16 --float_support=FPv4SPD16 -me --include_path="U:/CprE288/lab_3" --include_path="C:/ti/ccs1271/ccs/tools/compiler/ti-cgt-arm_20.2.7.LTS/include" --include_path="C:/ti/TivaWare_C_Series-2.2.0.295" --define=ccs="ccs" --define=PART_TM4C123GH6PM -g --gcc --diag_warning=225 --diag_wrap=off --display_error_number --abi=eabi --preproc_with_compile --preproc_dependency="button.d_raw"  "../button.c"
Finished building: "../button.c"
 
Building file: "../lcd.c"
Invoking: Arm Compiler
"C:/ti/ccs1271/ccs/tools/compiler/ti-cgt-arm_20.2.7.LTS/bin/armcl" -mv7M4 --code_state=16 --float_support=FPv4SPD16 -me --include_path="U:/CprE288/lab_3" --include_path="C:/ti/ccs1271/ccs/tools/compiler/ti-cgt-arm_20.2.7.LTS/include" --include_path="C:/ti/TivaWare_C_Series-2.2.0.295" --define=ccs="ccs" --define=PART_TM4C123GH6PM -g --gcc --diag_warning=225 --diag_wrap=off --display_error_number --abi=eabi --preproc_with_compile --preproc_dependency="lcd.d_raw"  "../lcd.c"
Finished building: "../lcd.c"
 
Building file: "../tm4c123gh6pm_startup_ccs.c"
Invoking: Arm Compiler
"C:/ti/ccs1271/ccs/tools/compiler/ti-cgt-arm_20.2.7.LTS/bin/armcl" -mv7M4 --code_state=16 --float_support=FPv4SPD16 -me --include_path="U:/CprE288/lab_3" --include_path="C:/ti/ccs1271/ccs/tools/compiler/ti-cgt-arm_20.2.7.LTS/include" --include_path="C:/ti/TivaWare_C_Series-2.2.0.295" --define=ccs="ccs" --define=PART_TM4C123GH6PM -g --gcc --diag_warning=225 --diag_wrap=off --display_error_number --abi=eabi --preproc_with_compile --preproc_dependency="tm4c123gh6pm_startup_ccs.d_raw"  "../tm4c123gh6pm_startup_ccs.c"
Finished building: "../tm4c123gh6pm_startup_ccs.c"
 
Building target: "lab_3.out"
Invoking: Arm Linker
"C:/ti/ccs1271/ccs/tools/compiler/ti-cgt-arm_20.2.7.LTS/bin/armcl" -mv7M4 --code_state=16 --float_support=FPv4SPD16 -me --define=ccs="ccs" --define=PART_TM4C123GH6PM -g --gcc --diag_warning=225 --diag_wrap=off --display_error_number --abi=eabi -z -m"lab_3.map" --heap_size=1024 --stack_size=2048 -i"C:/ti/ccs1271/ccs/tools/compiler/ti-cgt-arm_20.2.7.LTS/lib" -i"C:/ti/ccs1271/ccs/tools/compiler/ti-cgt-arm_20.2.7.LTS/include" --reread_libs --diag_wrap=off --display_error_number --warn_sections --xml_link_info="lab_3_linkInfo.xml" --rom_model -o "lab_3.out" "./Timer.obj" "./button.obj" "./lcd.obj" "./main.obj" "./tm4c123gh6pm_startup_ccs.obj" "../libcybotUART.lib" "../tm4c123gh6pm.cmd"  -llibc.a -l"C:/ti/TivaWare_C_Series-2.2.0.295/driverlib/ccs/Debug/driverlib.lib" 
<Linking>
Finished building target: "lab_3.out"
 

**** Build Finished ****

**** Build of configuration Debug for project lab_3 ****

"C:\\ti\\ccs1271\\ccs\\utils\\bin\\gmake" -k -j 20 all -O 
 
Building file: "../main.c"
Invoking: Arm Compiler
"C:/ti/ccs1271/ccs/tools/compiler/ti-cgt-arm_20.2.7.LTS/bin/armcl" -mv7M4 --code_state=16 --float_support=FPv4SPD16 -me --include_path="U:/CprE288/lab_3" --include_path="C:/ti/ccs1271/ccs/tools/compiler/ti-cgt-arm_20.2.7.LTS/include" --include_path="C:/ti/TivaWare_C_Series-2.2.0.295" --define=ccs="ccs" --define=PART_TM4C123GH6PM -g --gcc --diag_warning=225 --diag_wrap=off --display_error_number --abi=eabi --preproc_with_compile --preproc_dependency="main.d_raw"  "../main.c"
Finished building: "../main.c"
 
Building target: "lab_3.out"
Invoking: Arm Linker
"C:/ti/ccs1271/ccs/tools/compiler/ti-cgt-arm_20.2.7.LTS/bin/armcl" -mv7M4 --code_state=16 --float_support=FPv4SPD16 -me --define=ccs="ccs" --define=PART_TM4C123GH6PM -g --gcc --diag_warning=225 --diag_wrap=off --display_error_number --abi=eabi -z -m"lab_3.map" --heap_size=1024 --stack_size=2048 -i"C:/ti/ccs1271/ccs/tools/compiler/ti-cgt-arm_20.2.7.LTS/lib" -i"C:/ti/ccs1271/ccs/tools/compiler/ti-cgt-arm_20.2.7.LTS/include" --reread_libs --diag_wrap=off --display_error_number --warn_sections --xml_link_info="lab_3_linkInfo.xml" --rom_model -o "lab_3.out" "./Timer.obj" "./button.obj" "./lcd.obj" "./main.obj" "./tm4c123gh6pm_startup_ccs.obj" "../libcybotUART.lib" "../tm4c123gh6pm.cmd"  -llibc.a -l"C:/ti/TivaWare_C_Series-2.2.0.295/driverlib/ccs/Debug/driverlib.lib" 
<Linking>
Finished building target: "lab_3.out"
 

**** Build Finished ****

**** Build of configuration Debug for project lab_3 ****

"C:\\ti\\ccs1271\\ccs\\utils\\bin\\gmake" -k -j 20 all -O 
 
Building file: "../main.c"
Invoking: Arm Compiler
"C:/ti/ccs1271/ccs/tools/compiler/ti-cgt-arm_20.2.7.LTS/bin/armcl" -mv7M4 --code_state=16 --float_support=FPv4SPD16 -me --include_path="U:/CprE288/lab_3" --include_path="C:/ti/ccs1271/ccs/tools/compiler/ti-cgt-arm_20.2.7.LTS/include" --include_path="C:/ti/TivaWare_C_Series-2.2.0.295" --define=ccs="ccs" --define=PART_TM4C123GH6PM -g --gcc --diag_warning=225 --diag_wrap=off --display_error_number --abi=eabi --preproc_with_compile --preproc_dependency="main.d_raw"  "../main.c"
Finished building: "../main.c"
 
Building target: "lab_3.out"
Invoking: Arm Linker
"C:/ti/ccs1271/ccs/tools/compiler/ti-cgt-arm_20.2.7.LTS/bin/armcl" -mv7M4 --code_state=16 --float_support=FPv4SPD16 -me --define=ccs="ccs" --define=PART_TM4C123GH6PM -g --gcc --diag_warning=225 --diag_wrap=off --display_error_number --abi=eabi -z -m"lab_3.map" --heap_size=1024 --stack_size=2048 -i"C:/ti/ccs1271/ccs/tools/compiler/ti-cgt-arm_20.2.7.LTS/lib" -i"C:/ti/ccs1271/ccs/tools/compiler/ti-cgt-arm_20.2.7.LTS/include" --reread_libs --diag_wrap=off --display_error_number --warn_sections --xml_link_info="lab_3_linkInfo.xml" --rom_model -o "lab_3.out" "./Timer.obj" "./button.obj" "./lcd.obj" "./main.obj" "./tm4c123gh6pm_startup_ccs.obj" "../libcybotUART.lib" "../tm4c123gh6pm.cmd"  -llibc.a -l"C:/ti/TivaWare_C_Series-2.2.0.295/driverlib/ccs/Debug/driverlib.lib" 
<Linking>
Finished building target: "lab_3.out"
 

**** Build Finished ****

**** Build of configuration Debug for project lab_3 ****

"C:\\ti\\ccs1271\\ccs\\utils\\bin\\gmake" -k -j 20 all -O 
 
gmake[1]: 'lab_3.out' is up to date.

**** Build Finished ****

**** Build of configuration Debug for project lab_3 ****

"C:\\ti\\ccs1271\\ccs\\utils\\bin\\gmake" -k -j 20 all -O 
 
Building file: "../main.c"
Invoking: Arm Compiler
"C:/ti/ccs1271/ccs/tools/compiler/ti-cgt-arm_20.2.7.LTS/bin/armcl" -mv7M4 --code_state=16 --float_support=FPv4SPD16 -me --include_path="U:/CprE288/lab_3" --include_path="C:/ti/ccs1271/ccs/tools/compiler/ti-cgt-arm_20.2.7.LTS/include" --include_path="C:/ti/TivaWare_C_Series-2.2.0.295" --define=ccs="ccs" --define=PART_TM4C123GH6PM -g --gcc --diag_warning=225 --diag_wrap=off --display_error_number --abi=eabi --preproc_with_compile --preproc_dependency="main.d_raw"  "../main.c"
 
>> Compilation failure
subdir_rules.mk:9: recipe for target 'main.obj' failed
"../main.c", line 40: error #20: identifier "i" is undefined
1 error detected in the compilation of "../main.c".
gmake: *** [main.obj] Error 1
gmake: Target 'all' not remade because of errors.

**** Build Finished ****

**** Build of configuration Debug for project lab_3 ****

"C:\\ti\\ccs1271\\ccs\\utils\\bin\\gmake" -k -j 20 all -O 
 
Building file: "../main.c"
Invoking: Arm Compiler
"C:/ti/ccs1271/ccs/tools/compiler/ti-cgt-arm_20.2.7.LTS/bin/armcl" -mv7M4 --code_state=16 --float_support=FPv4SPD16 -me --include_path="U:/CprE288/lab_3" --include_path="C:/ti/ccs1271/ccs/tools/compiler/ti-cgt-arm_20.2.7.LTS/include" --include_path="C:/ti/TivaWare_C_Series-2.2.0.295" --define=ccs="ccs" --define=PART_TM4C123GH6PM -g --gcc --diag_warning=225 --diag_wrap=off --display_error_number --abi=eabi --preproc_with_compile --preproc_dependency="main.d_raw"  "../main.c"
Finished building: "../main.c"
 
Building target: "lab_3.out"
Invoking: Arm Linker
"C:/ti/ccs1271/ccs/tools/compiler/ti-cgt-arm_20.2.7.LTS/bin/armcl" -mv7M4 --code_state=16 --float_support=FPv4SPD16 -me --define=ccs="ccs" --define=PART_TM4C123GH6PM -g --gcc --diag_warning=225 --diag_wrap=off --display_error_number --abi=eabi -z -m"lab_3.map" --heap_size=1024 --stack_size=2048 -i"C:/ti/ccs1271/ccs/tools/compiler/ti-cgt-arm_20.2.7.LTS/lib" -i"C:/ti/ccs1271/ccs/tools/compiler/ti-cgt-arm_20.2.7.LTS/include" --reread_libs --diag_wrap=off --display_error_number --warn_sections --xml_link_info="lab_3_linkInfo.xml" --rom_model -o "lab_3.out" "./Timer.obj" "./button.obj" "./lcd.obj" "./main.obj" "./tm4c123gh6pm_startup_ccs.obj" "../libcybotUART.lib" "../tm4c123gh6pm.cmd"  -llibc.a -l"C:/ti/TivaWare_C_Series-2.2.0.295/driverlib/ccs/Debug/driverlib.lib" 
<Linking>
Finished building target: "lab_3.out"
 

**** Build Finished ****

**** Build of configuration Debug for project lab_3 ****

"C:\\ti\\ccs1271\\ccs\\utils\\bin\\gmake" -k -j 20 all -O 
 
Building file: "../button.c"
Invoking: Arm Compiler
"C:/ti/ccs1271/ccs/tools/compiler/ti-cgt-arm_20.2.7.LTS/bin/armcl" -mv7M4 --code_state=16 --float_support=FPv4SPD16 -me --include_path="U:/CprE288/lab_3" --include_path="C:/ti/ccs1271/ccs/tools/compiler/ti-cgt-arm_20.2.7.LTS/include" --include_path="C:/ti/TivaWare_C_Series-2.2.0.295" --define=ccs="ccs" --define=PART_TM4C123GH6PM -g --gcc --diag_warning=225 --diag_wrap=off --display_error_number --abi=eabi --preproc_with_compile --preproc_dependency="button.d_raw"  "../button.c"
Finished building: "../button.c"
 
Building target: "lab_3.out"
Invoking: Arm Linker
"C:/ti/ccs1271/ccs/tools/compiler/ti-cgt-arm_20.2.7.LTS/bin/armcl" -mv7M4 --code_state=16 --float_support=FPv4SPD16 -me --define=ccs="ccs" --define=PART_TM4C123GH6PM -g --gcc --diag_warning=225 --diag_wrap=off --display_error_number --abi=eabi -z -m"lab_3.map" --heap_size=1024 --stack_size=2048 -i"C:/ti/ccs1271/ccs/tools/compiler/ti-cgt-arm_20.2.7.LTS/lib" -i"C:/ti/ccs1271/ccs/tools/compiler/ti-cgt-arm_20.2.7.LTS/include" --reread_libs --diag_wrap=off --display_error_number --warn_sections --xml_link_info="lab_3_linkInfo.xml" --rom_model -o "lab_3.out" "./Timer.obj" "./button.obj" "./lcd.obj" "./main.obj" "./tm4c123gh6pm_startup_ccs.obj" "../libcybotUART.lib" "../tm4c123gh6pm.cmd"  -llibc.a -l"C:/ti/TivaWare_C_Series-2.2.0.295/driverlib/ccs/Debug/driverlib.lib" 
<Linking>
Finished building target: "lab_3.out"
 

**** Build Finished ****

**** Build of configuration Debug for project lab_3 ****

"C:\\ti\\ccs1271\\ccs\\utils\\bin\\gmake" -k -j 20 all -O 
 
gmake[1]: 'lab_3.out' is up to date.

**** Build Finished ****

**** Build of configuration Debug for project lab_3 ****

"C:\\ti\\ccs1271\\ccs\\utils\\bin\\gmake" -k -j 20 all -O 
 
gmake[1]: 'lab_3.out' is up to date.

**** Build Finished ****

**** Build of configuration Debug for project lab_3 ****

"C:\\ti\\ccs1271\\ccs\\utils\\bin\\gmake" -k -j 20 all -O 
 
gmake[1]: 'lab_3.out' is up to date.

**** Build Finished ****

**** Build of configuration Debug for project lab_3 ****

"C:\\ti\\ccs1271\\ccs\\utils\\bin\\gmake" -k -j 20 all -O 
 
gmake[1]: 'lab_3.out' is up to date.

**** Build Finished ****

**** Build of configuration Debug for project lab_4 ****

"C:\\ti\\ccs1271\\ccs\\utils\\bin\\gmake" -k -j 20 all -O 
 
Building file: "../Timer.c"
Invoking: Arm Compiler
"C:/ti/ccs1271/ccs/tools/compiler/ti-cgt-arm_20.2.7.LTS/bin/armcl" -mv7M4 --code_state=16 --float_support=FPv4SPD16 -me --include_path="U:/CprE288/lab_4" --include_path="C:/ti/ccs1271/ccs/tools/compiler/ti-cgt-arm_20.2.7.LTS/include" --define=ccs="ccs" --define=PART_TM4C123GH6PM -g --gcc --diag_warning=225 --diag_wrap=off --display_error_number --abi=eabi --preproc_with_compile --preproc_dependency="Timer.d_raw"  "../Timer.c"
 
>> Compilation failure
subdir_rules.mk:9: recipe for target 'Timer.obj' failed
"..\Timer.h", line 11: fatal error #1965: cannot open source file "inc/tm4c123gh6pm.h"
1 catastrophic error detected in the compilation of "../Timer.c".
Compilation terminated.
gmake: *** [Timer.obj] Error 1
Building file: "../lcd.c"
Invoking: Arm Compiler
"C:/ti/ccs1271/ccs/tools/compiler/ti-cgt-arm_20.2.7.LTS/bin/armcl" -mv7M4 --code_state=16 --float_support=FPv4SPD16 -me --include_path="U:/CprE288/lab_4" --include_path="C:/ti/ccs1271/ccs/tools/compiler/ti-cgt-arm_20.2.7.LTS/include" --define=ccs="ccs" --define=PART_TM4C123GH6PM -g --gcc --diag_warning=225 --diag_wrap=off --display_error_number --abi=eabi --preproc_with_compile --preproc_dependency="lcd.d_raw"  "../lcd.c"
 
>> Compilation failure
subdir_rules.mk:9: recipe for target 'lcd.obj' failed
"..\lcd.h", line 17: fatal error #1965: cannot open source file "inc/tm4c123gh6pm.h"
1 catastrophic error detected in the compilation of "../lcd.c".
Compilation terminated.
gmake: *** [lcd.obj] Error 1
Building file: "../part2.c"
Invoking: Arm Compiler
"C:/ti/ccs1271/ccs/tools/compiler/ti-cgt-arm_20.2.7.LTS/bin/armcl" -mv7M4 --code_state=16 --float_support=FPv4SPD16 -me --include_path="U:/CprE288/lab_4" --include_path="C:/ti/ccs1271/ccs/tools/compiler/ti-cgt-arm_20.2.7.LTS/include" --define=ccs="ccs" --define=PART_TM4C123GH6PM -g --gcc --diag_warning=225 --diag_wrap=off --display_error_number --abi=eabi --preproc_with_compile --preproc_dependency="part2.d_raw"  "../part2.c"
 
>> Compilation failure
subdir_rules.mk:9: recipe for target 'part2.obj' failed
"..\cyBot_uart.h", line 21: fatal error #1965: cannot open source file "inc/tm4c123gh6pm.h"
1 catastrophic error detected in the compilation of "../part2.c".
Compilation terminated.
gmake: *** [part2.obj] Error 1
Building file: "../part3.c"
Invoking: Arm Compiler
"C:/ti/ccs1271/ccs/tools/compiler/ti-cgt-arm_20.2.7.LTS/bin/armcl" -mv7M4 --code_state=16 --float_support=FPv4SPD16 -me --include_path="U:/CprE288/lab_4" --include_path="C:/ti/ccs1271/ccs/tools/compiler/ti-cgt-arm_20.2.7.LTS/include" --define=ccs="ccs" --define=PART_TM4C123GH6PM -g --gcc --diag_warning=225 --diag_wrap=off --display_error_number --abi=eabi --preproc_with_compile --preproc_dependency="part3.d_raw"  "../part3.c"
 
>> Compilation failure
subdir_rules.mk:9: recipe for target 'part3.obj' failed
"..\cyBot_uart.h", line 21: fatal error #1965: cannot open source file "inc/tm4c123gh6pm.h"
1 catastrophic error detected in the compilation of "../part3.c".
Compilation terminated.
gmake: *** [part3.obj] Error 1
Building file: "../part1b.c"
Invoking: Arm Compiler
"C:/ti/ccs1271/ccs/tools/compiler/ti-cgt-arm_20.2.7.LTS/bin/armcl" -mv7M4 --code_state=16 --float_support=FPv4SPD16 -me --include_path="U:/CprE288/lab_4" --include_path="C:/ti/ccs1271/ccs/tools/compiler/ti-cgt-arm_20.2.7.LTS/include" --define=ccs="ccs" --define=PART_TM4C123GH6PM -g --gcc --diag_warning=225 --diag_wrap=off --display_error_number --abi=eabi --preproc_with_compile --preproc_dependency="part1b.d_raw"  "../part1b.c"
Finished building: "../part1b.c"
 
Building file: "../tm4c123gh6pm_startup_ccs.c"
Invoking: Arm Compiler
"C:/ti/ccs1271/ccs/tools/compiler/ti-cgt-arm_20.2.7.LTS/bin/armcl" -mv7M4 --code_state=16 --float_support=FPv4SPD16 -me --include_path="U:/CprE288/lab_4" --include_path="C:/ti/ccs1271/ccs/tools/compiler/ti-cgt-arm_20.2.7.LTS/include" --define=ccs="ccs" --define=PART_TM4C123GH6PM -g --gcc --diag_warning=225 --diag_wrap=off --display_error_number --abi=eabi --preproc_with_compile --preproc_dependency="tm4c123gh6pm_startup_ccs.d_raw"  "../tm4c123gh6pm_startup_ccs.c"
Finished building: "../tm4c123gh6pm_startup_ccs.c"
 
gmake: Target 'all' not remade because of errors.

**** Build Finished ****

**** Build of configuration Debug for project lab_4 ****

"C:\\ti\\ccs1271\\ccs\\utils\\bin\\gmake" -k -j 20 all -O 
 
Building file: "../part1b.c"
Invoking: Arm Compiler
"C:/ti/ccs1271/ccs/tools/compiler/ti-cgt-arm_20.2.7.LTS/bin/armcl" -mv7M4 --code_state=16 --float_support=FPv4SPD16 -me --include_path="U:/CprE288/lab_4" --include_path="C:/ti/TivaWare_C_Series-2.2.0.295" --include_path="C:/ti/ccs1271/ccs/tools/compiler/ti-cgt-arm_20.2.7.LTS/include" --define=ccs="ccs" --define=PART_TM4C123GH6PM -g --gcc --diag_warning=225 --diag_wrap=off --display_error_number --abi=eabi --preproc_with_compile --preproc_dependency="part1b.d_raw"  "../part1b.c"
Finished building: "../part1b.c"
 
Building file: "../Timer.c"
Invoking: Arm Compiler
"C:/ti/ccs1271/ccs/tools/compiler/ti-cgt-arm_20.2.7.LTS/bin/armcl" -mv7M4 --code_state=16 --float_support=FPv4SPD16 -me --include_path="U:/CprE288/lab_4" --include_path="C:/ti/TivaWare_C_Series-2.2.0.295" --include_path="C:/ti/ccs1271/ccs/tools/compiler/ti-cgt-arm_20.2.7.LTS/include" --define=ccs="ccs" --define=PART_TM4C123GH6PM -g --gcc --diag_warning=225 --diag_wrap=off --display_error_number --abi=eabi --preproc_with_compile --preproc_dependency="Timer.d_raw"  "../Timer.c"
Finished building: "../Timer.c"
 
Building file: "../lcd.c"
Invoking: Arm Compiler
"C:/ti/ccs1271/ccs/tools/compiler/ti-cgt-arm_20.2.7.LTS/bin/armcl" -mv7M4 --code_state=16 --float_support=FPv4SPD16 -me --include_path="U:/CprE288/lab_4" --include_path="C:/ti/TivaWare_C_Series-2.2.0.295" --include_path="C:/ti/ccs1271/ccs/tools/compiler/ti-cgt-arm_20.2.7.LTS/include" --define=ccs="ccs" --define=PART_TM4C123GH6PM -g --gcc --diag_warning=225 --diag_wrap=off --display_error_number --abi=eabi --preproc_with_compile --preproc_dependency="lcd.d_raw"  "../lcd.c"
Finished building: "../lcd.c"
 
Building file: "../tm4c123gh6pm_startup_ccs.c"
Invoking: Arm Compiler
"C:/ti/ccs1271/ccs/tools/compiler/ti-cgt-arm_20.2.7.LTS/bin/armcl" -mv7M4 --code_state=16 --float_support=FPv4SPD16 -me --include_path="U:/CprE288/lab_4" --include_path="C:/ti/TivaWare_C_Series-2.2.0.295" --include_path="C:/ti/ccs1271/ccs/tools/compiler/ti-cgt-arm_20.2.7.LTS/include" --define=ccs="ccs" --define=PART_TM4C123GH6PM -g --gcc --diag_warning=225 --diag_wrap=off --display_error_number --abi=eabi --preproc_with_compile --preproc_dependency="tm4c123gh6pm_startup_ccs.d_raw"  "../tm4c123gh6pm_startup_ccs.c"
Finished building: "../tm4c123gh6pm_startup_ccs.c"
 
Building file: "../part2.c"
Invoking: Arm Compiler
"C:/ti/ccs1271/ccs/tools/compiler/ti-cgt-arm_20.2.7.LTS/bin/armcl" -mv7M4 --code_state=16 --float_support=FPv4SPD16 -me --include_path="U:/CprE288/lab_4" --include_path="C:/ti/TivaWare_C_Series-2.2.0.295" --include_path="C:/ti/ccs1271/ccs/tools/compiler/ti-cgt-arm_20.2.7.LTS/include" --define=ccs="ccs" --define=PART_TM4C123GH6PM -g --gcc --diag_warning=225 --diag_wrap=off --display_error_number --abi=eabi --preproc_with_compile --preproc_dependency="part2.d_raw"  "../part2.c"
"../part2.c", line 35: warning #112-D: statement is unreachable
"../part2.c", line 53: warning #179-D: variable "j" was declared but never referenced
"../part2.c", line 74: warning #1-D: last line of file ends without a newline
Finished building: "../part2.c"
 
Building file: "../part3.c"
Invoking: Arm Compiler
"C:/ti/ccs1271/ccs/tools/compiler/ti-cgt-arm_20.2.7.LTS/bin/armcl" -mv7M4 --code_state=16 --float_support=FPv4SPD16 -me --include_path="U:/CprE288/lab_4" --include_path="C:/ti/TivaWare_C_Series-2.2.0.295" --include_path="C:/ti/ccs1271/ccs/tools/compiler/ti-cgt-arm_20.2.7.LTS/include" --define=ccs="ccs" --define=PART_TM4C123GH6PM -g --gcc --diag_warning=225 --diag_wrap=off --display_error_number --abi=eabi --preproc_with_compile --preproc_dependency="part3.d_raw"  "../part3.c"
"../part3.c", line 21: warning #112-D: statement is unreachable
Finished building: "../part3.c"
 
Building target: "lab_4.out"
Invoking: Arm Linker
"C:/ti/ccs1271/ccs/tools/compiler/ti-cgt-arm_20.2.7.LTS/bin/armcl" -mv7M4 --code_state=16 --float_support=FPv4SPD16 -me --define=ccs="ccs" --define=PART_TM4C123GH6PM -g --gcc --diag_warning=225 --diag_wrap=off --display_error_number --abi=eabi -z -m"lab_4.map" --heap_size=1028 --stack_size=2048 -i"C:/ti/ccs1271/ccs/tools/compiler/ti-cgt-arm_20.2.7.LTS/lib" -i"C:/ti/ccs1271/ccs/tools/compiler/ti-cgt-arm_20.2.7.LTS/include" --reread_libs --diag_wrap=off --display_error_number --warn_sections --xml_link_info="lab_4_linkInfo.xml" --rom_model -o "lab_4.out" "./Timer.obj" "./lcd.obj" "./part1b.obj" "./part2.obj" "./part3.obj" "./tm4c123gh6pm_startup_ccs.obj" "../libcybotScan.lib" "../libcybotUART.lib" "../tm4c123gh6pm.cmd"  -llibc.a -l"C:/ti/TivaWare_C_Series-2.2.0.295/driverlib/ccs/Debug/driverlib.lib"  
<Linking>
error #10056: symbol "main" redefined: first defined in "./part1b.obj"; redefined in "./part2.obj"
error #10056: symbol "main" redefined: first defined in "./part1b.obj"; redefined in "./part3.obj"
 
error #10010: errors encountered during linking; "lab_4.out" not built
>> Compilation failure
makefile:143: recipe for target 'lab_4.out' failed
gmake[1]: *** [lab_4.out] Error 1
gmake: *** [all] Error 2
makefile:139: recipe for target 'all' failed

**** Build Finished ****

**** Build of configuration Debug for project lab_4 ****

"C:\\ti\\ccs1271\\ccs\\utils\\bin\\gmake" -k -j 20 all -O 
 
Building file: "../main.c"
Invoking: Arm Compiler
"C:/ti/ccs1271/ccs/tools/compiler/ti-cgt-arm_20.2.7.LTS/bin/armcl" -mv7M4 --code_state=16 --float_support=FPv4SPD16 -me --include_path="U:/CprE288/lab_4" --include_path="C:/ti/TivaWare_C_Series-2.2.0.295" --include_path="C:/ti/ccs1271/ccs/tools/compiler/ti-cgt-arm_20.2.7.LTS/include" --define=ccs="ccs" --define=PART_TM4C123GH6PM -g --gcc --diag_warning=225 --diag_wrap=off --display_error_number --abi=eabi --preproc_with_compile --preproc_dependency="main.d_raw"  "../main.c"
"..\part1b.h", line 7: warning #1-D: last line of file ends without a newline
"..\part2.h", line 7: warning #1-D: last line of file ends without a newline
"..\part3.h", line 7: warning #1-D: last line of file ends without a newline
"../main.c", line 7: warning #1-D: last line of file ends without a newline
Finished building: "../main.c"
 
Building file: "../part1b.c"
Invoking: Arm Compiler
"C:/ti/ccs1271/ccs/tools/compiler/ti-cgt-arm_20.2.7.LTS/bin/armcl" -mv7M4 --code_state=16 --float_support=FPv4SPD16 -me --include_path="U:/CprE288/lab_4" --include_path="C:/ti/TivaWare_C_Series-2.2.0.295" --include_path="C:/ti/ccs1271/ccs/tools/compiler/ti-cgt-arm_20.2.7.LTS/include" --define=ccs="ccs" --define=PART_TM4C123GH6PM -g --gcc --diag_warning=225 --diag_wrap=off --display_error_number --abi=eabi --preproc_with_compile --preproc_dependency="part1b.d_raw"  "../part1b.c"
"..\part1b.h", line 7: warning #1-D: last line of file ends without a newline
Finished building: "../part1b.c"
 
Building file: "../part2.c"
Invoking: Arm Compiler
"C:/ti/ccs1271/ccs/tools/compiler/ti-cgt-arm_20.2.7.LTS/bin/armcl" -mv7M4 --code_state=16 --float_support=FPv4SPD16 -me --include_path="U:/CprE288/lab_4" --include_path="C:/ti/TivaWare_C_Series-2.2.0.295" --include_path="C:/ti/ccs1271/ccs/tools/compiler/ti-cgt-arm_20.2.7.LTS/include" --define=ccs="ccs" --define=PART_TM4C123GH6PM -g --gcc --diag_warning=225 --diag_wrap=off --display_error_number --abi=eabi --preproc_with_compile --preproc_dependency="part2.d_raw"  "../part2.c"
"..\part2.h", line 7: warning #1-D: last line of file ends without a newline
"../part2.c", line 37: warning #112-D: statement is unreachable
"../part2.c", line 55: warning #179-D: variable "j" was declared but never referenced
Finished building: "../part2.c"
 
Building file: "../part3.c"
Invoking: Arm Compiler
"C:/ti/ccs1271/ccs/tools/compiler/ti-cgt-arm_20.2.7.LTS/bin/armcl" -mv7M4 --code_state=16 --float_support=FPv4SPD16 -me --include_path="U:/CprE288/lab_4" --include_path="C:/ti/TivaWare_C_Series-2.2.0.295" --include_path="C:/ti/ccs1271/ccs/tools/compiler/ti-cgt-arm_20.2.7.LTS/include" --define=ccs="ccs" --define=PART_TM4C123GH6PM -g --gcc --diag_warning=225 --diag_wrap=off --display_error_number --abi=eabi --preproc_with_compile --preproc_dependency="part3.d_raw"  "../part3.c"
"..\part3.h", line 7: warning #1-D: last line of file ends without a newline
"../part3.c", line 23: warning #112-D: statement is unreachable
Finished building: "../part3.c"
 
Building target: "lab_4.out"
Invoking: Arm Linker
"C:/ti/ccs1271/ccs/tools/compiler/ti-cgt-arm_20.2.7.LTS/bin/armcl" -mv7M4 --code_state=16 --float_support=FPv4SPD16 -me --define=ccs="ccs" --define=PART_TM4C123GH6PM -g --gcc --diag_warning=225 --diag_wrap=off --display_error_number --abi=eabi -z -m"lab_4.map" --heap_size=1028 --stack_size=2048 -i"C:/ti/ccs1271/ccs/tools/compiler/ti-cgt-arm_20.2.7.LTS/lib" -i"C:/ti/ccs1271/ccs/tools/compiler/ti-cgt-arm_20.2.7.LTS/include" --reread_libs --diag_wrap=off --display_error_number --warn_sections --xml_link_info="lab_4_linkInfo.xml" --rom_model -o "lab_4.out" "./Timer.obj" "./lcd.obj" "./main.obj" "./part1b.obj" "./part2.obj" "./part3.obj" "./tm4c123gh6pm_startup_ccs.obj" "../libcybotScan.lib" "../libcybotUART.lib" "../tm4c123gh6pm.cmd"  -llibc.a -l"C:/ti/TivaWare_C_Series-2.2.0.295/driverlib/ccs/Debug/driverlib.lib"  
<Linking>
 
 undefined first referenced
  symbol       in file     
 --------- ----------------
 
 part2     ./main.obj      
>> Compilation failure
makefile:144: recipe for target 'lab_4.out' failed
 
error #10234-D: unresolved symbols remain
error #10010: errors encountered during linking; "lab_4.out" not built
gmake[1]: *** [lab_4.out] Error 1
gmake: *** [all] Error 2
makefile:140: recipe for target 'all' failed

**** Build Finished ****

**** Build of configuration Debug for project lab_4 ****

"C:\\ti\\ccs1271\\ccs\\utils\\bin\\gmake" -k -j 20 all -O 
 
Building file: "../main.c"
Invoking: Arm Compiler
"C:/ti/ccs1271/ccs/tools/compiler/ti-cgt-arm_20.2.7.LTS/bin/armcl" -mv7M4 --code_state=16 --float_support=FPv4SPD16 -me --include_path="U:/CprE288/lab_4" --include_path="C:/ti/TivaWare_C_Series-2.2.0.295" --include_path="C:/ti/ccs1271/ccs/tools/compiler/ti-cgt-arm_20.2.7.LTS/include" --define=ccs="ccs" --define=PART_TM4C123GH6PM -g --gcc --diag_warning=225 --diag_wrap=off --display_error_number --abi=eabi --preproc_with_compile --preproc_dependency="main.d_raw"  "../main.c"
 
>> Compilation failure
subdir_rules.mk:9: recipe for target 'main.obj' failed
"..\part1b.h", line 7: warning #1-D: last line of file ends without a newline
"../main.c", line 6: error #167: too few arguments in function call
"../main.c", line 7: warning #1-D: last line of file ends without a newline
1 error detected in the compilation of "../main.c".
gmake: *** [main.obj] Error 1
Building file: "../part3.c"
Invoking: Arm Compiler
"C:/ti/ccs1271/ccs/tools/compiler/ti-cgt-arm_20.2.7.LTS/bin/armcl" -mv7M4 --code_state=16 --float_support=FPv4SPD16 -me --include_path="U:/CprE288/lab_4" --include_path="C:/ti/TivaWare_C_Series-2.2.0.295" --include_path="C:/ti/ccs1271/ccs/tools/compiler/ti-cgt-arm_20.2.7.LTS/include" --define=ccs="ccs" --define=PART_TM4C123GH6PM -g --gcc --diag_warning=225 --diag_wrap=off --display_error_number --abi=eabi --preproc_with_compile --preproc_dependency="part3.d_raw"  "../part3.c"
"../part3.c", line 23: warning #112-D: statement is unreachable
Finished building: "../part3.c"
 
Building file: "../part2.c"
Invoking: Arm Compiler
"C:/ti/ccs1271/ccs/tools/compiler/ti-cgt-arm_20.2.7.LTS/bin/armcl" -mv7M4 --code_state=16 --float_support=FPv4SPD16 -me --include_path="U:/CprE288/lab_4" --include_path="C:/ti/TivaWare_C_Series-2.2.0.295" --include_path="C:/ti/ccs1271/ccs/tools/compiler/ti-cgt-arm_20.2.7.LTS/include" --define=ccs="ccs" --define=PART_TM4C123GH6PM -g --gcc --diag_warning=225 --diag_wrap=off --display_error_number --abi=eabi --preproc_with_compile --preproc_dependency="part2.d_raw"  "../part2.c"
"../part2.c", line 37: warning #112-D: statement is unreachable
"../part2.c", line 55: warning #179-D: variable "j" was declared but never referenced
Finished building: "../part2.c"
 
gmake: Target 'all' not remade because of errors.

**** Build Finished ****

**** Build of configuration Debug for project lab_4 ****

"C:\\ti\\ccs1271\\ccs\\utils\\bin\\gmake" -k -j 20 all -O 
 
Building file: "../main.c"
Invoking: Arm Compiler
"C:/ti/ccs1271/ccs/tools/compiler/ti-cgt-arm_20.2.7.LTS/bin/armcl" -mv7M4 --code_state=16 --float_support=FPv4SPD16 -me --include_path="U:/CprE288/lab_4" --include_path="C:/ti/TivaWare_C_Series-2.2.0.295" --include_path="C:/ti/ccs1271/ccs/tools/compiler/ti-cgt-arm_20.2.7.LTS/include" --define=ccs="ccs" --define=PART_TM4C123GH6PM -g --gcc --diag_warning=225 --diag_wrap=off --display_error_number --abi=eabi --preproc_with_compile --preproc_dependency="main.d_raw"  "../main.c"
"..\part1b.h", line 7: warning #1-D: last line of file ends without a newline
Finished building: "../main.c"
 
Building file: "../part3.c"
Invoking: Arm Compiler
"C:/ti/ccs1271/ccs/tools/compiler/ti-cgt-arm_20.2.7.LTS/bin/armcl" -mv7M4 --code_state=16 --float_support=FPv4SPD16 -me --include_path="U:/CprE288/lab_4" --include_path="C:/ti/TivaWare_C_Series-2.2.0.295" --include_path="C:/ti/ccs1271/ccs/tools/compiler/ti-cgt-arm_20.2.7.LTS/include" --define=ccs="ccs" --define=PART_TM4C123GH6PM -g --gcc --diag_warning=225 --diag_wrap=off --display_error_number --abi=eabi --preproc_with_compile --preproc_dependency="part3.d_raw"  "../part3.c"
"../part3.c", line 23: warning #112-D: statement is unreachable
Finished building: "../part3.c"
 
Building file: "../part2.c"
Invoking: Arm Compiler
"C:/ti/ccs1271/ccs/tools/compiler/ti-cgt-arm_20.2.7.LTS/bin/armcl" -mv7M4 --code_state=16 --float_support=FPv4SPD16 -me --include_path="U:/CprE288/lab_4" --include_path="C:/ti/TivaWare_C_Series-2.2.0.295" --include_path="C:/ti/ccs1271/ccs/tools/compiler/ti-cgt-arm_20.2.7.LTS/include" --define=ccs="ccs" --define=PART_TM4C123GH6PM -g --gcc --diag_warning=225 --diag_wrap=off --display_error_number --abi=eabi --preproc_with_compile --preproc_dependency="part2.d_raw"  "../part2.c"
"../part2.c", line 37: warning #112-D: statement is unreachable
"../part2.c", line 55: warning #179-D: variable "j" was declared but never referenced
Finished building: "../part2.c"
 
Building target: "lab_4.out"
Invoking: Arm Linker
"C:/ti/ccs1271/ccs/tools/compiler/ti-cgt-arm_20.2.7.LTS/bin/armcl" -mv7M4 --code_state=16 --float_support=FPv4SPD16 -me --define=ccs="ccs" --define=PART_TM4C123GH6PM -g --gcc --diag_warning=225 --diag_wrap=off --display_error_number --abi=eabi -z -m"lab_4.map" --heap_size=1028 --stack_size=2048 -i"C:/ti/ccs1271/ccs/tools/compiler/ti-cgt-arm_20.2.7.LTS/lib" -i"C:/ti/ccs1271/ccs/tools/compiler/ti-cgt-arm_20.2.7.LTS/include" --reread_libs --diag_wrap=off --display_error_number --warn_sections --xml_link_info="lab_4_linkInfo.xml" --rom_model -o "lab_4.out" "./Timer.obj" "./lcd.obj" "./main.obj" "./part1b.obj" "./part2.obj" "./part3.obj" "./tm4c123gh6pm_startup_ccs.obj" "../libcybotScan.lib" "../libcybotUART.lib" "../tm4c123gh6pm.cmd"  -llibc.a -l"C:/ti/TivaWare_C_Series-2.2.0.295/driverlib/ccs/Debug/driverlib.lib"  
<Linking>
 
 undefined first referenced
  symbol       in file     
 
>> Compilation failure
 --------- ----------------
makefile:144: recipe for target 'lab_4.out' failed
 part2     ./main.obj      
 
error #10234-D: unresolved symbols remain
error #10010: errors encountered during linking; "lab_4.out" not built
gmake[1]: *** [lab_4.out] Error 1
gmake: *** [all] Error 2
makefile:140: recipe for target 'all' failed

**** Build Finished ****

**** Build of configuration Debug for project lab_4 ****

"C:\\ti\\ccs1271\\ccs\\utils\\bin\\gmake" -k -j 20 all -O 
 
Building file: "../main.c"
Invoking: Arm Compiler
"C:/ti/ccs1271/ccs/tools/compiler/ti-cgt-arm_20.2.7.LTS/bin/armcl" -mv7M4 --code_state=16 --float_support=FPv4SPD16 -me --include_path="U:/CprE288/lab_4" --include_path="C:/ti/TivaWare_C_Series-2.2.0.295" --include_path="C:/ti/ccs1271/ccs/tools/compiler/ti-cgt-arm_20.2.7.LTS/include" --define=ccs="ccs" --define=PART_TM4C123GH6PM -g --gcc --diag_warning=225 --diag_wrap=off --display_error_number --abi=eabi --preproc_with_compile --preproc_dependency="main.d_raw"  "../main.c"
"..\part1b.h", line 7: warning #1-D: last line of file ends without a newline
Finished building: "../main.c"
 
Building file: "../part3.c"
Invoking: Arm Compiler
"C:/ti/ccs1271/ccs/tools/compiler/ti-cgt-arm_20.2.7.LTS/bin/armcl" -mv7M4 --code_state=16 --float_support=FPv4SPD16 -me --include_path="U:/CprE288/lab_4" --include_path="C:/ti/TivaWare_C_Series-2.2.0.295" --include_path="C:/ti/ccs1271/ccs/tools/compiler/ti-cgt-arm_20.2.7.LTS/include" --define=ccs="ccs" --define=PART_TM4C123GH6PM -g --gcc --diag_warning=225 --diag_wrap=off --display_error_number --abi=eabi --preproc_with_compile --preproc_dependency="part3.d_raw"  "../part3.c"
"../part3.c", line 24: warning #112-D: statement is unreachable
Finished building: "../part3.c"
 
Building file: "../part2.c"
Invoking: Arm Compiler
"C:/ti/ccs1271/ccs/tools/compiler/ti-cgt-arm_20.2.7.LTS/bin/armcl" -mv7M4 --code_state=16 --float_support=FPv4SPD16 -me --include_path="U:/CprE288/lab_4" --include_path="C:/ti/TivaWare_C_Series-2.2.0.295" --include_path="C:/ti/ccs1271/ccs/tools/compiler/ti-cgt-arm_20.2.7.LTS/include" --define=ccs="ccs" --define=PART_TM4C123GH6PM -g --gcc --diag_warning=225 --diag_wrap=off --display_error_number --abi=eabi --preproc_with_compile --preproc_dependency="part2.d_raw"  "../part2.c"
"../part2.c", line 38: warning #112-D: statement is unreachable
"../part2.c", line 56: warning #179-D: variable "j" was declared but never referenced
Finished building: "../part2.c"
 
Building target: "lab_4.out"
Invoking: Arm Linker
"C:/ti/ccs1271/ccs/tools/compiler/ti-cgt-arm_20.2.7.LTS/bin/armcl" -mv7M4 --code_state=16 --float_support=FPv4SPD16 -me --define=ccs="ccs" --define=PART_TM4C123GH6PM -g --gcc --diag_warning=225 --diag_wrap=off --display_error_number --abi=eabi -z -m"lab_4.map" --heap_size=1028 --stack_size=2048 -i"C:/ti/ccs1271/ccs/tools/compiler/ti-cgt-arm_20.2.7.LTS/lib" -i"C:/ti/ccs1271/ccs/tools/compiler/ti-cgt-arm_20.2.7.LTS/include" --reread_libs --diag_wrap=off --display_error_number --warn_sections --xml_link_info="lab_4_linkInfo.xml" --rom_model -o "lab_4.out" "./Timer.obj" "./lcd.obj" "./main.obj" "./part1b.obj" "./part2.obj" "./part3.obj" "./tm4c123gh6pm_startup_ccs.obj" "../libcybotScan.lib" "../libcybotUART.lib" "../tm4c123gh6pm.cmd"  -llibc.a -l"C:/ti/TivaWare_C_Series-2.2.0.295/driverlib/ccs/Debug/driverlib.lib"  
<Linking>
 
 undefined first referenced
  symbol       in file     
 --------- ----------------
 part2     ./main.obj      
 
 
>> Compilation failure
makefile:144: recipe for target 'lab_4.out' failed
error #10234-D: unresolved symbols remain
error #10010: errors encountered during linking; "lab_4.out" not built
gmake[1]: *** [lab_4.out] Error 1
gmake: *** [all] Error 2
makefile:140: recipe for target 'all' failed

**** Build Finished ****

**** Build of configuration Debug for project lab_4 ****

"C:\\ti\\ccs1271\\ccs\\utils\\bin\\gmake" -k -j 20 all -O 
 
Building file: "../main.c"
Invoking: Arm Compiler
"C:/ti/ccs1271/ccs/tools/compiler/ti-cgt-arm_20.2.7.LTS/bin/armcl" -mv7M4 --code_state=16 --float_support=FPv4SPD16 -me --include_path="U:/CprE288/lab_4" --include_path="C:/ti/TivaWare_C_Series-2.2.0.295" --include_path="C:/ti/ccs1271/ccs/tools/compiler/ti-cgt-arm_20.2.7.LTS/include" --define=ccs="ccs" --define=PART_TM4C123GH6PM -g --gcc --diag_warning=225 --diag_wrap=off --display_error_number --abi=eabi --preproc_with_compile --preproc_dependency="main.d_raw"  "../main.c"
"..\part1b.h", line 7: warning #1-D: last line of file ends without a newline
Finished building: "../main.c"
 
Building file: "../part2.c"
Invoking: Arm Compiler
"C:/ti/ccs1271/ccs/tools/compiler/ti-cgt-arm_20.2.7.LTS/bin/armcl" -mv7M4 --code_state=16 --float_support=FPv4SPD16 -me --include_path="U:/CprE288/lab_4" --include_path="C:/ti/TivaWare_C_Series-2.2.0.295" --include_path="C:/ti/ccs1271/ccs/tools/compiler/ti-cgt-arm_20.2.7.LTS/include" --define=ccs="ccs" --define=PART_TM4C123GH6PM -g --gcc --diag_warning=225 --diag_wrap=off --display_error_number --abi=eabi --preproc_with_compile --preproc_dependency="part2.d_raw"  "../part2.c"
"../part2.c", line 53: warning #179-D: variable "j" was declared but never referenced
Finished building: "../part2.c"
 
Building target: "lab_4.out"
Invoking: Arm Linker
"C:/ti/ccs1271/ccs/tools/compiler/ti-cgt-arm_20.2.7.LTS/bin/armcl" -mv7M4 --code_state=16 --float_support=FPv4SPD16 -me --define=ccs="ccs" --define=PART_TM4C123GH6PM -g --gcc --diag_warning=225 --diag_wrap=off --display_error_number --abi=eabi -z -m"lab_4.map" --heap_size=1028 --stack_size=2048 -i"C:/ti/ccs1271/ccs/tools/compiler/ti-cgt-arm_20.2.7.LTS/lib" -i"C:/ti/ccs1271/ccs/tools/compiler/ti-cgt-arm_20.2.7.LTS/include" --reread_libs --diag_wrap=off --display_error_number --warn_sections --xml_link_info="lab_4_linkInfo.xml" --rom_model -o "lab_4.out" "./Timer.obj" "./lcd.obj" "./main.obj" "./part1b.obj" "./part2.obj" "./part3.obj" "./tm4c123gh6pm_startup_ccs.obj" "../libcybotScan.lib" "../libcybotUART.lib" "../tm4c123gh6pm.cmd"  -llibc.a -l"C:/ti/TivaWare_C_Series-2.2.0.295/driverlib/ccs/Debug/driverlib.lib"  
<Linking>
 
 undefined first referenced
  symbol       in file     
 --------- ----------------
 
 part2     ./main.obj      
>> Compilation failure
makefile:144: recipe for target 'lab_4.out' failed
 
error #10234-D: unresolved symbols remain
error #10010: errors encountered during linking; "lab_4.out" not built
gmake[1]: *** [lab_4.out] Error 1
gmake: *** [all] Error 2
makefile:140: recipe for target 'all' failed

**** Build Finished ****

**** Build of configuration Debug for project lab_4 ****

"C:\\ti\\ccs1271\\ccs\\utils\\bin\\gmake" -k -j 20 all -O 
 
Building file: "../part1b.c"
Invoking: Arm Compiler
"C:/ti/ccs1271/ccs/tools/compiler/ti-cgt-arm_20.2.7.LTS/bin/armcl" -mv7M4 --code_state=16 --float_support=FPv4SPD16 -me --include_path="U:/CprE288/lab_4" --include_path="C:/ti/TivaWare_C_Series-2.2.0.295" --include_path="C:/ti/ccs1271/ccs/tools/compiler/ti-cgt-arm_20.2.7.LTS/include" --define=ccs="ccs" --define=PART_TM4C123GH6PM -g --gcc --diag_warning=225 --diag_wrap=off --display_error_number --abi=eabi --preproc_with_compile --preproc_dependency="part1b.d_raw"  "../part1b.c"
Finished building: "../part1b.c"
 
Building file: "../main.c"
Invoking: Arm Compiler
"C:/ti/ccs1271/ccs/tools/compiler/ti-cgt-arm_20.2.7.LTS/bin/armcl" -mv7M4 --code_state=16 --float_support=FPv4SPD16 -me --include_path="U:/CprE288/lab_4" --include_path="C:/ti/TivaWare_C_Series-2.2.0.295" --include_path="C:/ti/ccs1271/ccs/tools/compiler/ti-cgt-arm_20.2.7.LTS/include" --define=ccs="ccs" --define=PART_TM4C123GH6PM -g --gcc --diag_warning=225 --diag_wrap=off --display_error_number --abi=eabi --preproc_with_compile --preproc_dependency="main.d_raw"  "../main.c"
Finished building: "../main.c"
 
Building target: "lab_4.out"
Invoking: Arm Linker
"C:/ti/ccs1271/ccs/tools/compiler/ti-cgt-arm_20.2.7.LTS/bin/armcl" -mv7M4 --code_state=16 --float_support=FPv4SPD16 -me --define=ccs="ccs" --define=PART_TM4C123GH6PM -g --gcc --diag_warning=225 --diag_wrap=off --display_error_number --abi=eabi -z -m"lab_4.map" --heap_size=1028 --stack_size=2048 -i"C:/ti/ccs1271/ccs/tools/compiler/ti-cgt-arm_20.2.7.LTS/lib" -i"C:/ti/ccs1271/ccs/tools/compiler/ti-cgt-arm_20.2.7.LTS/include" --reread_libs --diag_wrap=off --display_error_number --warn_sections --xml_link_info="lab_4_linkInfo.xml" --rom_model -o "lab_4.out" "./Timer.obj" "./lcd.obj" "./main.obj" "./part1b.obj" "./part2.obj" "./part3.obj" "./tm4c123gh6pm_startup_ccs.obj" "../libcybotScan.lib" "../libcybotUART.lib" "../tm4c123gh6pm.cmd"  -llibc.a -l"C:/ti/TivaWare_C_Series-2.2.0.295/driverlib/ccs/Debug/driverlib.lib"  
<Linking>
 
 undefined first referenced
  symbol       in file     
 --------- ----------------
 part2     ./main.obj      
 
 
>> Compilation failure
makefile:144: recipe for target 'lab_4.out' failed
error #10234-D: unresolved symbols remain
error #10010: errors encountered during linking; "lab_4.out" not built
gmake[1]: *** [lab_4.out] Error 1
gmake: *** [all] Error 2
makefile:140: recipe for target 'all' failed

**** Build Finished ****

**** Build of configuration Debug for project lab_4 ****

"C:\\ti\\ccs1271\\ccs\\utils\\bin\\gmake" -k -j 20 all -O 
 
Building file: "../main.c"
Invoking: Arm Compiler
"C:/ti/ccs1271/ccs/tools/compiler/ti-cgt-arm_20.2.7.LTS/bin/armcl" -mv7M4 --code_state=16 --float_support=FPv4SPD16 -me --include_path="U:/CprE288/lab_4" --include_path="C:/ti/TivaWare_C_Series-2.2.0.295" --include_path="C:/ti/ccs1271/ccs/tools/compiler/ti-cgt-arm_20.2.7.LTS/include" --define=ccs="ccs" --define=PART_TM4C123GH6PM -g --gcc --diag_warning=225 --diag_wrap=off --display_error_number --abi=eabi --preproc_with_compile --preproc_dependency="main.d_raw"  "../main.c"
Finished building: "../main.c"
 
Building file: "../part2.c"
Invoking: Arm Compiler
"C:/ti/ccs1271/ccs/tools/compiler/ti-cgt-arm_20.2.7.LTS/bin/armcl" -mv7M4 --code_state=16 --float_support=FPv4SPD16 -me --include_path="U:/CprE288/lab_4" --include_path="C:/ti/TivaWare_C_Series-2.2.0.295" --include_path="C:/ti/ccs1271/ccs/tools/compiler/ti-cgt-arm_20.2.7.LTS/include" --define=ccs="ccs" --define=PART_TM4C123GH6PM -g --gcc --diag_warning=225 --diag_wrap=off --display_error_number --abi=eabi --preproc_with_compile --preproc_dependency="part2.d_raw"  "../part2.c"
"../part2.c", line 53: warning #179-D: variable "j" was declared but never referenced
Finished building: "../part2.c"
 
Building target: "lab_4.out"
Invoking: Arm Linker
"C:/ti/ccs1271/ccs/tools/compiler/ti-cgt-arm_20.2.7.LTS/bin/armcl" -mv7M4 --code_state=16 --float_support=FPv4SPD16 -me --define=ccs="ccs" --define=PART_TM4C123GH6PM -g --gcc --diag_warning=225 --diag_wrap=off --display_error_number --abi=eabi -z -m"lab_4.map" --heap_size=1028 --stack_size=2048 -i"C:/ti/ccs1271/ccs/tools/compiler/ti-cgt-arm_20.2.7.LTS/lib" -i"C:/ti/ccs1271/ccs/tools/compiler/ti-cgt-arm_20.2.7.LTS/include" --reread_libs --diag_wrap=off --display_error_number --warn_sections --xml_link_info="lab_4_linkInfo.xml" --rom_model -o "lab_4.out" "./Timer.obj" "./lcd.obj" "./main.obj" "./part1b.obj" "./part2.obj" "./part3.obj" "./tm4c123gh6pm_startup_ccs.obj" "../libcybotScan.lib" "../libcybotUART.lib" "../tm4c123gh6pm.cmd"  -llibc.a -l"C:/ti/TivaWare_C_Series-2.2.0.295/driverlib/ccs/Debug/driverlib.lib"  
<Linking>
Finished building target: "lab_4.out"
 

**** Build Finished ****

**** Build of configuration Debug for project lab_4 ****

"C:\\ti\\ccs1271\\ccs\\utils\\bin\\gmake" -k -j 20 all -O 
 
Building file: "../part2.c"
Invoking: Arm Compiler
"C:/ti/ccs1271/ccs/tools/compiler/ti-cgt-arm_20.2.7.LTS/bin/armcl" -mv7M4 --code_state=16 --float_support=FPv4SPD16 -me --include_path="U:/CprE288/lab_4" --include_path="C:/ti/TivaWare_C_Series-2.2.0.295" --include_path="C:/ti/ccs1271/ccs/tools/compiler/ti-cgt-arm_20.2.7.LTS/include" --define=ccs="ccs" --define=PART_TM4C123GH6PM -g --gcc --diag_warning=225 --diag_wrap=off --display_error_number --abi=eabi --preproc_with_compile --preproc_dependency="part2.d_raw"  "../part2.c"
"../part2.c", line 55: warning #179-D: variable "j" was declared but never referenced
Finished building: "../part2.c"
 
Building target: "lab_4.out"
Invoking: Arm Linker
"C:/ti/ccs1271/ccs/tools/compiler/ti-cgt-arm_20.2.7.LTS/bin/armcl" -mv7M4 --code_state=16 --float_support=FPv4SPD16 -me --define=ccs="ccs" --define=PART_TM4C123GH6PM -g --gcc --diag_warning=225 --diag_wrap=off --display_error_number --abi=eabi -z -m"lab_4.map" --heap_size=1028 --stack_size=2048 -i"C:/ti/ccs1271/ccs/tools/compiler/ti-cgt-arm_20.2.7.LTS/lib" -i"C:/ti/ccs1271/ccs/tools/compiler/ti-cgt-arm_20.2.7.LTS/include" --reread_libs --diag_wrap=off --display_error_number --warn_sections --xml_link_info="lab_4_linkInfo.xml" --rom_model -o "lab_4.out" "./Timer.obj" "./lcd.obj" "./main.obj" "./part1b.obj" "./part2.obj" "./part3.obj" "./tm4c123gh6pm_startup_ccs.obj" "../libcybotScan.lib" "../libcybotUART.lib" "../tm4c123gh6pm.cmd"  -llibc.a -l"C:/ti/TivaWare_C_Series-2.2.0.295/driverlib/ccs/Debug/driverlib.lib"  
<Linking>
Finished building target: "lab_4.out"
 

**** Build Finished ****

**** Build of configuration Debug for project lab_4 ****

"C:\\ti\\ccs1271\\ccs\\utils\\bin\\gmake" -k -j 20 all -O 
 
Building file: "../main.c"
Invoking: Arm Compiler
"C:/ti/ccs1271/ccs/tools/compiler/ti-cgt-arm_20.2.7.LTS/bin/armcl" -mv7M4 --code_state=16 --float_support=FPv4SPD16 -me --include_path="U:/CprE288/lab_4" --include_path="C:/ti/TivaWare_C_Series-2.2.0.295" --include_path="C:/ti/ccs1271/ccs/tools/compiler/ti-cgt-arm_20.2.7.LTS/include" --define=ccs="ccs" --define=PART_TM4C123GH6PM -g --gcc --diag_warning=225 --diag_wrap=off --display_error_number --abi=eabi --preproc_with_compile --preproc_dependency="main.d_raw"  "../main.c"
Finished building: "../main.c"
 
Building file: "../part1b.c"
Invoking: Arm Compiler
"C:/ti/ccs1271/ccs/tools/compiler/ti-cgt-arm_20.2.7.LTS/bin/armcl" -mv7M4 --code_state=16 --float_support=FPv4SPD16 -me --include_path="U:/CprE288/lab_4" --include_path="C:/ti/TivaWare_C_Series-2.2.0.295" --include_path="C:/ti/ccs1271/ccs/tools/compiler/ti-cgt-arm_20.2.7.LTS/include" --define=ccs="ccs" --define=PART_TM4C123GH6PM -g --gcc --diag_warning=225 --diag_wrap=off --display_error_number --abi=eabi --preproc_with_compile --preproc_dependency="part1b.d_raw"  "../part1b.c"
Finished building: "../part1b.c"
 
Building target: "lab_4.out"
Invoking: Arm Linker
"C:/ti/ccs1271/ccs/tools/compiler/ti-cgt-arm_20.2.7.LTS/bin/armcl" -mv7M4 --code_state=16 --float_support=FPv4SPD16 -me --define=ccs="ccs" --define=PART_TM4C123GH6PM -g --gcc --diag_warning=225 --diag_wrap=off --display_error_number --abi=eabi -z -m"lab_4.map" --heap_size=1028 --stack_size=2048 -i"C:/ti/ccs1271/ccs/tools/compiler/ti-cgt-arm_20.2.7.LTS/lib" -i"C:/ti/ccs1271/ccs/tools/compiler/ti-cgt-arm_20.2.7.LTS/include" --reread_libs --diag_wrap=off --display_error_number --warn_sections --xml_link_info="lab_4_linkInfo.xml" --rom_model -o "lab_4.out" "./Timer.obj" "./lcd.obj" "./main.obj" "./part1b.obj" "./part2.obj" "./part3.obj" "./tm4c123gh6pm_startup_ccs.obj" "../libcybotScan.lib" "../libcybotUART.lib" "../tm4c123gh6pm.cmd"  -llibc.a -l"C:/ti/TivaWare_C_Series-2.2.0.295/driverlib/ccs/Debug/driverlib.lib"  
<Linking>
Finished building target: "lab_4.out"
 

**** Build Finished ****

**** Build of configuration Debug for project lab_4 ****

"C:\\ti\\ccs1271\\ccs\\utils\\bin\\gmake" -k -j 20 all -O 
 
Building file: "../part1b.c"
Invoking: Arm Compiler
"C:/ti/ccs1271/ccs/tools/compiler/ti-cgt-arm_20.2.7.LTS/bin/armcl" -mv7M4 --code_state=16 --float_support=FPv4SPD16 -me --include_path="U:/CprE288/lab_4" --include_path="C:/ti/TivaWare_C_Series-2.2.0.295" --include_path="C:/ti/ccs1271/ccs/tools/compiler/ti-cgt-arm_20.2.7.LTS/include" --define=ccs="ccs" --define=PART_TM4C123GH6PM -g --gcc --diag_warning=225 --diag_wrap=off --display_error_number --abi=eabi --preproc_with_compile --preproc_dependency="part1b.d_raw"  "../part1b.c"
Finished building: "../part1b.c"
 
Building file: "../part2.c"
Invoking: Arm Compiler
"C:/ti/ccs1271/ccs/tools/compiler/ti-cgt-arm_20.2.7.LTS/bin/armcl" -mv7M4 --code_state=16 --float_support=FPv4SPD16 -me --include_path="U:/CprE288/lab_4" --include_path="C:/ti/TivaWare_C_Series-2.2.0.295" --include_path="C:/ti/ccs1271/ccs/tools/compiler/ti-cgt-arm_20.2.7.LTS/include" --define=ccs="ccs" --define=PART_TM4C123GH6PM -g --gcc --diag_warning=225 --diag_wrap=off --display_error_number --abi=eabi --preproc_with_compile --preproc_dependency="part2.d_raw"  "../part2.c"
"../part2.c", line 55: warning #179-D: variable "j" was declared but never referenced
Finished building: "../part2.c"
 
Building target: "lab_4.out"
Invoking: Arm Linker
"C:/ti/ccs1271/ccs/tools/compiler/ti-cgt-arm_20.2.7.LTS/bin/armcl" -mv7M4 --code_state=16 --float_support=FPv4SPD16 -me --define=ccs="ccs" --define=PART_TM4C123GH6PM -g --gcc --diag_warning=225 --diag_wrap=off --display_error_number --abi=eabi -z -m"lab_4.map" --heap_size=1028 --stack_size=2048 -i"C:/ti/ccs1271/ccs/tools/compiler/ti-cgt-arm_20.2.7.LTS/lib" -i"C:/ti/ccs1271/ccs/tools/compiler/ti-cgt-arm_20.2.7.LTS/include" --reread_libs --diag_wrap=off --display_error_number --warn_sections --xml_link_info="lab_4_linkInfo.xml" --rom_model -o "lab_4.out" "./Timer.obj" "./lcd.obj" "./main.obj" "./part1b.obj" "./part2.obj" "./part3.obj" "./tm4c123gh6pm_startup_ccs.obj" "../libcybotScan.lib" "../libcybotUART.lib" "../tm4c123gh6pm.cmd"  -llibc.a -l"C:/ti/TivaWare_C_Series-2.2.0.295/driverlib/ccs/Debug/driverlib.lib"  
<Linking>
Finished building target: "lab_4.out"
 

**** Build Finished ****

**** Build of configuration Debug for project lab_4 ****

"C:\\ti\\ccs1271\\ccs\\utils\\bin\\gmake" -k -j 20 all -O 
 
gmake[1]: 'lab_4.out' is up to date.

**** Build Finished ****

**** Build of configuration Debug for project lab_4 ****

"C:\\ti\\ccs1271\\ccs\\utils\\bin\\gmake" -k -j 20 all -O 
 
Building file: "../main.c"
Invoking: Arm Compiler
"C:/ti/ccs1271/ccs/tools/compiler/ti-cgt-arm_20.2.7.LTS/bin/armcl" -mv7M4 --code_state=16 --float_support=FPv4SPD16 -me --include_path="U:/CprE288/lab_4" --include_path="C:/ti/TivaWare_C_Series-2.2.0.295" --include_path="C:/ti/ccs1271/ccs/tools/compiler/ti-cgt-arm_20.2.7.LTS/include" --define=ccs="ccs" --define=PART_TM4C123GH6PM -g --gcc --diag_warning=225 --diag_wrap=off --display_error_number --abi=eabi --preproc_with_compile --preproc_dependency="main.d_raw"  "../main.c"
Finished building: "../main.c"
 
Building target: "lab_4.out"
Invoking: Arm Linker
"C:/ti/ccs1271/ccs/tools/compiler/ti-cgt-arm_20.2.7.LTS/bin/armcl" -mv7M4 --code_state=16 --float_support=FPv4SPD16 -me --define=ccs="ccs" --define=PART_TM4C123GH6PM -g --gcc --diag_warning=225 --diag_wrap=off --display_error_number --abi=eabi -z -m"lab_4.map" --heap_size=1028 --stack_size=2048 -i"C:/ti/ccs1271/ccs/tools/compiler/ti-cgt-arm_20.2.7.LTS/lib" -i"C:/ti/ccs1271/ccs/tools/compiler/ti-cgt-arm_20.2.7.LTS/include" --reread_libs --diag_wrap=off --display_error_number --warn_sections --xml_link_info="lab_4_linkInfo.xml" --rom_model -o "lab_4.out" "./Timer.obj" "./lcd.obj" "./main.obj" "./part1b.obj" "./part2.obj" "./part3.obj" "./tm4c123gh6pm_startup_ccs.obj" "../libcybotScan.lib" "../libcybotUART.lib" "../tm4c123gh6pm.cmd"  -llibc.a -l"C:/ti/TivaWare_C_Series-2.2.0.295/driverlib/ccs/Debug/driverlib.lib"  
<Linking>
Finished building target: "lab_4.out"
 

**** Build Finished ****

**** Build of configuration Debug for project lab_4 ****

"C:\\ti\\ccs1271\\ccs\\utils\\bin\\gmake" -k -j 20 all -O 
 
Building file: "../part2.c"
Invoking: Arm Compiler
"C:/ti/ccs1271/ccs/tools/compiler/ti-cgt-arm_20.2.7.LTS/bin/armcl" -mv7M4 --code_state=16 --float_support=FPv4SPD16 -me --include_path="U:/CprE288/lab_4" --include_path="C:/ti/TivaWare_C_Series-2.2.0.295" --include_path="C:/ti/ccs1271/ccs/tools/compiler/ti-cgt-arm_20.2.7.LTS/include" --define=ccs="ccs" --define=PART_TM4C123GH6PM -g --gcc --diag_warning=225 --diag_wrap=off --display_error_number --abi=eabi --preproc_with_compile --preproc_dependency="part2.d_raw"  "../part2.c"
"../part2.c", line 55: warning #179-D: variable "j" was declared but never referenced
Finished building: "../part2.c"
 
Building target: "lab_4.out"
Invoking: Arm Linker
"C:/ti/ccs1271/ccs/tools/compiler/ti-cgt-arm_20.2.7.LTS/bin/armcl" -mv7M4 --code_state=16 --float_support=FPv4SPD16 -me --define=ccs="ccs" --define=PART_TM4C123GH6PM -g --gcc --diag_warning=225 --diag_wrap=off --display_error_number --abi=eabi -z -m"lab_4.map" --heap_size=1028 --stack_size=2048 -i"C:/ti/ccs1271/ccs/tools/compiler/ti-cgt-arm_20.2.7.LTS/lib" -i"C:/ti/ccs1271/ccs/tools/compiler/ti-cgt-arm_20.2.7.LTS/include" --reread_libs --diag_wrap=off --display_error_number --warn_sections --xml_link_info="lab_4_linkInfo.xml" --rom_model -o "lab_4.out" "./Timer.obj" "./lcd.obj" "./main.obj" "./part1b.obj" "./part2.obj" "./part3.obj" "./tm4c123gh6pm_startup_ccs.obj" "../libcybotScan.lib" "../libcybotUART.lib" "../tm4c123gh6pm.cmd"  -llibc.a -l"C:/ti/TivaWare_C_Series-2.2.0.295/driverlib/ccs/Debug/driverlib.lib"  
<Linking>
Finished building target: "lab_4.out"
 

**** Build Finished ****

**** Build of configuration Debug for project lab_4 ****

"C:\\ti\\ccs1271\\ccs\\utils\\bin\\gmake" -k -j 20 all -O 
 
Building file: "../part2.c"
Invoking: Arm Compiler
"C:/ti/ccs1271/ccs/tools/compiler/ti-cgt-arm_20.2.7.LTS/bin/armcl" -mv7M4 --code_state=16 --float_support=FPv4SPD16 -me --include_path="U:/CprE288/lab_4" --include_path="C:/ti/TivaWare_C_Series-2.2.0.295" --include_path="C:/ti/ccs1271/ccs/tools/compiler/ti-cgt-arm_20.2.7.LTS/include" --define=ccs="ccs" --define=PART_TM4C123GH6PM -g --gcc --diag_warning=225 --diag_wrap=off --display_error_number --abi=eabi --preproc_with_compile --preproc_dependency="part2.d_raw"  "../part2.c"
"../part2.c", line 55: warning #179-D: variable "j" was declared but never referenced
Finished building: "../part2.c"
 
Building target: "lab_4.out"
Invoking: Arm Linker
"C:/ti/ccs1271/ccs/tools/compiler/ti-cgt-arm_20.2.7.LTS/bin/armcl" -mv7M4 --code_state=16 --float_support=FPv4SPD16 -me --define=ccs="ccs" --define=PART_TM4C123GH6PM -g --gcc --diag_warning=225 --diag_wrap=off --display_error_number --abi=eabi -z -m"lab_4.map" --heap_size=1028 --stack_size=2048 -i"C:/ti/ccs1271/ccs/tools/compiler/ti-cgt-arm_20.2.7.LTS/lib" -i"C:/ti/ccs1271/ccs/tools/compiler/ti-cgt-arm_20.2.7.LTS/include" --reread_libs --diag_wrap=off --display_error_number --warn_sections --xml_link_info="lab_4_linkInfo.xml" --rom_model -o "lab_4.out" "./Timer.obj" "./lcd.obj" "./main.obj" "./part1b.obj" "./part2.obj" "./part3.obj" "./tm4c123gh6pm_startup_ccs.obj" "../libcybotScan.lib" "../libcybotUART.lib" "../tm4c123gh6pm.cmd"  -llibc.a -l"C:/ti/TivaWare_C_Series-2.2.0.295/driverlib/ccs/Debug/driverlib.lib"  
<Linking>
Finished building target: "lab_4.out"
 

**** Build Finished ****

**** Build of configuration Debug for project lab_4 ****

"C:\\ti\\ccs1271\\ccs\\utils\\bin\\gmake" -k -j 20 all -O 
 
Building file: "../main.c"
Invoking: Arm Compiler
"C:/ti/ccs1271/ccs/tools/compiler/ti-cgt-arm_20.2.7.LTS/bin/armcl" -mv7M4 --code_state=16 --float_support=FPv4SPD16 -me --include_path="U:/CprE288/lab_4" --include_path="C:/ti/TivaWare_C_Series-2.2.0.295" --include_path="C:/ti/ccs1271/ccs/tools/compiler/ti-cgt-arm_20.2.7.LTS/include" --define=ccs="ccs" --define=PART_TM4C123GH6PM -g --gcc --diag_warning=225 --diag_wrap=off --display_error_number --abi=eabi --preproc_with_compile --preproc_dependency="main.d_raw"  "../main.c"
"../main.c", line 8: warning #225-D: function "part_3" declared implicitly
Finished building: "../main.c"
 
Building file: "../part2.c"
Invoking: Arm Compiler
"C:/ti/ccs1271/ccs/tools/compiler/ti-cgt-arm_20.2.7.LTS/bin/armcl" -mv7M4 --code_state=16 --float_support=FPv4SPD16 -me --include_path="U:/CprE288/lab_4" --include_path="C:/ti/TivaWare_C_Series-2.2.0.295" --include_path="C:/ti/ccs1271/ccs/tools/compiler/ti-cgt-arm_20.2.7.LTS/include" --define=ccs="ccs" --define=PART_TM4C123GH6PM -g --gcc --diag_warning=225 --diag_wrap=off --display_error_number --abi=eabi --preproc_with_compile --preproc_dependency="part2.d_raw"  "../part2.c"
"../part2.c", line 55: warning #179-D: variable "j" was declared but never referenced
Finished building: "../part2.c"
 
Building target: "lab_4.out"
Invoking: Arm Linker
"C:/ti/ccs1271/ccs/tools/compiler/ti-cgt-arm_20.2.7.LTS/bin/armcl" -mv7M4 --code_state=16 --float_support=FPv4SPD16 -me --define=ccs="ccs" --define=PART_TM4C123GH6PM -g --gcc --diag_warning=225 --diag_wrap=off --display_error_number --abi=eabi -z -m"lab_4.map" --heap_size=1028 --stack_size=2048 -i"C:/ti/ccs1271/ccs/tools/compiler/ti-cgt-arm_20.2.7.LTS/lib" -i"C:/ti/ccs1271/ccs/tools/compiler/ti-cgt-arm_20.2.7.LTS/include" --reread_libs --diag_wrap=off --display_error_number --warn_sections --xml_link_info="lab_4_linkInfo.xml" --rom_model -o "lab_4.out" "./Timer.obj" "./lcd.obj" "./main.obj" "./part1b.obj" "./part2.obj" "./part3.obj" "./tm4c123gh6pm_startup_ccs.obj" "../libcybotScan.lib" "../libcybotUART.lib" "../tm4c123gh6pm.cmd"  -llibc.a -l"C:/ti/TivaWare_C_Series-2.2.0.295/driverlib/ccs/Debug/driverlib.lib"  
<Linking>
Finished building target: "lab_4.out"
 

**** Build Finished ****

**** Build of configuration Debug for project lab_4 ****

"C:\\ti\\ccs1271\\ccs\\utils\\bin\\gmake" -k -j 20 all -O 
 
Building file: "../part3.c"
Invoking: Arm Compiler
"C:/ti/ccs1271/ccs/tools/compiler/ti-cgt-arm_20.2.7.LTS/bin/armcl" -mv7M4 --code_state=16 --float_support=FPv4SPD16 -me --include_path="U:/CprE288/lab_4" --include_path="C:/ti/TivaWare_C_Series-2.2.0.295" --include_path="C:/ti/ccs1271/ccs/tools/compiler/ti-cgt-arm_20.2.7.LTS/include" --define=ccs="ccs" --define=PART_TM4C123GH6PM -g --gcc --diag_warning=225 --diag_wrap=off --display_error_number --abi=eabi --preproc_with_compile --preproc_dependency="part3.d_raw"  "../part3.c"
Finished building: "../part3.c"
 
Building target: "lab_4.out"
Invoking: Arm Linker
"C:/ti/ccs1271/ccs/tools/compiler/ti-cgt-arm_20.2.7.LTS/bin/armcl" -mv7M4 --code_state=16 --float_support=FPv4SPD16 -me --define=ccs="ccs" --define=PART_TM4C123GH6PM -g --gcc --diag_warning=225 --diag_wrap=off --display_error_number --abi=eabi -z -m"lab_4.map" --heap_size=1028 --stack_size=2048 -i"C:/ti/ccs1271/ccs/tools/compiler/ti-cgt-arm_20.2.7.LTS/lib" -i"C:/ti/ccs1271/ccs/tools/compiler/ti-cgt-arm_20.2.7.LTS/include" --reread_libs --diag_wrap=off --display_error_number --warn_sections --xml_link_info="lab_4_linkInfo.xml" --rom_model -o "lab_4.out" "./Timer.obj" "./lcd.obj" "./main.obj" "./part1b.obj" "./part2.obj" "./part3.obj" "./tm4c123gh6pm_startup_ccs.obj" "../libcybotScan.lib" "../libcybotUART.lib" "../tm4c123gh6pm.cmd"  -llibc.a -l"C:/ti/TivaWare_C_Series-2.2.0.295/driverlib/ccs/Debug/driverlib.lib"  
<Linking>
Finished building target: "lab_4.out"
 

**** Build Finished ****

**** Build of configuration Debug for project lab_4 ****

"C:\\ti\\ccs1271\\ccs\\utils\\bin\\gmake" -k -j 20 all -O 
 
Building file: "../part4.c"
Invoking: Arm Compiler
"C:/ti/ccs1271/ccs/tools/compiler/ti-cgt-arm_20.2.7.LTS/bin/armcl" -mv7M4 --code_state=16 --float_support=FPv4SPD16 -me --include_path="U:/CprE288/lab_4" --include_path="C:/ti/TivaWare_C_Series-2.2.0.295" --include_path="C:/ti/ccs1271/ccs/tools/compiler/ti-cgt-arm_20.2.7.LTS/include" --define=ccs="ccs" --define=PART_TM4C123GH6PM -g --gcc --diag_warning=225 --diag_wrap=off --display_error_number --abi=eabi --preproc_with_compile --preproc_dependency="part4.d_raw"  "../part4.c"
 
>> Compilation failure
subdir_rules.mk:9: recipe for target 'part4.obj' failed
"../part4.c", line 21: error #66: expected a ";"
"../part4.c", line 40: warning #12-D: parsing restarts here after previous syntax error
"../part4.c", line 41: warning #994-D: missing return statement at end of non-void function "part_4"
"../part4.c", line 14: warning #179-D: variable "c" was declared but never referenced
"../part4.c", line 58: warning #179-D: variable "j" was declared but never referenced
1 error detected in the compilation of "../part4.c".
gmake: *** [part4.obj] Error 1
Building file: "../main.c"
Invoking: Arm Compiler
"C:/ti/ccs1271/ccs/tools/compiler/ti-cgt-arm_20.2.7.LTS/bin/armcl" -mv7M4 --code_state=16 --float_support=FPv4SPD16 -me --include_path="U:/CprE288/lab_4" --include_path="C:/ti/TivaWare_C_Series-2.2.0.295" --include_path="C:/ti/ccs1271/ccs/tools/compiler/ti-cgt-arm_20.2.7.LTS/include" --define=ccs="ccs" --define=PART_TM4C123GH6PM -g --gcc --diag_warning=225 --diag_wrap=off --display_error_number --abi=eabi --preproc_with_compile --preproc_dependency="main.d_raw"  "../main.c"
Finished building: "../main.c"
 
Building file: "../part3.c"
Invoking: Arm Compiler
"C:/ti/ccs1271/ccs/tools/compiler/ti-cgt-arm_20.2.7.LTS/bin/armcl" -mv7M4 --code_state=16 --float_support=FPv4SPD16 -me --include_path="U:/CprE288/lab_4" --include_path="C:/ti/TivaWare_C_Series-2.2.0.295" --include_path="C:/ti/ccs1271/ccs/tools/compiler/ti-cgt-arm_20.2.7.LTS/include" --define=ccs="ccs" --define=PART_TM4C123GH6PM -g --gcc --diag_warning=225 --diag_wrap=off --display_error_number --abi=eabi --preproc_with_compile --preproc_dependency="part3.d_raw"  "../part3.c"
Finished building: "../part3.c"
 
gmake: Target 'all' not remade because of errors.

**** Build Finished ****

**** Build of configuration Debug for project lab_4 ****

"C:\\ti\\ccs1271\\ccs\\utils\\bin\\gmake" -k -j 20 all -O 
 
Building file: "../part4.c"
Invoking: Arm Compiler
"C:/ti/ccs1271/ccs/tools/compiler/ti-cgt-arm_20.2.7.LTS/bin/armcl" -mv7M4 --code_state=16 --float_support=FPv4SPD16 -me --include_path="U:/CprE288/lab_4" --include_path="C:/ti/TivaWare_C_Series-2.2.0.295" --include_path="C:/ti/ccs1271/ccs/tools/compiler/ti-cgt-arm_20.2.7.LTS/include" --define=ccs="ccs" --define=PART_TM4C123GH6PM -g --gcc --diag_warning=225 --diag_wrap=off --display_error_number --abi=eabi --preproc_with_compile --preproc_dependency="part4.d_raw"  "../part4.c"
 
>> Compilation failure
subdir_rules.mk:9: recipe for target 'part4.obj' failed
"../part4.c", line 21: error #20: identifier "c" is undefined
"../part4.c", line 57: warning #179-D: variable "j" was declared but never referenced
1 error detected in the compilation of "../part4.c".
gmake: *** [part4.obj] Error 1
gmake: Target 'all' not remade because of errors.

**** Build Finished ****

**** Build of configuration Debug for project lab_4 ****

"C:\\ti\\ccs1271\\ccs\\utils\\bin\\gmake" -k -j 20 all -O 
 
Building file: "../part4.c"
Invoking: Arm Compiler
"C:/ti/ccs1271/ccs/tools/compiler/ti-cgt-arm_20.2.7.LTS/bin/armcl" -mv7M4 --code_state=16 --float_support=FPv4SPD16 -me --include_path="U:/CprE288/lab_4" --include_path="C:/ti/TivaWare_C_Series-2.2.0.295" --include_path="C:/ti/ccs1271/ccs/tools/compiler/ti-cgt-arm_20.2.7.LTS/include" --define=ccs="ccs" --define=PART_TM4C123GH6PM -g --gcc --diag_warning=225 --diag_wrap=off --display_error_number --abi=eabi --preproc_with_compile --preproc_dependency="part4.d_raw"  "../part4.c"
"../part4.c", line 58: warning #179-D: variable "j" was declared but never referenced
Finished building: "../part4.c"
 
Building target: "lab_4.out"
Invoking: Arm Linker
"C:/ti/ccs1271/ccs/tools/compiler/ti-cgt-arm_20.2.7.LTS/bin/armcl" -mv7M4 --code_state=16 --float_support=FPv4SPD16 -me --define=ccs="ccs" --define=PART_TM4C123GH6PM -g --gcc --diag_warning=225 --diag_wrap=off --display_error_number --abi=eabi -z -m"lab_4.map" --heap_size=1028 --stack_size=2048 -i"C:/ti/ccs1271/ccs/tools/compiler/ti-cgt-arm_20.2.7.LTS/lib" -i"C:/ti/ccs1271/ccs/tools/compiler/ti-cgt-arm_20.2.7.LTS/include" --reread_libs --diag_wrap=off --display_error_number --warn_sections --xml_link_info="lab_4_linkInfo.xml" --rom_model -o "lab_4.out" "./Timer.obj" "./lcd.obj" "./main.obj" "./part1b.obj" "./part2.obj" "./part3.obj" "./part4.obj" "./tm4c123gh6pm_startup_ccs.obj" "../libcybotScan.lib" "../libcybotUART.lib" "../tm4c123gh6pm.cmd"  -llibc.a -l"C:/ti/TivaWare_C_Series-2.2.0.295/driverlib/ccs/Debug/driverlib.lib"  
<Linking>
error #10056: symbol "cyBot_sendString" redefined: first defined in "./part2.obj"; redefined in "./part4.obj"
error #10056: symbol "do_scan" redefined: first defined in "./part2.obj"; redefined in "./part4.obj"
error #10056: symbol "send_scan" redefined: first defined in "./part2.obj"; redefined in "./part4.obj"
error #10010: errors encountered during linking; "lab_4.out" not built
 
gmake[1]: *** [lab_4.out] Error 1
>> Compilation failure
makefile:145: recipe for target 'lab_4.out' failed
gmake: *** [all] Error 2
makefile:141: recipe for target 'all' failed

**** Build Finished ****

**** Build of configuration Debug for project lab_4 ****

"C:\\ti\\ccs1271\\ccs\\utils\\bin\\gmake" -k -j 20 all -O 
 
Building file: "../main.c"
Invoking: Arm Compiler
"C:/ti/ccs1271/ccs/tools/compiler/ti-cgt-arm_20.2.7.LTS/bin/armcl" -mv7M4 --code_state=16 --float_support=FPv4SPD16 -me --include_path="U:/CprE288/lab_4" --include_path="C:/ti/TivaWare_C_Series-2.2.0.295" --include_path="C:/ti/ccs1271/ccs/tools/compiler/ti-cgt-arm_20.2.7.LTS/include" --define=ccs="ccs" --define=PART_TM4C123GH6PM -g --gcc --diag_warning=225 --diag_wrap=off --display_error_number --abi=eabi --preproc_with_compile --preproc_dependency="main.d_raw"  "../main.c"
Finished building: "../main.c"
 
Building target: "lab_4.out"
Invoking: Arm Linker
"C:/ti/ccs1271/ccs/tools/compiler/ti-cgt-arm_20.2.7.LTS/bin/armcl" -mv7M4 --code_state=16 --float_support=FPv4SPD16 -me --define=ccs="ccs" --define=PART_TM4C123GH6PM -g --gcc --diag_warning=225 --diag_wrap=off --display_error_number --abi=eabi -z -m"lab_4.map" --heap_size=1028 --stack_size=2048 -i"C:/ti/ccs1271/ccs/tools/compiler/ti-cgt-arm_20.2.7.LTS/lib" -i"C:/ti/ccs1271/ccs/tools/compiler/ti-cgt-arm_20.2.7.LTS/include" --reread_libs --diag_wrap=off --display_error_number --warn_sections --xml_link_info="lab_4_linkInfo.xml" --rom_model -o "lab_4.out" "./Timer.obj" "./lcd.obj" "./main.obj" "./part1b.obj" "./part2.obj" "./part3.obj" "./part4.obj" "./tm4c123gh6pm_startup_ccs.obj" "../libcybotScan.lib" "../libcybotUART.lib" "../tm4c123gh6pm.cmd"  -llibc.a -l"C:/ti/TivaWare_C_Series-2.2.0.295/driverlib/ccs/Debug/driverlib.lib"  
<Linking>
error #10056: symbol "cyBot_sendString" redefined: first defined in "./part2.obj"; redefined in "./part4.obj"
error #10056: symbol "do_scan" redefined: first defined in "./part2.obj"; redefined in "./part4.obj"
error #10056: symbol "send_scan" redefined: first defined in "./part2.obj"; redefined in "./part4.obj"
error #10010: errors encountered during linking; "lab_4.out" not built
 
gmake[1]: *** [lab_4.out] Error 1
>> Compilation failure
makefile:145: recipe for target 'lab_4.out' failed
gmake: *** [all] Error 2
makefile:141: recipe for target 'all' failed

**** Build Finished ****

**** Build of configuration Debug for project lab_4 ****

"C:\\ti\\ccs1271\\ccs\\utils\\bin\\gmake" -k -j 20 all -O 
 
Building file: "../main.c"
Invoking: Arm Compiler
"C:/ti/ccs1271/ccs/tools/compiler/ti-cgt-arm_20.2.7.LTS/bin/armcl" -mv7M4 --code_state=16 --float_support=FPv4SPD16 -me --include_path="U:/CprE288/lab_4" --include_path="C:/ti/TivaWare_C_Series-2.2.0.295" --include_path="C:/ti/ccs1271/ccs/tools/compiler/ti-cgt-arm_20.2.7.LTS/include" --define=ccs="ccs" --define=PART_TM4C123GH6PM -g --gcc --diag_warning=225 --diag_wrap=off --display_error_number --abi=eabi --preproc_with_compile --preproc_dependency="main.d_raw"  "../main.c"
Finished building: "../main.c"
 
Building file: "../part4.c"
Invoking: Arm Compiler
"C:/ti/ccs1271/ccs/tools/compiler/ti-cgt-arm_20.2.7.LTS/bin/armcl" -mv7M4 --code_state=16 --float_support=FPv4SPD16 -me --include_path="U:/CprE288/lab_4" --include_path="C:/ti/TivaWare_C_Series-2.2.0.295" --include_path="C:/ti/ccs1271/ccs/tools/compiler/ti-cgt-arm_20.2.7.LTS/include" --define=ccs="ccs" --define=PART_TM4C123GH6PM -g --gcc --diag_warning=225 --diag_wrap=off --display_error_number --abi=eabi --preproc_with_compile --preproc_dependency="part4.d_raw"  "../part4.c"
"../part4.c", line 63: warning #179-D: variable "j" was declared but never referenced
Finished building: "../part4.c"
 
Building file: "../part2.c"
Invoking: Arm Compiler
"C:/ti/ccs1271/ccs/tools/compiler/ti-cgt-arm_20.2.7.LTS/bin/armcl" -mv7M4 --code_state=16 --float_support=FPv4SPD16 -me --include_path="U:/CprE288/lab_4" --include_path="C:/ti/TivaWare_C_Series-2.2.0.295" --include_path="C:/ti/ccs1271/ccs/tools/compiler/ti-cgt-arm_20.2.7.LTS/include" --define=ccs="ccs" --define=PART_TM4C123GH6PM -g --gcc --diag_warning=225 --diag_wrap=off --display_error_number --abi=eabi --preproc_with_compile --preproc_dependency="part2.d_raw"  "../part2.c"
"../part2.c", line 60: warning #179-D: variable "j" was declared but never referenced
Finished building: "../part2.c"
 
Building target: "lab_4.out"
Invoking: Arm Linker
"C:/ti/ccs1271/ccs/tools/compiler/ti-cgt-arm_20.2.7.LTS/bin/armcl" -mv7M4 --code_state=16 --float_support=FPv4SPD16 -me --define=ccs="ccs" --define=PART_TM4C123GH6PM -g --gcc --diag_warning=225 --diag_wrap=off --display_error_number --abi=eabi -z -m"lab_4.map" --heap_size=1028 --stack_size=2048 -i"C:/ti/ccs1271/ccs/tools/compiler/ti-cgt-arm_20.2.7.LTS/lib" -i"C:/ti/ccs1271/ccs/tools/compiler/ti-cgt-arm_20.2.7.LTS/include" --reread_libs --diag_wrap=off --display_error_number --warn_sections --xml_link_info="lab_4_linkInfo.xml" --rom_model -o "lab_4.out" "./Timer.obj" "./lcd.obj" "./main.obj" "./part1b.obj" "./part2.obj" "./part3.obj" "./part4.obj" "./tm4c123gh6pm_startup_ccs.obj" "../libcybotScan.lib" "../libcybotUART.lib" "../tm4c123gh6pm.cmd"  -llibc.a -l"C:/ti/TivaWare_C_Series-2.2.0.295/driverlib/ccs/Debug/driverlib.lib"  
<Linking>
error #10056: symbol "cyBot_sendString" redefined: first defined in "./part2.obj"; redefined in "./part4.obj"
error #10056: symbol "do_scan" redefined: first defined in "./part2.obj"; redefined in "./part4.obj"
error #10056: symbol "send_scan" redefined: first defined in "./part2.obj"; redefined in "./part4.obj"
error #10010: errors encountered during linking; "lab_4.out" not built
 
gmake[1]: *** [lab_4.out] Error 1
>> Compilation failure
makefile:145: recipe for target 'lab_4.out' failed
gmake: *** [all] Error 2
makefile:141: recipe for target 'all' failed

**** Build Finished ****

**** Build of configuration Debug for project lab_4 ****

"C:\\ti\\ccs1271\\ccs\\utils\\bin\\gmake" -k -j 20 all -O 
 
Building file: "../part4.c"
Invoking: Arm Compiler
"C:/ti/ccs1271/ccs/tools/compiler/ti-cgt-arm_20.2.7.LTS/bin/armcl" -mv7M4 --code_state=16 --float_support=FPv4SPD16 -me --include_path="U:/CprE288/lab_4" --include_path="C:/ti/TivaWare_C_Series-2.2.0.295" --include_path="C:/ti/ccs1271/ccs/tools/compiler/ti-cgt-arm_20.2.7.LTS/include" --define=ccs="ccs" --define=PART_TM4C123GH6PM -g --gcc --diag_warning=225 --diag_wrap=off --display_error_number --abi=eabi --preproc_with_compile --preproc_dependency="part4.d_raw"  "../part4.c"
Finished building: "../part4.c"
 
Building file: "../main.c"
Invoking: Arm Compiler
"C:/ti/ccs1271/ccs/tools/compiler/ti-cgt-arm_20.2.7.LTS/bin/armcl" -mv7M4 --code_state=16 --float_support=FPv4SPD16 -me --include_path="U:/CprE288/lab_4" --include_path="C:/ti/TivaWare_C_Series-2.2.0.295" --include_path="C:/ti/ccs1271/ccs/tools/compiler/ti-cgt-arm_20.2.7.LTS/include" --define=ccs="ccs" --define=PART_TM4C123GH6PM -g --gcc --diag_warning=225 --diag_wrap=off --display_error_number --abi=eabi --preproc_with_compile --preproc_dependency="main.d_raw"  "../main.c"
Finished building: "../main.c"
 
Building file: "../part2.c"
Invoking: Arm Compiler
"C:/ti/ccs1271/ccs/tools/compiler/ti-cgt-arm_20.2.7.LTS/bin/armcl" -mv7M4 --code_state=16 --float_support=FPv4SPD16 -me --include_path="U:/CprE288/lab_4" --include_path="C:/ti/TivaWare_C_Series-2.2.0.295" --include_path="C:/ti/ccs1271/ccs/tools/compiler/ti-cgt-arm_20.2.7.LTS/include" --define=ccs="ccs" --define=PART_TM4C123GH6PM -g --gcc --diag_warning=225 --diag_wrap=off --display_error_number --abi=eabi --preproc_with_compile --preproc_dependency="part2.d_raw"  "../part2.c"
"../part2.c", line 55: warning #179-D: variable "j" was declared but never referenced
Finished building: "../part2.c"
 
Building target: "lab_4.out"
Invoking: Arm Linker
"C:/ti/ccs1271/ccs/tools/compiler/ti-cgt-arm_20.2.7.LTS/bin/armcl" -mv7M4 --code_state=16 --float_support=FPv4SPD16 -me --define=ccs="ccs" --define=PART_TM4C123GH6PM -g --gcc --diag_warning=225 --diag_wrap=off --display_error_number --abi=eabi -z -m"lab_4.map" --heap_size=1028 --stack_size=2048 -i"C:/ti/ccs1271/ccs/tools/compiler/ti-cgt-arm_20.2.7.LTS/lib" -i"C:/ti/ccs1271/ccs/tools/compiler/ti-cgt-arm_20.2.7.LTS/include" --reread_libs --diag_wrap=off --display_error_number --warn_sections --xml_link_info="lab_4_linkInfo.xml" --rom_model -o "lab_4.out" "./Timer.obj" "./lcd.obj" "./main.obj" "./part1b.obj" "./part2.obj" "./part3.obj" "./part4.obj" "./tm4c123gh6pm_startup_ccs.obj" "../libcybotScan.lib" "../libcybotUART.lib" "../tm4c123gh6pm.cmd"  -llibc.a -l"C:/ti/TivaWare_C_Series-2.2.0.295/driverlib/ccs/Debug/driverlib.lib"  
<Linking>
Finished building target: "lab_4.out"
 

**** Build Finished ****

**** Build of configuration Debug for project lab_4 ****

"C:\\ti\\ccs1271\\ccs\\utils\\bin\\gmake" -k -j 20 all -O 
 
Building file: "../part3.c"
Invoking: Arm Compiler
"C:/ti/ccs1271/ccs/tools/compiler/ti-cgt-arm_20.2.7.LTS/bin/armcl" -mv7M4 --code_state=16 --float_support=FPv4SPD16 -me --include_path="U:/CprE288/lab_4" --include_path="C:/ti/TivaWare_C_Series-2.2.0.295" --include_path="C:/ti/ccs1271/ccs/tools/compiler/ti-cgt-arm_20.2.7.LTS/include" --define=ccs="ccs" --define=PART_TM4C123GH6PM -g --gcc --diag_warning=225 --diag_wrap=off --display_error_number --abi=eabi --preproc_with_compile --preproc_dependency="part3.d_raw"  "../part3.c"
Finished building: "../part3.c"
 
Building target: "lab_4.out"
Invoking: Arm Linker
"C:/ti/ccs1271/ccs/tools/compiler/ti-cgt-arm_20.2.7.LTS/bin/armcl" -mv7M4 --code_state=16 --float_support=FPv4SPD16 -me --define=ccs="ccs" --define=PART_TM4C123GH6PM -g --gcc --diag_warning=225 --diag_wrap=off --display_error_number --abi=eabi -z -m"lab_4.map" --heap_size=1028 --stack_size=2048 -i"C:/ti/ccs1271/ccs/tools/compiler/ti-cgt-arm_20.2.7.LTS/lib" -i"C:/ti/ccs1271/ccs/tools/compiler/ti-cgt-arm_20.2.7.LTS/include" --reread_libs --diag_wrap=off --display_error_number --warn_sections --xml_link_info="lab_4_linkInfo.xml" --rom_model -o "lab_4.out" "./Timer.obj" "./lcd.obj" "./main.obj" "./part1b.obj" "./part2.obj" "./part3.obj" "./part4.obj" "./tm4c123gh6pm_startup_ccs.obj" "../libcybotScan.lib" "../libcybotUART.lib" "../tm4c123gh6pm.cmd"  -llibc.a -l"C:/ti/TivaWare_C_Series-2.2.0.295/driverlib/ccs/Debug/driverlib.lib"  
<Linking>
Finished building target: "lab_4.out"
 

**** Build Finished ****

**** Build of configuration Debug for project lab_4 ****

"C:\\ti\\ccs1271\\ccs\\utils\\bin\\gmake" -k -j 20 all -O 
 
Building file: "../main.c"
Invoking: Arm Compiler
"C:/ti/ccs1271/ccs/tools/compiler/ti-cgt-arm_20.2.7.LTS/bin/armcl" -mv7M4 --code_state=16 --float_support=FPv4SPD16 -me --include_path="U:/CprE288/lab_4" --include_path="C:/ti/TivaWare_C_Series-2.2.0.295" --include_path="C:/ti/ccs1271/ccs/tools/compiler/ti-cgt-arm_20.2.7.LTS/include" --define=ccs="ccs" --define=PART_TM4C123GH6PM -g --gcc --diag_warning=225 --diag_wrap=off --display_error_number --abi=eabi --preproc_with_compile --preproc_dependency="main.d_raw"  "../main.c"
"../main.c", line 9: warning #225-D: function "part_3" declared implicitly
Finished building: "../main.c"
 
Building target: "lab_4.out"
Invoking: Arm Linker
"C:/ti/ccs1271/ccs/tools/compiler/ti-cgt-arm_20.2.7.LTS/bin/armcl" -mv7M4 --code_state=16 --float_support=FPv4SPD16 -me --define=ccs="ccs" --define=PART_TM4C123GH6PM -g --gcc --diag_warning=225 --diag_wrap=off --display_error_number --abi=eabi -z -m"lab_4.map" --heap_size=1028 --stack_size=2048 -i"C:/ti/ccs1271/ccs/tools/compiler/ti-cgt-arm_20.2.7.LTS/lib" -i"C:/ti/ccs1271/ccs/tools/compiler/ti-cgt-arm_20.2.7.LTS/include" --reread_libs --diag_wrap=off --display_error_number --warn_sections --xml_link_info="lab_4_linkInfo.xml" --rom_model -o "lab_4.out" "./Timer.obj" "./lcd.obj" "./main.obj" "./part1b.obj" "./part2.obj" "./part3.obj" "./part4.obj" "./tm4c123gh6pm_startup_ccs.obj" "../libcybotScan.lib" "../libcybotUART.lib" "../tm4c123gh6pm.cmd"  -llibc.a -l"C:/ti/TivaWare_C_Series-2.2.0.295/driverlib/ccs/Debug/driverlib.lib"  
<Linking>
Finished building target: "lab_4.out"
 

**** Build Finished ****

**** Build of configuration Debug for project lab_4 ****

"C:\\ti\\ccs1271\\ccs\\utils\\bin\\gmake" -k -j 20 all -O 
 
Building file: "../main.c"
Invoking: Arm Compiler
"C:/ti/ccs1271/ccs/tools/compiler/ti-cgt-arm_20.2.7.LTS/bin/armcl" -mv7M4 --code_state=16 --float_support=FPv4SPD16 -me --include_path="U:/CprE288/lab_4" --include_path="C:/ti/TivaWare_C_Series-2.2.0.295" --include_path="C:/ti/ccs1271/ccs/tools/compiler/ti-cgt-arm_20.2.7.LTS/include" --define=ccs="ccs" --define=PART_TM4C123GH6PM -g --gcc --diag_warning=225 --diag_wrap=off --display_error_number --abi=eabi --preproc_with_compile --preproc_dependency="main.d_raw"  "../main.c"
Finished building: "../main.c"
 
Building file: "../part3.c"
Invoking: Arm Compiler
"C:/ti/ccs1271/ccs/tools/compiler/ti-cgt-arm_20.2.7.LTS/bin/armcl" -mv7M4 --code_state=16 --float_support=FPv4SPD16 -me --include_path="U:/CprE288/lab_4" --include_path="C:/ti/TivaWare_C_Series-2.2.0.295" --include_path="C:/ti/ccs1271/ccs/tools/compiler/ti-cgt-arm_20.2.7.LTS/include" --define=ccs="ccs" --define=PART_TM4C123GH6PM -g --gcc --diag_warning=225 --diag_wrap=off --display_error_number --abi=eabi --preproc_with_compile --preproc_dependency="part3.d_raw"  "../part3.c"
Finished building: "../part3.c"
 
Building target: "lab_4.out"
Invoking: Arm Linker
"C:/ti/ccs1271/ccs/tools/compiler/ti-cgt-arm_20.2.7.LTS/bin/armcl" -mv7M4 --code_state=16 --float_support=FPv4SPD16 -me --define=ccs="ccs" --define=PART_TM4C123GH6PM -g --gcc --diag_warning=225 --diag_wrap=off --display_error_number --abi=eabi -z -m"lab_4.map" --heap_size=1028 --stack_size=2048 -i"C:/ti/ccs1271/ccs/tools/compiler/ti-cgt-arm_20.2.7.LTS/lib" -i"C:/ti/ccs1271/ccs/tools/compiler/ti-cgt-arm_20.2.7.LTS/include" --reread_libs --diag_wrap=off --display_error_number --warn_sections --xml_link_info="lab_4_linkInfo.xml" --rom_model -o "lab_4.out" "./Timer.obj" "./lcd.obj" "./main.obj" "./part1b.obj" "./part2.obj" "./part3.obj" "./part4.obj" "./tm4c123gh6pm_startup_ccs.obj" "../libcybotScan.lib" "../libcybotUART.lib" "../tm4c123gh6pm.cmd"  -llibc.a -l"C:/ti/TivaWare_C_Series-2.2.0.295/driverlib/ccs/Debug/driverlib.lib"  
<Linking>
Finished building target: "lab_4.out"
 

**** Build Finished ****

**** Build of configuration Debug for project lab_4 ****

"C:\\ti\\ccs1271\\ccs\\utils\\bin\\gmake" -k -j 20 all -O 
 
Building file: "../part3.c"
Invoking: Arm Compiler
"C:/ti/ccs1271/ccs/tools/compiler/ti-cgt-arm_20.2.7.LTS/bin/armcl" -mv7M4 --code_state=16 --float_support=FPv4SPD16 -me --include_path="U:/CprE288/lab_4" --include_path="C:/ti/TivaWare_C_Series-2.2.0.295" --include_path="C:/ti/ccs1271/ccs/tools/compiler/ti-cgt-arm_20.2.7.LTS/include" --define=ccs="ccs" --define=PART_TM4C123GH6PM -g --gcc --diag_warning=225 --diag_wrap=off --display_error_number --abi=eabi --preproc_with_compile --preproc_dependency="part3.d_raw"  "../part3.c"
"../part3.c", line 24: warning #112-D: statement is unreachable
Finished building: "../part3.c"
 
Building target: "lab_4.out"
Invoking: Arm Linker
"C:/ti/ccs1271/ccs/tools/compiler/ti-cgt-arm_20.2.7.LTS/bin/armcl" -mv7M4 --code_state=16 --float_support=FPv4SPD16 -me --define=ccs="ccs" --define=PART_TM4C123GH6PM -g --gcc --diag_warning=225 --diag_wrap=off --display_error_number --abi=eabi -z -m"lab_4.map" --heap_size=1028 --stack_size=2048 -i"C:/ti/ccs1271/ccs/tools/compiler/ti-cgt-arm_20.2.7.LTS/lib" -i"C:/ti/ccs1271/ccs/tools/compiler/ti-cgt-arm_20.2.7.LTS/include" --reread_libs --diag_wrap=off --display_error_number --warn_sections --xml_link_info="lab_4_linkInfo.xml" --rom_model -o "lab_4.out" "./Timer.obj" "./lcd.obj" "./main.obj" "./part1b.obj" "./part2.obj" "./part3.obj" "./part4.obj" "./tm4c123gh6pm_startup_ccs.obj" "../libcybotScan.lib" "../libcybotUART.lib" "../tm4c123gh6pm.cmd"  -llibc.a -l"C:/ti/TivaWare_C_Series-2.2.0.295/driverlib/ccs/Debug/driverlib.lib"  
<Linking>
Finished building target: "lab_4.out"
 

**** Build Finished ****

**** Build of configuration Debug for project lab_4 ****

"C:\\ti\\ccs1271\\ccs\\utils\\bin\\gmake" -k -j 20 all -O 
 
Building file: "../main.c"
Invoking: Arm Compiler
"C:/ti/ccs1271/ccs/tools/compiler/ti-cgt-arm_20.2.7.LTS/bin/armcl" -mv7M4 --code_state=16 --float_support=FPv4SPD16 -me --include_path="U:/CprE288/lab_4" --include_path="C:/ti/TivaWare_C_Series-2.2.0.295" --include_path="C:/ti/ccs1271/ccs/tools/compiler/ti-cgt-arm_20.2.7.LTS/include" --define=ccs="ccs" --define=PART_TM4C123GH6PM -g --gcc --diag_warning=225 --diag_wrap=off --display_error_number --abi=eabi --preproc_with_compile --preproc_dependency="main.d_raw"  "../main.c"
Finished building: "../main.c"
 
Building file: "../part3.c"
Invoking: Arm Compiler
"C:/ti/ccs1271/ccs/tools/compiler/ti-cgt-arm_20.2.7.LTS/bin/armcl" -mv7M4 --code_state=16 --float_support=FPv4SPD16 -me --include_path="U:/CprE288/lab_4" --include_path="C:/ti/TivaWare_C_Series-2.2.0.295" --include_path="C:/ti/ccs1271/ccs/tools/compiler/ti-cgt-arm_20.2.7.LTS/include" --define=ccs="ccs" --define=PART_TM4C123GH6PM -g --gcc --diag_warning=225 --diag_wrap=off --display_error_number --abi=eabi --preproc_with_compile --preproc_dependency="part3.d_raw"  "../part3.c"
Finished building: "../part3.c"
 
Building file: "../part4.c"
Invoking: Arm Compiler
"C:/ti/ccs1271/ccs/tools/compiler/ti-cgt-arm_20.2.7.LTS/bin/armcl" -mv7M4 --code_state=16 --float_support=FPv4SPD16 -me --include_path="U:/CprE288/lab_4" --include_path="C:/ti/TivaWare_C_Series-2.2.0.295" --include_path="C:/ti/ccs1271/ccs/tools/compiler/ti-cgt-arm_20.2.7.LTS/include" --define=ccs="ccs" --define=PART_TM4C123GH6PM -g --gcc --diag_warning=225 --diag_wrap=off --display_error_number --abi=eabi --preproc_with_compile --preproc_dependency="part4.d_raw"  "../part4.c"
Finished building: "../part4.c"
 
Building target: "lab_4.out"
Invoking: Arm Linker
"C:/ti/ccs1271/ccs/tools/compiler/ti-cgt-arm_20.2.7.LTS/bin/armcl" -mv7M4 --code_state=16 --float_support=FPv4SPD16 -me --define=ccs="ccs" --define=PART_TM4C123GH6PM -g --gcc --diag_warning=225 --diag_wrap=off --display_error_number --abi=eabi -z -m"lab_4.map" --heap_size=1028 --stack_size=2048 -i"C:/ti/ccs1271/ccs/tools/compiler/ti-cgt-arm_20.2.7.LTS/lib" -i"C:/ti/ccs1271/ccs/tools/compiler/ti-cgt-arm_20.2.7.LTS/include" --reread_libs --diag_wrap=off --display_error_number --warn_sections --xml_link_info="lab_4_linkInfo.xml" --rom_model -o "lab_4.out" "./Timer.obj" "./lcd.obj" "./main.obj" "./part1b.obj" "./part2.obj" "./part3.obj" "./part4.obj" "./tm4c123gh6pm_startup_ccs.obj" "../libcybotScan.lib" "../libcybotUART.lib" "../tm4c123gh6pm.cmd"  -llibc.a -l"C:/ti/TivaWare_C_Series-2.2.0.295/driverlib/ccs/Debug/driverlib.lib"  
<Linking>
Finished building target: "lab_4.out"
 

**** Build Finished ****

**** Build of configuration Debug for project lab_4 ****

"C:\\ti\\ccs1271\\ccs\\utils\\bin\\gmake" -k -j 20 all -O 
 
Building file: "../part5.c"
Invoking: Arm Compiler
"C:/ti/ccs1271/ccs/tools/compiler/ti-cgt-arm_20.2.7.LTS/bin/armcl" -mv7M4 --code_state=16 --float_support=FPv4SPD16 -me --include_path="U:/CprE288/lab_4" --include_path="C:/ti/TivaWare_C_Series-2.2.0.295" --include_path="C:/ti/ccs1271/ccs/tools/compiler/ti-cgt-arm_20.2.7.LTS/include" --define=ccs="ccs" --define=PART_TM4C123GH6PM -g --gcc --diag_warning=225 --diag_wrap=off --display_error_number --abi=eabi --preproc_with_compile --preproc_dependency="part5.d_raw"  "../part5.c"
 
>> Compilation failure
subdir_rules.mk:9: recipe for target 'part5.obj' failed
"..\handle_data.h", line 22: warning #1-D: last line of file ends without a newline
"..\part5.h", line 20: warning #1-D: last line of file ends without a newline
"../part5.c", line 95: error #148: declaration is incompatible with "void do_scan(float *)" (declared at line 16 of "..\part5.h")
"../part5.c", line 112: error #148: declaration is incompatible with "void send_scan(float *)" (declared at line 17 of "..\part5.h")
"../part5.c", line 114: warning #179-D: variable "j" was declared but never referenced
"../part5.c", line 139: warning #1-D: last line of file ends without a newline
2 errors detected in the compilation of "../part5.c".
gmake: *** [part5.obj] Error 1
Building file: "../part1b.c"
Invoking: Arm Compiler
"C:/ti/ccs1271/ccs/tools/compiler/ti-cgt-arm_20.2.7.LTS/bin/armcl" -mv7M4 --code_state=16 --float_support=FPv4SPD16 -me --include_path="U:/CprE288/lab_4" --include_path="C:/ti/TivaWare_C_Series-2.2.0.295" --include_path="C:/ti/ccs1271/ccs/tools/compiler/ti-cgt-arm_20.2.7.LTS/include" --define=ccs="ccs" --define=PART_TM4C123GH6PM -g --gcc --diag_warning=225 --diag_wrap=off --display_error_number --abi=eabi --preproc_with_compile --preproc_dependency="part1b.d_raw"  "../part1b.c"
Finished building: "../part1b.c"
 
Building file: "../handle_data.c"
Invoking: Arm Compiler
"C:/ti/ccs1271/ccs/tools/compiler/ti-cgt-arm_20.2.7.LTS/bin/armcl" -mv7M4 --code_state=16 --float_support=FPv4SPD16 -me --include_path="U:/CprE288/lab_4" --include_path="C:/ti/TivaWare_C_Series-2.2.0.295" --include_path="C:/ti/ccs1271/ccs/tools/compiler/ti-cgt-arm_20.2.7.LTS/include" --define=ccs="ccs" --define=PART_TM4C123GH6PM -g --gcc --diag_warning=225 --diag_wrap=off --display_error_number --abi=eabi --preproc_with_compile --preproc_dependency="handle_data.d_raw"  "../handle_data.c"
"..\handle_data.h", line 22: warning #1-D: last line of file ends without a newline
"../handle_data.c", line 14: warning #552-D: variable "deg" was set but never used
"../handle_data.c", line 15: warning #552-D: variable "pre" was set but never used
"../handle_data.c", line 15: warning #552-D: variable "nxt" was set but never used
"../handle_data.c", line 16: warning #179-D: variable "pre_dt" was declared but never referenced
"../handle_data.c", line 16: warning #179-D: variable "nxt_dt" was declared but never referenced
"../handle_data.c", line 82: warning #179-D: variable "deg_str" was declared but never referenced
"../handle_data.c", line 82: warning #179-D: variable "line_str" was declared but never referenced
Finished building: "../handle_data.c"
 
Building file: "../main.c"
Invoking: Arm Compiler
"C:/ti/ccs1271/ccs/tools/compiler/ti-cgt-arm_20.2.7.LTS/bin/armcl" -mv7M4 --code_state=16 --float_support=FPv4SPD16 -me --include_path="U:/CprE288/lab_4" --include_path="C:/ti/TivaWare_C_Series-2.2.0.295" --include_path="C:/ti/ccs1271/ccs/tools/compiler/ti-cgt-arm_20.2.7.LTS/include" --define=ccs="ccs" --define=PART_TM4C123GH6PM -g --gcc --diag_warning=225 --diag_wrap=off --display_error_number --abi=eabi --preproc_with_compile --preproc_dependency="main.d_raw"  "../main.c"
"..\handle_data.h", line 22: warning #1-D: last line of file ends without a newline
"..\part5.h", line 20: warning #1-D: last line of file ends without a newline
Finished building: "../main.c"
 
Building file: "../part4.c"
Invoking: Arm Compiler
"C:/ti/ccs1271/ccs/tools/compiler/ti-cgt-arm_20.2.7.LTS/bin/armcl" -mv7M4 --code_state=16 --float_support=FPv4SPD16 -me --include_path="U:/CprE288/lab_4" --include_path="C:/ti/TivaWare_C_Series-2.2.0.295" --include_path="C:/ti/ccs1271/ccs/tools/compiler/ti-cgt-arm_20.2.7.LTS/include" --define=ccs="ccs" --define=PART_TM4C123GH6PM -g --gcc --diag_warning=225 --diag_wrap=off --display_error_number --abi=eabi --preproc_with_compile --preproc_dependency="part4.d_raw"  "../part4.c"
Finished building: "../part4.c"
 
gmake: Target 'all' not remade because of errors.

**** Build Finished ****

**** Build of configuration Debug for project lab_4 ****

"C:\\ti\\ccs1271\\ccs\\utils\\bin\\gmake" -k -j 20 all -O 
 
Building file: "../part5.c"
Invoking: Arm Compiler
"C:/ti/ccs1271/ccs/tools/compiler/ti-cgt-arm_20.2.7.LTS/bin/armcl" -mv7M4 --code_state=16 --float_support=FPv4SPD16 -me --include_path="U:/CprE288/lab_4" --include_path="C:/ti/TivaWare_C_Series-2.2.0.295" --include_path="C:/ti/ccs1271/ccs/tools/compiler/ti-cgt-arm_20.2.7.LTS/include" --define=ccs="ccs" --define=PART_TM4C123GH6PM -g --gcc --diag_warning=225 --diag_wrap=off --display_error_number --abi=eabi --preproc_with_compile --preproc_dependency="part5.d_raw"  "../part5.c"
 
>> Compilation failure
subdir_rules.mk:9: recipe for target 'part5.obj' failed
"..\handle_data.h", line 22: warning #1-D: last line of file ends without a newline
"../part5.c", line 83: warning #225-D: function "cyBot_sendString" declared implicitly
"../part5.c", line 93: error #148: declaration is incompatible with "void do_scan_2(float *)" (declared at line 16 of "..\part5.h")
"../part5.c", line 110: error #148: declaration is incompatible with "void send_scan_2(float *)" (declared at line 17 of "..\part5.h")
"../part5.c", line 117: warning #225-D: function "cyBot_sendString" declared implicitly
"../part5.c", line 112: warning #179-D: variable "j" was declared but never referenced
2 errors detected in the compilation of "../part5.c".
gmake: *** [part5.obj] Error 1
Building file: "../main.c"
Invoking: Arm Compiler
"C:/ti/ccs1271/ccs/tools/compiler/ti-cgt-arm_20.2.7.LTS/bin/armcl" -mv7M4 --code_state=16 --float_support=FPv4SPD16 -me --include_path="U:/CprE288/lab_4" --include_path="C:/ti/TivaWare_C_Series-2.2.0.295" --include_path="C:/ti/ccs1271/ccs/tools/compiler/ti-cgt-arm_20.2.7.LTS/include" --define=ccs="ccs" --define=PART_TM4C123GH6PM -g --gcc --diag_warning=225 --diag_wrap=off --display_error_number --abi=eabi --preproc_with_compile --preproc_dependency="main.d_raw"  "../main.c"
"..\handle_data.h", line 22: warning #1-D: last line of file ends without a newline
Finished building: "../main.c"
 
gmake: Target 'all' not remade because of errors.

**** Build Finished ****

**** Build of configuration Debug for project lab_4 ****

"C:\\ti\\ccs1271\\ccs\\utils\\bin\\gmake" -k -j 20 all -O 
 
Building file: "../main.c"
Invoking: Arm Compiler
"C:/ti/ccs1271/ccs/tools/compiler/ti-cgt-arm_20.2.7.LTS/bin/armcl" -mv7M4 --code_state=16 --float_support=FPv4SPD16 -me --include_path="U:/CprE288/lab_4" --include_path="C:/ti/TivaWare_C_Series-2.2.0.295" --include_path="C:/ti/ccs1271/ccs/tools/compiler/ti-cgt-arm_20.2.7.LTS/include" --define=ccs="ccs" --define=PART_TM4C123GH6PM -g --gcc --diag_warning=225 --diag_wrap=off --display_error_number --abi=eabi --preproc_with_compile --preproc_dependency="main.d_raw"  "../main.c"
Finished building: "../main.c"
 
Building file: "../handle_data.c"
Invoking: Arm Compiler
"C:/ti/ccs1271/ccs/tools/compiler/ti-cgt-arm_20.2.7.LTS/bin/armcl" -mv7M4 --code_state=16 --float_support=FPv4SPD16 -me --include_path="U:/CprE288/lab_4" --include_path="C:/ti/TivaWare_C_Series-2.2.0.295" --include_path="C:/ti/ccs1271/ccs/tools/compiler/ti-cgt-arm_20.2.7.LTS/include" --define=ccs="ccs" --define=PART_TM4C123GH6PM -g --gcc --diag_warning=225 --diag_wrap=off --display_error_number --abi=eabi --preproc_with_compile --preproc_dependency="handle_data.d_raw"  "../handle_data.c"
"../handle_data.c", line 14: warning #552-D: variable "deg" was set but never used
"../handle_data.c", line 15: warning #552-D: variable "pre" was set but never used
"../handle_data.c", line 15: warning #552-D: variable "nxt" was set but never used
"../handle_data.c", line 16: warning #179-D: variable "pre_dt" was declared but never referenced
"../handle_data.c", line 16: warning #179-D: variable "nxt_dt" was declared but never referenced
"../handle_data.c", line 82: warning #179-D: variable "deg_str" was declared but never referenced
"../handle_data.c", line 82: warning #179-D: variable "line_str" was declared but never referenced
Finished building: "../handle_data.c"
 
Building file: "../part5.c"
Invoking: Arm Compiler
"C:/ti/ccs1271/ccs/tools/compiler/ti-cgt-arm_20.2.7.LTS/bin/armcl" -mv7M4 --code_state=16 --float_support=FPv4SPD16 -me --include_path="U:/CprE288/lab_4" --include_path="C:/ti/TivaWare_C_Series-2.2.0.295" --include_path="C:/ti/ccs1271/ccs/tools/compiler/ti-cgt-arm_20.2.7.LTS/include" --define=ccs="ccs" --define=PART_TM4C123GH6PM -g --gcc --diag_warning=225 --diag_wrap=off --display_error_number --abi=eabi --preproc_with_compile --preproc_dependency="part5.d_raw"  "../part5.c"
"../part5.c", line 83: warning #225-D: function "cyBot_sendString" declared implicitly
"../part5.c", line 117: warning #225-D: function "cyBot_sendString" declared implicitly
"../part5.c", line 112: warning #179-D: variable "j" was declared but never referenced
Finished building: "../part5.c"
 
Building target: "lab_4.out"
Invoking: Arm Linker
"C:/ti/ccs1271/ccs/tools/compiler/ti-cgt-arm_20.2.7.LTS/bin/armcl" -mv7M4 --code_state=16 --float_support=FPv4SPD16 -me --define=ccs="ccs" --define=PART_TM4C123GH6PM -g --gcc --diag_warning=225 --diag_wrap=off --display_error_number --abi=eabi -z -m"lab_4.map" --heap_size=1028 --stack_size=2048 -i"C:/ti/ccs1271/ccs/tools/compiler/ti-cgt-arm_20.2.7.LTS/lib" -i"C:/ti/ccs1271/ccs/tools/compiler/ti-cgt-arm_20.2.7.LTS/include" --reread_libs --diag_wrap=off --display_error_number --warn_sections --xml_link_info="lab_4_linkInfo.xml" --rom_model -o "lab_4.out" "./Timer.obj" "./handle_data.obj" "./lcd.obj" "./main.obj" "./part1b.obj" "./part2.obj" "./part3.obj" "./part4.obj" "./part5.obj" "./tm4c123gh6pm_startup_ccs.obj" "../libcybotScan.lib" "../libcybotUART.lib" "../tm4c123gh6pm.cmd"  -llibc.a -l"C:/ti/TivaWare_C_Series-2.2.0.295/driverlib/ccs/Debug/driverlib.lib"  
<Linking>
error #10056: symbol "sensor_data_array" redefined: first defined in "./handle_data.obj"; redefined in "./main.obj"
error #10056: symbol "sensor_data_array" redefined: first defined in "./handle_data.obj"; redefined in "./part1b.obj"
error #10056: symbol "sensor_data_array" redefined: first defined in "./handle_data.obj"; redefined in "./part5.obj"
error #10010: errors encountered during linking; "lab_4.out" not built
gmake[1]: *** [lab_4.out] Error 1
 
gmake: *** [all] Error 2
>> Compilation failure
makefile:147: recipe for target 'lab_4.out' failed
makefile:143: recipe for target 'all' failed

**** Build Finished ****

**** Build of configuration Debug for project lab_4 ****

"C:\\ti\\ccs1271\\ccs\\utils\\bin\\gmake" -k -j 20 all -O 
 
Building file: "../part5.c"
Invoking: Arm Compiler
"C:/ti/ccs1271/ccs/tools/compiler/ti-cgt-arm_20.2.7.LTS/bin/armcl" -mv7M4 --code_state=16 --float_support=FPv4SPD16 -me --include_path="U:/CprE288/lab_4" --include_path="C:/ti/TivaWare_C_Series-2.2.0.295" --include_path="C:/ti/ccs1271/ccs/tools/compiler/ti-cgt-arm_20.2.7.LTS/include" --define=ccs="ccs" --define=PART_TM4C123GH6PM -g --gcc --diag_warning=225 --diag_wrap=off --display_error_number --abi=eabi --preproc_with_compile --preproc_dependency="part5.d_raw"  "../part5.c"
"../part5.c", line 123: warning #225-D: function "cyBot_sendString" declared implicitly
Finished building: "../part5.c"
 
Building target: "lab_4.out"
Invoking: Arm Linker
"C:/ti/ccs1271/ccs/tools/compiler/ti-cgt-arm_20.2.7.LTS/bin/armcl" -mv7M4 --code_state=16 --float_support=FPv4SPD16 -me --define=ccs="ccs" --define=PART_TM4C123GH6PM -g --gcc --diag_warning=225 --diag_wrap=off --display_error_number --abi=eabi -z -m"lab_4.map" --heap_size=1028 --stack_size=2048 -i"C:/ti/ccs1271/ccs/tools/compiler/ti-cgt-arm_20.2.7.LTS/lib" -i"C:/ti/ccs1271/ccs/tools/compiler/ti-cgt-arm_20.2.7.LTS/include" --reread_libs --diag_wrap=off --display_error_number --warn_sections --xml_link_info="lab_4_linkInfo.xml" --rom_model -o "lab_4.out" "./Timer.obj" "./handle_data.obj" "./lcd.obj" "./main.obj" "./part1b.obj" "./part2.obj" "./part3.obj" "./part4.obj" "./part5.obj" "./tm4c123gh6pm_startup_ccs.obj" "../libcybotScan.lib" "../libcybotUART.lib" "../tm4c123gh6pm.cmd"  -llibc.a -l"C:/ti/TivaWare_C_Series-2.2.0.295/driverlib/ccs/Debug/driverlib.lib"  
<Linking>
error #10056: symbol "sensor_data_array" redefined: first defined in "./handle_data.obj"; redefined in "./main.obj"
error #10056: symbol "sensor_data_array" redefined: first defined in "./handle_data.obj"; redefined in "./part1b.obj"
error #10056: symbol "sensor_data_array" redefined: first defined in "./handle_data.obj"; redefined in "./part5.obj"
error #10010: errors encountered during linking; "lab_4.out" not built
 
gmake[1]: *** [lab_4.out] Error 1
>> Compilation failure
makefile:147: recipe for target 'lab_4.out' failed
gmake: *** [all] Error 2
makefile:143: recipe for target 'all' failed

**** Build Finished ****

**** Build of configuration Debug for project lab_4 ****

"C:\\ti\\ccs1271\\ccs\\utils\\bin\\gmake" -k -j 20 all -O 
 
Building file: "../main.c"
Invoking: Arm Compiler
"C:/ti/ccs1271/ccs/tools/compiler/ti-cgt-arm_20.2.7.LTS/bin/armcl" -mv7M4 --code_state=16 --float_support=FPv4SPD16 -me --include_path="U:/CprE288/lab_4" --include_path="C:/ti/TivaWare_C_Series-2.2.0.295" --include_path="C:/ti/ccs1271/ccs/tools/compiler/ti-cgt-arm_20.2.7.LTS/include" --define=ccs="ccs" --define=PART_TM4C123GH6PM -g --gcc --diag_warning=225 --diag_wrap=off --display_error_number --abi=eabi --preproc_with_compile --preproc_dependency="main.d_raw"  "../main.c"
Finished building: "../main.c"
 
Building file: "../part5.c"
Invoking: Arm Compiler
"C:/ti/ccs1271/ccs/tools/compiler/ti-cgt-arm_20.2.7.LTS/bin/armcl" -mv7M4 --code_state=16 --float_support=FPv4SPD16 -me --include_path="U:/CprE288/lab_4" --include_path="C:/ti/TivaWare_C_Series-2.2.0.295" --include_path="C:/ti/ccs1271/ccs/tools/compiler/ti-cgt-arm_20.2.7.LTS/include" --define=ccs="ccs" --define=PART_TM4C123GH6PM -g --gcc --diag_warning=225 --diag_wrap=off --display_error_number --abi=eabi --preproc_with_compile --preproc_dependency="part5.d_raw"  "../part5.c"
"../part5.c", line 26: warning #225-D: function "aprox_sizes_2" declared implicitly
"../part5.c", line 122: warning #225-D: function "cyBot_sendString" declared implicitly
Finished building: "../part5.c"
 
Building target: "lab_4.out"
Invoking: Arm Linker
"C:/ti/ccs1271/ccs/tools/compiler/ti-cgt-arm_20.2.7.LTS/bin/armcl" -mv7M4 --code_state=16 --float_support=FPv4SPD16 -me --define=ccs="ccs" --define=PART_TM4C123GH6PM -g --gcc --diag_warning=225 --diag_wrap=off --display_error_number --abi=eabi -z -m"lab_4.map" --heap_size=1028 --stack_size=2048 -i"C:/ti/ccs1271/ccs/tools/compiler/ti-cgt-arm_20.2.7.LTS/lib" -i"C:/ti/ccs1271/ccs/tools/compiler/ti-cgt-arm_20.2.7.LTS/include" --reread_libs --diag_wrap=off --display_error_number --warn_sections --xml_link_info="lab_4_linkInfo.xml" --rom_model -o "lab_4.out" "./Timer.obj" "./handle_data.obj" "./lcd.obj" "./main.obj" "./part1b.obj" "./part2.obj" "./part3.obj" "./part4.obj" "./part5.obj" "./tm4c123gh6pm_startup_ccs.obj" "../libcybotScan.lib" "../libcybotUART.lib" "../tm4c123gh6pm.cmd"  -llibc.a -l"C:/ti/TivaWare_C_Series-2.2.0.295/driverlib/ccs/Debug/driverlib.lib"  
<Linking>
error #10056: symbol "sensor_data_array" redefined: first defined in "./handle_data.obj"; redefined in "./main.obj"
error #10056: symbol "sensor_data_array" redefined: first defined in "./handle_data.obj"; redefined in "./part1b.obj"
error #10056: symbol "sensor_data_array" redefined: first defined in "./handle_data.obj"; redefined in "./part5.obj"
error #10056: symbol "aprox_sizes" redefined: first defined in "./handle_data.obj"; redefined in "./part5.obj"
 
 undefined     first referenced
  symbol           in file     
 ---------     ----------------
 
 aprox_sizes_2 ./part5.obj     
>> Compilation failure
makefile:147: recipe for target 'lab_4.out' failed
 
error #10234-D: unresolved symbols remain
error #10010: errors encountered during linking; "lab_4.out" not built
gmake[1]: *** [lab_4.out] Error 1
gmake: *** [all] Error 2
makefile:143: recipe for target 'all' failed

**** Build Finished ****

**** Build of configuration Debug for project lab_4 ****

"C:\\ti\\ccs1271\\ccs\\utils\\bin\\gmake" -k -j 20 all -O 
 
Building file: "../handle_data.c"
Invoking: Arm Compiler
"C:/ti/ccs1271/ccs/tools/compiler/ti-cgt-arm_20.2.7.LTS/bin/armcl" -mv7M4 --code_state=16 --float_support=FPv4SPD16 -me --include_path="U:/CprE288/lab_4" --include_path="C:/ti/TivaWare_C_Series-2.2.0.295" --include_path="C:/ti/ccs1271/ccs/tools/compiler/ti-cgt-arm_20.2.7.LTS/include" --define=ccs="ccs" --define=PART_TM4C123GH6PM -g --gcc --diag_warning=225 --diag_wrap=off --display_error_number --abi=eabi --preproc_with_compile --preproc_dependency="handle_data.d_raw"  "../handle_data.c"
"../handle_data.c", line 13: warning #552-D: variable "deg" was set but never used
"../handle_data.c", line 14: warning #552-D: variable "pre" was set but never used
"../handle_data.c", line 14: warning #552-D: variable "nxt" was set but never used
"../handle_data.c", line 15: warning #179-D: variable "pre_dt" was declared but never referenced
"../handle_data.c", line 15: warning #179-D: variable "nxt_dt" was declared but never referenced
"../handle_data.c", line 81: warning #179-D: variable "deg_str" was declared but never referenced
"../handle_data.c", line 81: warning #179-D: variable "line_str" was declared but never referenced
Finished building: "../handle_data.c"
 
Building target: "lab_4.out"
Invoking: Arm Linker
"C:/ti/ccs1271/ccs/tools/compiler/ti-cgt-arm_20.2.7.LTS/bin/armcl" -mv7M4 --code_state=16 --float_support=FPv4SPD16 -me --define=ccs="ccs" --define=PART_TM4C123GH6PM -g --gcc --diag_warning=225 --diag_wrap=off --display_error_number --abi=eabi -z -m"lab_4.map" --heap_size=1028 --stack_size=2048 -i"C:/ti/ccs1271/ccs/tools/compiler/ti-cgt-arm_20.2.7.LTS/lib" -i"C:/ti/ccs1271/ccs/tools/compiler/ti-cgt-arm_20.2.7.LTS/include" --reread_libs --diag_wrap=off --display_error_number --warn_sections --xml_link_info="lab_4_linkInfo.xml" --rom_model -o "lab_4.out" "./Timer.obj" "./handle_data.obj" "./lcd.obj" "./main.obj" "./part1b.obj" "./part2.obj" "./part3.obj" "./part4.obj" "./part5.obj" "./tm4c123gh6pm_startup_ccs.obj" "../libcybotScan.lib" "../libcybotUART.lib" "../tm4c123gh6pm.cmd"  -llibc.a -l"C:/ti/TivaWare_C_Series-2.2.0.295/driverlib/ccs/Debug/driverlib.lib"  
<Linking>
error #10056: symbol "sensor_data_array" redefined: first defined in "./main.obj"; redefined in "./part1b.obj"
error #10056: symbol "sensor_data_array" redefined: first defined in "./main.obj"; redefined in "./part5.obj"
error #10056: symbol "aprox_sizes" redefined: first defined in "./handle_data.obj"; redefined in "./part5.obj"
 
 undefined     first referenced
  symbol           in file     
 
 ---------     ----------------
>> Compilation failure
makefile:147: recipe for target 'lab_4.out' failed
 aprox_sizes_2 ./part5.obj     
 
error #10234-D: unresolved symbols remain
error #10010: errors encountered during linking; "lab_4.out" not built
gmake[1]: *** [lab_4.out] Error 1
gmake: *** [all] Error 2
makefile:143: recipe for target 'all' failed

**** Build Finished ****

**** Build of configuration Debug for project lab_4 ****

"C:\\ti\\ccs1271\\ccs\\utils\\bin\\gmake" -k -j 20 all -O 
 
Building file: "../main.c"
Invoking: Arm Compiler
"C:/ti/ccs1271/ccs/tools/compiler/ti-cgt-arm_20.2.7.LTS/bin/armcl" -mv7M4 --code_state=16 --float_support=FPv4SPD16 -me --include_path="U:/CprE288/lab_4" --include_path="C:/ti/TivaWare_C_Series-2.2.0.295" --include_path="C:/ti/ccs1271/ccs/tools/compiler/ti-cgt-arm_20.2.7.LTS/include" --define=ccs="ccs" --define=PART_TM4C123GH6PM -g --gcc --diag_warning=225 --diag_wrap=off --display_error_number --abi=eabi --preproc_with_compile --preproc_dependency="main.d_raw"  "../main.c"
Finished building: "../main.c"
 
Building file: "../handle_data.c"
Invoking: Arm Compiler
"C:/ti/ccs1271/ccs/tools/compiler/ti-cgt-arm_20.2.7.LTS/bin/armcl" -mv7M4 --code_state=16 --float_support=FPv4SPD16 -me --include_path="U:/CprE288/lab_4" --include_path="C:/ti/TivaWare_C_Series-2.2.0.295" --include_path="C:/ti/ccs1271/ccs/tools/compiler/ti-cgt-arm_20.2.7.LTS/include" --define=ccs="ccs" --define=PART_TM4C123GH6PM -g --gcc --diag_warning=225 --diag_wrap=off --display_error_number --abi=eabi --preproc_with_compile --preproc_dependency="handle_data.d_raw"  "../handle_data.c"
"../handle_data.c", line 9: warning #552-D: variable "deg" was set but never used
"../handle_data.c", line 10: warning #552-D: variable "pre" was set but never used
"../handle_data.c", line 10: warning #552-D: variable "nxt" was set but never used
"../handle_data.c", line 11: warning #179-D: variable "pre_dt" was declared but never referenced
"../handle_data.c", line 11: warning #179-D: variable "nxt_dt" was declared but never referenced
"../handle_data.c", line 77: warning #179-D: variable "deg_str" was declared but never referenced
"../handle_data.c", line 77: warning #179-D: variable "line_str" was declared but never referenced
Finished building: "../handle_data.c"
 
Building file: "../part5.c"
Invoking: Arm Compiler
"C:/ti/ccs1271/ccs/tools/compiler/ti-cgt-arm_20.2.7.LTS/bin/armcl" -mv7M4 --code_state=16 --float_support=FPv4SPD16 -me --include_path="U:/CprE288/lab_4" --include_path="C:/ti/TivaWare_C_Series-2.2.0.295" --include_path="C:/ti/ccs1271/ccs/tools/compiler/ti-cgt-arm_20.2.7.LTS/include" --define=ccs="ccs" --define=PART_TM4C123GH6PM -g --gcc --diag_warning=225 --diag_wrap=off --display_error_number --abi=eabi --preproc_with_compile --preproc_dependency="part5.d_raw"  "../part5.c"
"../part5.c", line 115: warning #225-D: function "cyBot_sendString" declared implicitly
Finished building: "../part5.c"
 
Building target: "lab_4.out"
Invoking: Arm Linker
"C:/ti/ccs1271/ccs/tools/compiler/ti-cgt-arm_20.2.7.LTS/bin/armcl" -mv7M4 --code_state=16 --float_support=FPv4SPD16 -me --define=ccs="ccs" --define=PART_TM4C123GH6PM -g --gcc --diag_warning=225 --diag_wrap=off --display_error_number --abi=eabi -z -m"lab_4.map" --heap_size=1028 --stack_size=2048 -i"C:/ti/ccs1271/ccs/tools/compiler/ti-cgt-arm_20.2.7.LTS/lib" -i"C:/ti/ccs1271/ccs/tools/compiler/ti-cgt-arm_20.2.7.LTS/include" --reread_libs --diag_wrap=off --display_error_number --warn_sections --xml_link_info="lab_4_linkInfo.xml" --rom_model -o "lab_4.out" "./Timer.obj" "./handle_data.obj" "./lcd.obj" "./main.obj" "./part1b.obj" "./part2.obj" "./part3.obj" "./part4.obj" "./part5.obj" "./tm4c123gh6pm_startup_ccs.obj" "../libcybotScan.lib" "../libcybotUART.lib" "../tm4c123gh6pm.cmd"  -llibc.a -l"C:/ti/TivaWare_C_Series-2.2.0.295/driverlib/ccs/Debug/driverlib.lib"  
<Linking>
Finished building target: "lab_4.out"
 

**** Build Finished ****

**** Build of configuration Debug for project lab_4 ****

"C:\\ti\\ccs1271\\ccs\\utils\\bin\\gmake" -k -j 20 all -O 
 
Building file: "../part5.c"
Invoking: Arm Compiler
"C:/ti/ccs1271/ccs/tools/compiler/ti-cgt-arm_20.2.7.LTS/bin/armcl" -mv7M4 --code_state=16 --float_support=FPv4SPD16 -me --include_path="U:/CprE288/lab_4" --include_path="C:/ti/TivaWare_C_Series-2.2.0.295" --include_path="C:/ti/ccs1271/ccs/tools/compiler/ti-cgt-arm_20.2.7.LTS/include" --define=ccs="ccs" --define=PART_TM4C123GH6PM -g --gcc --diag_warning=225 --diag_wrap=off --display_error_number --abi=eabi --preproc_with_compile --preproc_dependency="part5.d_raw"  "../part5.c"
 
>> Compilation failure
subdir_rules.mk:9: recipe for target 'part5.obj' failed
"../part5.c", line 18: error #20: identifier "c" is undefined
"../part5.c", line 134: warning #225-D: function "cyBot_sendString" declared implicitly
1 error detected in the compilation of "../part5.c".
gmake: *** [part5.obj] Error 1
gmake: Target 'all' not remade because of errors.

**** Build Finished ****

**** Build of configuration Debug for project lab_4 ****

"C:\\ti\\ccs1271\\ccs\\utils\\bin\\gmake" -k -j 20 all -O 
 
Building file: "../part5.c"
Invoking: Arm Compiler
"C:/ti/ccs1271/ccs/tools/compiler/ti-cgt-arm_20.2.7.LTS/bin/armcl" -mv7M4 --code_state=16 --float_support=FPv4SPD16 -me --include_path="U:/CprE288/lab_4" --include_path="C:/ti/TivaWare_C_Series-2.2.0.295" --include_path="C:/ti/ccs1271/ccs/tools/compiler/ti-cgt-arm_20.2.7.LTS/include" --define=ccs="ccs" --define=PART_TM4C123GH6PM -g --gcc --diag_warning=225 --diag_wrap=off --display_error_number --abi=eabi --preproc_with_compile --preproc_dependency="part5.d_raw"  "../part5.c"
"../part5.c", line 138: warning #225-D: function "cyBot_sendString" declared implicitly
Finished building: "../part5.c"
 
Building target: "lab_4.out"
Invoking: Arm Linker
"C:/ti/ccs1271/ccs/tools/compiler/ti-cgt-arm_20.2.7.LTS/bin/armcl" -mv7M4 --code_state=16 --float_support=FPv4SPD16 -me --define=ccs="ccs" --define=PART_TM4C123GH6PM -g --gcc --diag_warning=225 --diag_wrap=off --display_error_number --abi=eabi -z -m"lab_4.map" --heap_size=1028 --stack_size=2048 -i"C:/ti/ccs1271/ccs/tools/compiler/ti-cgt-arm_20.2.7.LTS/lib" -i"C:/ti/ccs1271/ccs/tools/compiler/ti-cgt-arm_20.2.7.LTS/include" --reread_libs --diag_wrap=off --display_error_number --warn_sections --xml_link_info="lab_4_linkInfo.xml" --rom_model -o "lab_4.out" "./Timer.obj" "./handle_data.obj" "./lcd.obj" "./main.obj" "./part1b.obj" "./part2.obj" "./part3.obj" "./part4.obj" "./part5.obj" "./tm4c123gh6pm_startup_ccs.obj" "../libcybotScan.lib" "../libcybotUART.lib" "../tm4c123gh6pm.cmd"  -llibc.a -l"C:/ti/TivaWare_C_Series-2.2.0.295/driverlib/ccs/Debug/driverlib.lib"  
<Linking>
Finished building target: "lab_4.out"
 

**** Build Finished ****

**** Build of configuration Debug for project lab_4 ****

"C:\\ti\\ccs1271\\ccs\\utils\\bin\\gmake" -k -j 20 all -O 
 
gmake[1]: 'lab_4.out' is up to date.

**** Build Finished ****

**** Build of configuration Debug for project lab_4 ****

"C:\\ti\\ccs1271\\ccs\\utils\\bin\\gmake" -k -j 20 all -O 
 
Building file: "../part5.c"
Invoking: Arm Compiler
"C:/ti/ccs1271/ccs/tools/compiler/ti-cgt-arm_20.2.7.LTS/bin/armcl" -mv7M4 --code_state=16 --float_support=FPv4SPD16 -me --include_path="U:/CprE288/lab_4" --include_path="C:/ti/TivaWare_C_Series-2.2.0.295" --include_path="C:/ti/ccs1271/ccs/tools/compiler/ti-cgt-arm_20.2.7.LTS/include" --define=ccs="ccs" --define=PART_TM4C123GH6PM -g --gcc --diag_warning=225 --diag_wrap=off --display_error_number --abi=eabi --preproc_with_compile --preproc_dependency="part5.d_raw"  "../part5.c"
Finished building: "../part5.c"
 
Building target: "lab_4.out"
Invoking: Arm Linker
"C:/ti/ccs1271/ccs/tools/compiler/ti-cgt-arm_20.2.7.LTS/bin/armcl" -mv7M4 --code_state=16 --float_support=FPv4SPD16 -me --define=ccs="ccs" --define=PART_TM4C123GH6PM -g --gcc --diag_warning=225 --diag_wrap=off --display_error_number --abi=eabi -z -m"lab_4.map" --heap_size=1028 --stack_size=2048 -i"C:/ti/ccs1271/ccs/tools/compiler/ti-cgt-arm_20.2.7.LTS/lib" -i"C:/ti/ccs1271/ccs/tools/compiler/ti-cgt-arm_20.2.7.LTS/include" --reread_libs --diag_wrap=off --display_error_number --warn_sections --xml_link_info="lab_4_linkInfo.xml" --rom_model -o "lab_4.out" "./Timer.obj" "./handle_data.obj" "./lcd.obj" "./main.obj" "./part1b.obj" "./part2.obj" "./part3.obj" "./part4.obj" "./part5.obj" "./tm4c123gh6pm_startup_ccs.obj" "../libcybotScan.lib" "../libcybotUART.lib" "../tm4c123gh6pm.cmd"  -llibc.a -l"C:/ti/TivaWare_C_Series-2.2.0.295/driverlib/ccs/Debug/driverlib.lib"  
<Linking>
Finished building target: "lab_4.out"
 

**** Build Finished ****

**** Build of configuration Debug for project lab_4 ****

"C:\\ti\\ccs1271\\ccs\\utils\\bin\\gmake" -k -j 20 all -O 
 
gmake[1]: 'lab_4.out' is up to date.

**** Build Finished ****

**** Build of configuration Debug for project lab_4 ****

"C:\\ti\\ccs1271\\ccs\\utils\\bin\\gmake" -k -j 20 all -O 
 
Building file: "../part5.c"
Invoking: Arm Compiler
"C:/ti/ccs1271/ccs/tools/compiler/ti-cgt-arm_20.2.7.LTS/bin/armcl" -mv7M4 --code_state=16 --float_support=FPv4SPD16 -me --include_path="U:/CprE288/lab_4" --include_path="C:/ti/TivaWare_C_Series-2.2.0.295" --include_path="C:/ti/ccs1271/ccs/tools/compiler/ti-cgt-arm_20.2.7.LTS/include" --define=ccs="ccs" --define=PART_TM4C123GH6PM -g --gcc --diag_warning=225 --diag_wrap=off --display_error_number --abi=eabi --preproc_with_compile --preproc_dependency="part5.d_raw"  "../part5.c"
"../part5.c", line 15: warning #179-D: variable "c" was declared but never referenced
Finished building: "../part5.c"
 
Building target: "lab_4.out"
Invoking: Arm Linker
"C:/ti/ccs1271/ccs/tools/compiler/ti-cgt-arm_20.2.7.LTS/bin/armcl" -mv7M4 --code_state=16 --float_support=FPv4SPD16 -me --define=ccs="ccs" --define=PART_TM4C123GH6PM -g --gcc --diag_warning=225 --diag_wrap=off --display_error_number --abi=eabi -z -m"lab_4.map" --heap_size=1028 --stack_size=2048 -i"C:/ti/ccs1271/ccs/tools/compiler/ti-cgt-arm_20.2.7.LTS/lib" -i"C:/ti/ccs1271/ccs/tools/compiler/ti-cgt-arm_20.2.7.LTS/include" --reread_libs --diag_wrap=off --display_error_number --warn_sections --xml_link_info="lab_4_linkInfo.xml" --rom_model -o "lab_4.out" "./Timer.obj" "./handle_data.obj" "./lcd.obj" "./main.obj" "./part1b.obj" "./part2.obj" "./part3.obj" "./part4.obj" "./part5.obj" "./tm4c123gh6pm_startup_ccs.obj" "../libcybotScan.lib" "../libcybotUART.lib" "../tm4c123gh6pm.cmd"  -llibc.a -l"C:/ti/TivaWare_C_Series-2.2.0.295/driverlib/ccs/Debug/driverlib.lib"  
<Linking>
error #10056: symbol "sensor_data_array" redefined: first defined in "./part1b.obj"; redefined in "./part5.obj"
error #10010: errors encountered during linking; "lab_4.out" not built
 
>> Compilation failure
gmake[1]: *** [lab_4.out] Error 1
makefile:147: recipe for target 'lab_4.out' failed
gmake: *** [all] Error 2
makefile:143: recipe for target 'all' failed

**** Build Finished ****

**** Build of configuration Debug for project lab_4 ****

"C:\\ti\\ccs1271\\ccs\\utils\\bin\\gmake" -k -j 20 all -O 
 
Building file: "../part5.c"
Invoking: Arm Compiler
"C:/ti/ccs1271/ccs/tools/compiler/ti-cgt-arm_20.2.7.LTS/bin/armcl" -mv7M4 --code_state=16 --float_support=FPv4SPD16 -me --include_path="U:/CprE288/lab_4" --include_path="C:/ti/TivaWare_C_Series-2.2.0.295" --include_path="C:/ti/ccs1271/ccs/tools/compiler/ti-cgt-arm_20.2.7.LTS/include" --define=ccs="ccs" --define=PART_TM4C123GH6PM -g --gcc --diag_warning=225 --diag_wrap=off --display_error_number --abi=eabi --preproc_with_compile --preproc_dependency="part5.d_raw"  "../part5.c"
 
>> Compilation failure
subdir_rules.mk:9: recipe for target 'part5.obj' failed
"../part5.c", line 23: error #20: identifier "sensor_data_array" is undefined
"../part5.c", line 15: warning #179-D: variable "c" was declared but never referenced
1 error detected in the compilation of "../part5.c".
gmake: *** [part5.obj] Error 1
gmake: Target 'all' not remade because of errors.

**** Build Finished ****

**** Build of configuration Debug for project lab_4 ****

"C:\\ti\\ccs1271\\ccs\\utils\\bin\\gmake" -k -j 20 all -O 
 
Building file: "../main.c"
Invoking: Arm Compiler
"C:/ti/ccs1271/ccs/tools/compiler/ti-cgt-arm_20.2.7.LTS/bin/armcl" -mv7M4 --code_state=16 --float_support=FPv4SPD16 -me --include_path="U:/CprE288/lab_4" --include_path="C:/ti/TivaWare_C_Series-2.2.0.295" --include_path="C:/ti/ccs1271/ccs/tools/compiler/ti-cgt-arm_20.2.7.LTS/include" --define=ccs="ccs" --define=PART_TM4C123GH6PM -g --gcc --diag_warning=225 --diag_wrap=off --display_error_number --abi=eabi --preproc_with_compile --preproc_dependency="main.d_raw"  "../main.c"
Finished building: "../main.c"
 
Building file: "../part5.c"
Invoking: Arm Compiler
"C:/ti/ccs1271/ccs/tools/compiler/ti-cgt-arm_20.2.7.LTS/bin/armcl" -mv7M4 --code_state=16 --float_support=FPv4SPD16 -me --include_path="U:/CprE288/lab_4" --include_path="C:/ti/TivaWare_C_Series-2.2.0.295" --include_path="C:/ti/ccs1271/ccs/tools/compiler/ti-cgt-arm_20.2.7.LTS/include" --define=ccs="ccs" --define=PART_TM4C123GH6PM -g --gcc --diag_warning=225 --diag_wrap=off --display_error_number --abi=eabi --preproc_with_compile --preproc_dependency="part5.d_raw"  "../part5.c"
"../part5.c", line 15: warning #179-D: variable "c" was declared but never referenced
Finished building: "../part5.c"
 
Building target: "lab_4.out"
Invoking: Arm Linker
"C:/ti/ccs1271/ccs/tools/compiler/ti-cgt-arm_20.2.7.LTS/bin/armcl" -mv7M4 --code_state=16 --float_support=FPv4SPD16 -me --define=ccs="ccs" --define=PART_TM4C123GH6PM -g --gcc --diag_warning=225 --diag_wrap=off --display_error_number --abi=eabi -z -m"lab_4.map" --heap_size=1028 --stack_size=2048 -i"C:/ti/ccs1271/ccs/tools/compiler/ti-cgt-arm_20.2.7.LTS/lib" -i"C:/ti/ccs1271/ccs/tools/compiler/ti-cgt-arm_20.2.7.LTS/include" --reread_libs --diag_wrap=off --display_error_number --warn_sections --xml_link_info="lab_4_linkInfo.xml" --rom_model -o "lab_4.out" "./Timer.obj" "./handle_data.obj" "./lcd.obj" "./main.obj" "./part1b.obj" "./part2.obj" "./part3.obj" "./part4.obj" "./part5.obj" "./tm4c123gh6pm_startup_ccs.obj" "../libcybotScan.lib" "../libcybotUART.lib" "../tm4c123gh6pm.cmd"  -llibc.a -l"C:/ti/TivaWare_C_Series-2.2.0.295/driverlib/ccs/Debug/driverlib.lib"  
<Linking>
error #10056: symbol "sensor_data_array" redefined: first defined in "./main.obj"; redefined in "./part1b.obj"
error #10056: symbol "sensor_data_array" redefined: first defined in "./main.obj"; redefined in "./part5.obj"
 
error #10010: errors encountered during linking; "lab_4.out" not built
>> Compilation failure
makefile:147: recipe for target 'lab_4.out' failed
gmake[1]: *** [lab_4.out] Error 1
gmake: *** [all] Error 2
makefile:143: recipe for target 'all' failed

**** Build Finished ****

**** Build of configuration Debug for project lab_4 ****

"C:\\ti\\ccs1271\\ccs\\utils\\bin\\gmake" -k -j 20 all -O 
 
Building file: "../part1b.c"
Invoking: Arm Compiler
"C:/ti/ccs1271/ccs/tools/compiler/ti-cgt-arm_20.2.7.LTS/bin/armcl" -mv7M4 --code_state=16 --float_support=FPv4SPD16 -me --include_path="U:/CprE288/lab_4" --include_path="C:/ti/TivaWare_C_Series-2.2.0.295" --include_path="C:/ti/ccs1271/ccs/tools/compiler/ti-cgt-arm_20.2.7.LTS/include" --define=ccs="ccs" --define=PART_TM4C123GH6PM -g --gcc --diag_warning=225 --diag_wrap=off --display_error_number --abi=eabi --preproc_with_compile --preproc_dependency="part1b.d_raw"  "../part1b.c"
Finished building: "../part1b.c"
 
Building file: "../main.c"
Invoking: Arm Compiler
"C:/ti/ccs1271/ccs/tools/compiler/ti-cgt-arm_20.2.7.LTS/bin/armcl" -mv7M4 --code_state=16 --float_support=FPv4SPD16 -me --include_path="U:/CprE288/lab_4" --include_path="C:/ti/TivaWare_C_Series-2.2.0.295" --include_path="C:/ti/ccs1271/ccs/tools/compiler/ti-cgt-arm_20.2.7.LTS/include" --define=ccs="ccs" --define=PART_TM4C123GH6PM -g --gcc --diag_warning=225 --diag_wrap=off --display_error_number --abi=eabi --preproc_with_compile --preproc_dependency="main.d_raw"  "../main.c"
Finished building: "../main.c"
 
Building file: "../part5.c"
Invoking: Arm Compiler
"C:/ti/ccs1271/ccs/tools/compiler/ti-cgt-arm_20.2.7.LTS/bin/armcl" -mv7M4 --code_state=16 --float_support=FPv4SPD16 -me --include_path="U:/CprE288/lab_4" --include_path="C:/ti/TivaWare_C_Series-2.2.0.295" --include_path="C:/ti/ccs1271/ccs/tools/compiler/ti-cgt-arm_20.2.7.LTS/include" --define=ccs="ccs" --define=PART_TM4C123GH6PM -g --gcc --diag_warning=225 --diag_wrap=off --display_error_number --abi=eabi --preproc_with_compile --preproc_dependency="part5.d_raw"  "../part5.c"
"../part5.c", line 15: warning #179-D: variable "c" was declared but never referenced
Finished building: "../part5.c"
 
Building target: "lab_4.out"
Invoking: Arm Linker
"C:/ti/ccs1271/ccs/tools/compiler/ti-cgt-arm_20.2.7.LTS/bin/armcl" -mv7M4 --code_state=16 --float_support=FPv4SPD16 -me --define=ccs="ccs" --define=PART_TM4C123GH6PM -g --gcc --diag_warning=225 --diag_wrap=off --display_error_number --abi=eabi -z -m"lab_4.map" --heap_size=1028 --stack_size=2048 -i"C:/ti/ccs1271/ccs/tools/compiler/ti-cgt-arm_20.2.7.LTS/lib" -i"C:/ti/ccs1271/ccs/tools/compiler/ti-cgt-arm_20.2.7.LTS/include" --reread_libs --diag_wrap=off --display_error_number --warn_sections --xml_link_info="lab_4_linkInfo.xml" --rom_model -o "lab_4.out" "./Timer.obj" "./handle_data.obj" "./lcd.obj" "./main.obj" "./part1b.obj" "./part2.obj" "./part3.obj" "./part4.obj" "./part5.obj" "./tm4c123gh6pm_startup_ccs.obj" "../libcybotScan.lib" "../libcybotUART.lib" "../tm4c123gh6pm.cmd"  -llibc.a -l"C:/ti/TivaWare_C_Series-2.2.0.295/driverlib/ccs/Debug/driverlib.lib"  
<Linking>
error #10056: symbol "sensor_data_array" redefined: first defined in "./main.obj"; redefined in "./part1b.obj"
error #10056: symbol "sensor_data_array" redefined: first defined in "./main.obj"; redefined in "./part5.obj"
 
error #10010: errors encountered during linking; "lab_4.out" not built
>> Compilation failure
makefile:147: recipe for target 'lab_4.out' failed
gmake[1]: *** [lab_4.out] Error 1
gmake: *** [all] Error 2
makefile:143: recipe for target 'all' failed

**** Build Finished ****

**** Build of configuration Debug for project lab_4 ****

"C:\\ti\\ccs1271\\ccs\\utils\\bin\\gmake" -k -j 20 all -O 
 
Building file: "../part1b.c"
Invoking: Arm Compiler
"C:/ti/ccs1271/ccs/tools/compiler/ti-cgt-arm_20.2.7.LTS/bin/armcl" -mv7M4 --code_state=16 --float_support=FPv4SPD16 -me --include_path="U:/CprE288/lab_4" --include_path="C:/ti/TivaWare_C_Series-2.2.0.295" --include_path="C:/ti/ccs1271/ccs/tools/compiler/ti-cgt-arm_20.2.7.LTS/include" --define=ccs="ccs" --define=PART_TM4C123GH6PM -g --gcc --diag_warning=225 --diag_wrap=off --display_error_number --abi=eabi --preproc_with_compile --preproc_dependency="part1b.d_raw"  "../part1b.c"
 
>> Compilation failure
subdir_rules.mk:9: recipe for target 'part1b.obj' failed
"../part1b.c", line 15: error #20: identifier "sensor_data_array" is undefined
1 error detected in the compilation of "../part1b.c".
gmake: *** [part1b.obj] Error 1
Building file: "../part5.c"
Invoking: Arm Compiler
"C:/ti/ccs1271/ccs/tools/compiler/ti-cgt-arm_20.2.7.LTS/bin/armcl" -mv7M4 --code_state=16 --float_support=FPv4SPD16 -me --include_path="U:/CprE288/lab_4" --include_path="C:/ti/TivaWare_C_Series-2.2.0.295" --include_path="C:/ti/ccs1271/ccs/tools/compiler/ti-cgt-arm_20.2.7.LTS/include" --define=ccs="ccs" --define=PART_TM4C123GH6PM -g --gcc --diag_warning=225 --diag_wrap=off --display_error_number --abi=eabi --preproc_with_compile --preproc_dependency="part5.d_raw"  "../part5.c"
 
>> Compilation failure
subdir_rules.mk:9: recipe for target 'part5.obj' failed
"../part5.c", line 23: error #20: identifier "sensor_data_array" is undefined
"../part5.c", line 15: warning #179-D: variable "c" was declared but never referenced
1 error detected in the compilation of "../part5.c".
gmake: *** [part5.obj] Error 1
Building file: "../main.c"
Invoking: Arm Compiler
"C:/ti/ccs1271/ccs/tools/compiler/ti-cgt-arm_20.2.7.LTS/bin/armcl" -mv7M4 --code_state=16 --float_support=FPv4SPD16 -me --include_path="U:/CprE288/lab_4" --include_path="C:/ti/TivaWare_C_Series-2.2.0.295" --include_path="C:/ti/ccs1271/ccs/tools/compiler/ti-cgt-arm_20.2.7.LTS/include" --define=ccs="ccs" --define=PART_TM4C123GH6PM -g --gcc --diag_warning=225 --diag_wrap=off --display_error_number --abi=eabi --preproc_with_compile --preproc_dependency="main.d_raw"  "../main.c"
Finished building: "../main.c"
 
gmake: Target 'all' not remade because of errors.

**** Build Finished ****

**** Build of configuration Debug for project lab_4 ****

"C:\\ti\\ccs1271\\ccs\\utils\\bin\\gmake" -k -j 20 all -O 
 
Building file: "../part1b.c"
Invoking: Arm Compiler
"C:/ti/ccs1271/ccs/tools/compiler/ti-cgt-arm_20.2.7.LTS/bin/armcl" -mv7M4 --code_state=16 --float_support=FPv4SPD16 -me --include_path="U:/CprE288/lab_4" --include_path="C:/ti/TivaWare_C_Series-2.2.0.295" --include_path="C:/ti/ccs1271/ccs/tools/compiler/ti-cgt-arm_20.2.7.LTS/include" --define=ccs="ccs" --define=PART_TM4C123GH6PM -g --gcc --diag_warning=225 --diag_wrap=off --display_error_number --abi=eabi --preproc_with_compile --preproc_dependency="part1b.d_raw"  "../part1b.c"
 
>> Compilation failure
subdir_rules.mk:9: recipe for target 'part1b.obj' failed
"../part1b.c", line 15: error #20: identifier "sensor_data_array" is undefined
1 error detected in the compilation of "../part1b.c".
gmake: *** [part1b.obj] Error 1
Building file: "../part5.c"
Invoking: Arm Compiler
"C:/ti/ccs1271/ccs/tools/compiler/ti-cgt-arm_20.2.7.LTS/bin/armcl" -mv7M4 --code_state=16 --float_support=FPv4SPD16 -me --include_path="U:/CprE288/lab_4" --include_path="C:/ti/TivaWare_C_Series-2.2.0.295" --include_path="C:/ti/ccs1271/ccs/tools/compiler/ti-cgt-arm_20.2.7.LTS/include" --define=ccs="ccs" --define=PART_TM4C123GH6PM -g --gcc --diag_warning=225 --diag_wrap=off --display_error_number --abi=eabi --preproc_with_compile --preproc_dependency="part5.d_raw"  "../part5.c"
 
>> Compilation failure
subdir_rules.mk:9: recipe for target 'part5.obj' failed
"../part5.c", line 23: error #20: identifier "sensor_data_array" is undefined
"../part5.c", line 15: warning #179-D: variable "c" was declared but never referenced
1 error detected in the compilation of "../part5.c".
gmake: *** [part5.obj] Error 1
Building file: "../main.c"
Invoking: Arm Compiler
"C:/ti/ccs1271/ccs/tools/compiler/ti-cgt-arm_20.2.7.LTS/bin/armcl" -mv7M4 --code_state=16 --float_support=FPv4SPD16 -me --include_path="U:/CprE288/lab_4" --include_path="C:/ti/TivaWare_C_Series-2.2.0.295" --include_path="C:/ti/ccs1271/ccs/tools/compiler/ti-cgt-arm_20.2.7.LTS/include" --define=ccs="ccs" --define=PART_TM4C123GH6PM -g --gcc --diag_warning=225 --diag_wrap=off --display_error_number --abi=eabi --preproc_with_compile --preproc_dependency="main.d_raw"  "../main.c"
Finished building: "../main.c"
 
gmake: Target 'all' not remade because of errors.

**** Build Finished ****

**** Build of configuration Debug for project lab_4 ****

"C:\\ti\\ccs1271\\ccs\\utils\\bin\\gmake" -k -j 20 all -O 
 
Building file: "../part1b.c"
Invoking: Arm Compiler
"C:/ti/ccs1271/ccs/tools/compiler/ti-cgt-arm_20.2.7.LTS/bin/armcl" -mv7M4 --code_state=16 --float_support=FPv4SPD16 -me --include_path="U:/CprE288/lab_4" --include_path="C:/ti/TivaWare_C_Series-2.2.0.295" --include_path="C:/ti/ccs1271/ccs/tools/compiler/ti-cgt-arm_20.2.7.LTS/include" --define=ccs="ccs" --define=PART_TM4C123GH6PM -g --gcc --diag_warning=225 --diag_wrap=off --display_error_number --abi=eabi --preproc_with_compile --preproc_dependency="part1b.d_raw"  "../part1b.c"
 
>> Compilation failure
subdir_rules.mk:9: recipe for target 'part1b.obj' failed
"../part1b.c", line 15: error #20: identifier "sensor_data_array" is undefined
1 error detected in the compilation of "../part1b.c".
gmake: *** [part1b.obj] Error 1
Building file: "../part5.c"
Invoking: Arm Compiler
"C:/ti/ccs1271/ccs/tools/compiler/ti-cgt-arm_20.2.7.LTS/bin/armcl" -mv7M4 --code_state=16 --float_support=FPv4SPD16 -me --include_path="U:/CprE288/lab_4" --include_path="C:/ti/TivaWare_C_Series-2.2.0.295" --include_path="C:/ti/ccs1271/ccs/tools/compiler/ti-cgt-arm_20.2.7.LTS/include" --define=ccs="ccs" --define=PART_TM4C123GH6PM -g --gcc --diag_warning=225 --diag_wrap=off --display_error_number --abi=eabi --preproc_with_compile --preproc_dependency="part5.d_raw"  "../part5.c"
 
>> Compilation failure
subdir_rules.mk:9: recipe for target 'part5.obj' failed
"..\part5.h", line 14: warning #233-D: declaration is not visible outside of function
"..\part5.h", line 15: warning #233-D: declaration is not visible outside of function
"..\part5.h", line 16: warning #233-D: declaration is not visible outside of function
"../part5.c", line 15: error #71: incomplete type is not allowed
"../part5.c", line 19: error #71: incomplete type is not allowed
"../part5.c", line 24: error #906: expression must be a pointer to a complete object type
"../part5.c", line 27: warning #225-D: function "clean_data" declared implicitly
"../part5.c", line 29: warning #169-D: argument of type "struct SensorData *" is incompatible with parameter of type "struct SensorData *"
"../part5.c", line 14: warning #179-D: variable "c" was declared but never referenced
"../part5.c", line 64: warning #233-D: declaration is not visible outside of function
"../part5.c", line 64: error #148: declaration is incompatible with "void aprox_sizes_2(struct SensorData *, int)" (declared at line 14 of "..\part5.h")
"../part5.c", line 69: error #71: incomplete type is not allowed
"../part5.c", line 77: error #906: expression must be a pointer to a complete object type
"../part5.c", line 77: error #906: expression must be a pointer to a complete object type
"../part5.c", line 80: error #906: expression must be a pointer to a complete object type
"../part5.c", line 80: error #906: expression must be a pointer to a complete object type
"../part5.c", line 81: error #906: expression must be a pointer to a complete object type
"../part5.c", line 81: error #906: expression must be a pointer to a complete object type
"../part5.c", line 83: error #906: expression must be a pointer to a complete object type
"../part5.c", line 83: error #906: expression must be a pointer to a complete object type
"../part5.c", line 91: error #906: expression must be a pointer to a complete object type
"../part5.c", line 91: error #906: expression must be a pointer to a complete object type
"../part5.c", line 92: error #906: expression must be a pointer to a complete object type
"../part5.c", line 92: error #906: expression must be a pointer to a complete object type
"../part5.c", line 93: error #906: expression must be a pointer to a complete object type
"../part5.c", line 93: error #906: expression must be a pointer to a complete object type
"../part5.c", line 100: error #71: incomplete type is not allowed
"../part5.c", line 105: error #906: expression must be a pointer to a complete object type
"../part5.c", line 108: error #906: expression must be a pointer to a complete object type
"../part5.c", line 124: warning #233-D: declaration is not visible outside of function
"../part5.c", line 124: error #148: declaration is incompatible with "void do_scan_2(struct SensorData *)" (declared at line 15 of "..\part5.h")
"../part5.c", line 132: error #906: expression must be a pointer to a complete object type
"../part5.c", line 133: error #906: expression must be a pointer to a complete object type
"../part5.c", line 141: warning #233-D: declaration is not visible outside of function
"../part5.c", line 141: error #148: declaration is incompatible with "void send_scan_2(struct SensorData *)" (declared at line 16 of "..\part5.h")
"../part5.c", line 152: error #906: expression must be a pointer to a complete object type
"../part5.c", line 152: error #906: expression must be a pointer to a complete object type
28 errors detected in the compilation of "../part5.c".
gmake: *** [part5.obj] Error 1
Building file: "../main.c"
Invoking: Arm Compiler
"C:/ti/ccs1271/ccs/tools/compiler/ti-cgt-arm_20.2.7.LTS/bin/armcl" -mv7M4 --code_state=16 --float_support=FPv4SPD16 -me --include_path="U:/CprE288/lab_4" --include_path="C:/ti/TivaWare_C_Series-2.2.0.295" --include_path="C:/ti/ccs1271/ccs/tools/compiler/ti-cgt-arm_20.2.7.LTS/include" --define=ccs="ccs" --define=PART_TM4C123GH6PM -g --gcc --diag_warning=225 --diag_wrap=off --display_error_number --abi=eabi --preproc_with_compile --preproc_dependency="main.d_raw"  "../main.c"
"..\part5.h", line 14: warning #233-D: declaration is not visible outside of function
"..\part5.h", line 15: warning #233-D: declaration is not visible outside of function
"..\part5.h", line 16: warning #233-D: declaration is not visible outside of function
Finished building: "../main.c"
 
gmake: Target 'all' not remade because of errors.

**** Build Finished ****

**** Build of configuration Debug for project lab_4 ****

"C:\\ti\\ccs1271\\ccs\\utils\\bin\\gmake" -k -j 20 all -O 
 
Building file: "../part1b.c"
Invoking: Arm Compiler
"C:/ti/ccs1271/ccs/tools/compiler/ti-cgt-arm_20.2.7.LTS/bin/armcl" -mv7M4 --code_state=16 --float_support=FPv4SPD16 -me --include_path="U:/CprE288/lab_4" --include_path="C:/ti/TivaWare_C_Series-2.2.0.295" --include_path="C:/ti/ccs1271/ccs/tools/compiler/ti-cgt-arm_20.2.7.LTS/include" --define=ccs="ccs" --define=PART_TM4C123GH6PM -g --gcc --diag_warning=225 --diag_wrap=off --display_error_number --abi=eabi --preproc_with_compile --preproc_dependency="part1b.d_raw"  "../part1b.c"
 
>> Compilation failure
subdir_rules.mk:9: recipe for target 'part1b.obj' failed
"../part1b.c", line 15: error #20: identifier "sensor_data_array" is undefined
1 error detected in the compilation of "../part1b.c".
gmake: *** [part1b.obj] Error 1
Building file: "../part5.c"
Invoking: Arm Compiler
"C:/ti/ccs1271/ccs/tools/compiler/ti-cgt-arm_20.2.7.LTS/bin/armcl" -mv7M4 --code_state=16 --float_support=FPv4SPD16 -me --include_path="U:/CprE288/lab_4" --include_path="C:/ti/TivaWare_C_Series-2.2.0.295" --include_path="C:/ti/ccs1271/ccs/tools/compiler/ti-cgt-arm_20.2.7.LTS/include" --define=ccs="ccs" --define=PART_TM4C123GH6PM -g --gcc --diag_warning=225 --diag_wrap=off --display_error_number --abi=eabi --preproc_with_compile --preproc_dependency="part5.d_raw"  "../part5.c"
 
>> Compilation failure
subdir_rules.mk:9: recipe for target 'part5.obj' failed
"..\part5.h", line 13: warning #233-D: declaration is not visible outside of function
"..\part5.h", line 14: warning #233-D: declaration is not visible outside of function
"..\part5.h", line 15: warning #233-D: declaration is not visible outside of function
"../part5.c", line 16: error #71: incomplete type is not allowed
"../part5.c", line 20: error #71: incomplete type is not allowed
"../part5.c", line 25: error #906: expression must be a pointer to a complete object type
"../part5.c", line 28: warning #225-D: function "clean_data" declared implicitly
"../part5.c", line 30: warning #169-D: argument of type "struct SensorData *" is incompatible with parameter of type "struct SensorData *"
"../part5.c", line 15: warning #179-D: variable "c" was declared but never referenced
"../part5.c", line 65: warning #233-D: declaration is not visible outside of function
"../part5.c", line 65: error #148: declaration is incompatible with "void aprox_sizes_2(struct SensorData *, int)" (declared at line 13 of "..\part5.h")
"../part5.c", line 70: error #71: incomplete type is not allowed
"../part5.c", line 78: error #906: expression must be a pointer to a complete object type
"../part5.c", line 78: error #906: expression must be a pointer to a complete object type
"../part5.c", line 81: error #906: expression must be a pointer to a complete object type
"../part5.c", line 81: error #906: expression must be a pointer to a complete object type
"../part5.c", line 82: error #906: expression must be a pointer to a complete object type
"../part5.c", line 82: error #906: expression must be a pointer to a complete object type
"../part5.c", line 84: error #906: expression must be a pointer to a complete object type
"../part5.c", line 84: error #906: expression must be a pointer to a complete object type
"../part5.c", line 92: error #906: expression must be a pointer to a complete object type
"../part5.c", line 92: error #906: expression must be a pointer to a complete object type
"../part5.c", line 93: error #906: expression must be a pointer to a complete object type
"../part5.c", line 93: error #906: expression must be a pointer to a complete object type
"../part5.c", line 94: error #906: expression must be a pointer to a complete object type
"../part5.c", line 94: error #906: expression must be a pointer to a complete object type
"../part5.c", line 101: error #71: incomplete type is not allowed
"../part5.c", line 106: error #906: expression must be a pointer to a complete object type
"../part5.c", line 109: error #906: expression must be a pointer to a complete object type
"../part5.c", line 125: warning #233-D: declaration is not visible outside of function
"../part5.c", line 125: error #148: declaration is incompatible with "void do_scan_2(struct SensorData *)" (declared at line 14 of "..\part5.h")
"../part5.c", line 133: error #906: expression must be a pointer to a complete object type
"../part5.c", line 134: error #906: expression must be a pointer to a complete object type
"../part5.c", line 142: warning #233-D: declaration is not visible outside of function
"../part5.c", line 142: error #148: declaration is incompatible with "void send_scan_2(struct SensorData *)" (declared at line 15 of "..\part5.h")
"../part5.c", line 153: error #906: expression must be a pointer to a complete object type
"../part5.c", line 153: error #906: expression must be a pointer to a complete object type
28 errors detected in the compilation of "../part5.c".
gmake: *** [part5.obj] Error 1
Building file: "../main.c"
Invoking: Arm Compiler
"C:/ti/ccs1271/ccs/tools/compiler/ti-cgt-arm_20.2.7.LTS/bin/armcl" -mv7M4 --code_state=16 --float_support=FPv4SPD16 -me --include_path="U:/CprE288/lab_4" --include_path="C:/ti/TivaWare_C_Series-2.2.0.295" --include_path="C:/ti/ccs1271/ccs/tools/compiler/ti-cgt-arm_20.2.7.LTS/include" --define=ccs="ccs" --define=PART_TM4C123GH6PM -g --gcc --diag_warning=225 --diag_wrap=off --display_error_number --abi=eabi --preproc_with_compile --preproc_dependency="main.d_raw"  "../main.c"
"..\part5.h", line 13: warning #233-D: declaration is not visible outside of function
"..\part5.h", line 14: warning #233-D: declaration is not visible outside of function
"..\part5.h", line 15: warning #233-D: declaration is not visible outside of function
Finished building: "../main.c"
 
gmake: Target 'all' not remade because of errors.

**** Build Finished ****

**** Build of configuration Debug for project lab_4 ****

"C:\\ti\\ccs1271\\ccs\\utils\\bin\\gmake" -k -j 20 all -O 
 
Building file: "../part1b.c"
Invoking: Arm Compiler
"C:/ti/ccs1271/ccs/tools/compiler/ti-cgt-arm_20.2.7.LTS/bin/armcl" -mv7M4 --code_state=16 --float_support=FPv4SPD16 -me --include_path="U:/CprE288/lab_4" --include_path="C:/ti/TivaWare_C_Series-2.2.0.295" --include_path="C:/ti/ccs1271/ccs/tools/compiler/ti-cgt-arm_20.2.7.LTS/include" --define=ccs="ccs" --define=PART_TM4C123GH6PM -g --gcc --diag_warning=225 --diag_wrap=off --display_error_number --abi=eabi --preproc_with_compile --preproc_dependency="part1b.d_raw"  "../part1b.c"
 
>> Compilation failure
subdir_rules.mk:9: recipe for target 'part1b.obj' failed
"../part1b.c", line 15: error #20: identifier "sensor_data_array" is undefined
1 error detected in the compilation of "../part1b.c".
gmake: *** [part1b.obj] Error 1
Building file: "../part5.c"
Invoking: Arm Compiler
"C:/ti/ccs1271/ccs/tools/compiler/ti-cgt-arm_20.2.7.LTS/bin/armcl" -mv7M4 --code_state=16 --float_support=FPv4SPD16 -me --include_path="U:/CprE288/lab_4" --include_path="C:/ti/TivaWare_C_Series-2.2.0.295" --include_path="C:/ti/ccs1271/ccs/tools/compiler/ti-cgt-arm_20.2.7.LTS/include" --define=ccs="ccs" --define=PART_TM4C123GH6PM -g --gcc --diag_warning=225 --diag_wrap=off --display_error_number --abi=eabi --preproc_with_compile --preproc_dependency="part5.d_raw"  "../part5.c"
 
>> Compilation failure
subdir_rules.mk:9: recipe for target 'part5.obj' failed
"..\part5.h", line 13: warning #233-D: declaration is not visible outside of function
"..\part5.h", line 14: warning #233-D: declaration is not visible outside of function
"..\part5.h", line 15: warning #233-D: declaration is not visible outside of function
"../part5.c", line 22: error #71: incomplete type is not allowed
"../part5.c", line 26: error #71: incomplete type is not allowed
"../part5.c", line 31: error #906: expression must be a pointer to a complete object type
"../part5.c", line 34: warning #225-D: function "clean_data" declared implicitly
"../part5.c", line 36: warning #169-D: argument of type "struct SensorData *" is incompatible with parameter of type "struct SensorData *"
"../part5.c", line 21: warning #179-D: variable "c" was declared but never referenced
"../part5.c", line 71: warning #233-D: declaration is not visible outside of function
"../part5.c", line 71: error #148: declaration is incompatible with "void aprox_sizes_2(struct SensorData *, int)" (declared at line 13 of "..\part5.h")
"../part5.c", line 76: error #71: incomplete type is not allowed
"../part5.c", line 84: error #906: expression must be a pointer to a complete object type
"../part5.c", line 84: error #906: expression must be a pointer to a complete object type
"../part5.c", line 87: error #906: expression must be a pointer to a complete object type
"../part5.c", line 87: error #906: expression must be a pointer to a complete object type
"../part5.c", line 88: error #906: expression must be a pointer to a complete object type
"../part5.c", line 88: error #906: expression must be a pointer to a complete object type
"../part5.c", line 90: error #906: expression must be a pointer to a complete object type
"../part5.c", line 90: error #906: expression must be a pointer to a complete object type
"../part5.c", line 98: error #906: expression must be a pointer to a complete object type
"../part5.c", line 98: error #906: expression must be a pointer to a complete object type
"../part5.c", line 99: error #906: expression must be a pointer to a complete object type
"../part5.c", line 99: error #906: expression must be a pointer to a complete object type
"../part5.c", line 100: error #906: expression must be a pointer to a complete object type
"../part5.c", line 100: error #906: expression must be a pointer to a complete object type
"../part5.c", line 107: error #71: incomplete type is not allowed
"../part5.c", line 112: error #906: expression must be a pointer to a complete object type
"../part5.c", line 115: error #906: expression must be a pointer to a complete object type
"../part5.c", line 131: warning #233-D: declaration is not visible outside of function
"../part5.c", line 131: error #148: declaration is incompatible with "void do_scan_2(struct SensorData *)" (declared at line 14 of "..\part5.h")
"../part5.c", line 139: error #906: expression must be a pointer to a complete object type
"../part5.c", line 140: error #906: expression must be a pointer to a complete object type
"../part5.c", line 148: warning #233-D: declaration is not visible outside of function
"../part5.c", line 148: error #148: declaration is incompatible with "void send_scan_2(struct SensorData *)" (declared at line 15 of "..\part5.h")
"../part5.c", line 159: error #906: expression must be a pointer to a complete object type
"../part5.c", line 159: error #906: expression must be a pointer to a complete object type
28 errors detected in the compilation of "../part5.c".
gmake: *** [part5.obj] Error 1
gmake: Target 'all' not remade because of errors.

**** Build Finished ****

**** Build of configuration Debug for project lab_4 ****

"C:\\ti\\ccs1271\\ccs\\utils\\bin\\gmake" -k -j 20 all -O 
 
Building file: "../part1b.c"
Invoking: Arm Compiler
"C:/ti/ccs1271/ccs/tools/compiler/ti-cgt-arm_20.2.7.LTS/bin/armcl" -mv7M4 --code_state=16 --float_support=FPv4SPD16 -me --include_path="U:/CprE288/lab_4" --include_path="C:/ti/TivaWare_C_Series-2.2.0.295" --include_path="C:/ti/ccs1271/ccs/tools/compiler/ti-cgt-arm_20.2.7.LTS/include" --define=ccs="ccs" --define=PART_TM4C123GH6PM -g --gcc --diag_warning=225 --diag_wrap=off --display_error_number --abi=eabi --preproc_with_compile --preproc_dependency="part1b.d_raw"  "../part1b.c"
 
>> Compilation failure
subdir_rules.mk:9: recipe for target 'part1b.obj' failed
"../part1b.c", line 15: error #20: identifier "sensor_data_array" is undefined
1 error detected in the compilation of "../part1b.c".
gmake: *** [part1b.obj] Error 1
Building file: "../part5.c"
Invoking: Arm Compiler
"C:/ti/ccs1271/ccs/tools/compiler/ti-cgt-arm_20.2.7.LTS/bin/armcl" -mv7M4 --code_state=16 --float_support=FPv4SPD16 -me --include_path="U:/CprE288/lab_4" --include_path="C:/ti/TivaWare_C_Series-2.2.0.295" --include_path="C:/ti/ccs1271/ccs/tools/compiler/ti-cgt-arm_20.2.7.LTS/include" --define=ccs="ccs" --define=PART_TM4C123GH6PM -g --gcc --diag_warning=225 --diag_wrap=off --display_error_number --abi=eabi --preproc_with_compile --preproc_dependency="part5.d_raw"  "../part5.c"
 
>> Compilation failure
subdir_rules.mk:9: recipe for target 'part5.obj' failed
"..\part5.h", line 13: warning #233-D: declaration is not visible outside of function
"..\part5.h", line 14: warning #233-D: declaration is not visible outside of function
"..\part5.h", line 15: warning #233-D: declaration is not visible outside of function
"../part5.c", line 37: warning #169-D: argument of type "struct SensorData *" is incompatible with parameter of type "struct SensorData *"
"../part5.c", line 22: warning #179-D: variable "c" was declared but never referenced
"../part5.c", line 72: error #148: declaration is incompatible with "void aprox_sizes_2(struct SensorData *, int)" (declared at line 13 of "..\part5.h")
"../part5.c", line 132: error #148: declaration is incompatible with "void do_scan_2(struct SensorData *)" (declared at line 14 of "..\part5.h")
"../part5.c", line 149: error #148: declaration is incompatible with "void send_scan_2(struct SensorData *)" (declared at line 15 of "..\part5.h")
3 errors detected in the compilation of "../part5.c".
gmake: *** [part5.obj] Error 1
gmake: Target 'all' not remade because of errors.

**** Build Finished ****

**** Build of configuration Debug for project lab_4 ****

"C:\\ti\\ccs1271\\ccs\\utils\\bin\\gmake" -k -j 20 all -O 
 
Building file: "../part1b.c"
Invoking: Arm Compiler
"C:/ti/ccs1271/ccs/tools/compiler/ti-cgt-arm_20.2.7.LTS/bin/armcl" -mv7M4 --code_state=16 --float_support=FPv4SPD16 -me --include_path="U:/CprE288/lab_4" --include_path="C:/ti/TivaWare_C_Series-2.2.0.295" --include_path="C:/ti/ccs1271/ccs/tools/compiler/ti-cgt-arm_20.2.7.LTS/include" --define=ccs="ccs" --define=PART_TM4C123GH6PM -g --gcc --diag_warning=225 --diag_wrap=off --display_error_number --abi=eabi --preproc_with_compile --preproc_dependency="part1b.d_raw"  "../part1b.c"
 
>> Compilation failure
subdir_rules.mk:9: recipe for target 'part1b.obj' failed
"../part1b.c", line 15: error #20: identifier "sensor_data_array" is undefined
1 error detected in the compilation of "../part1b.c".
gmake: *** [part1b.obj] Error 1
Building file: "../main.c"
Invoking: Arm Compiler
"C:/ti/ccs1271/ccs/tools/compiler/ti-cgt-arm_20.2.7.LTS/bin/armcl" -mv7M4 --code_state=16 --float_support=FPv4SPD16 -me --include_path="U:/CprE288/lab_4" --include_path="C:/ti/TivaWare_C_Series-2.2.0.295" --include_path="C:/ti/ccs1271/ccs/tools/compiler/ti-cgt-arm_20.2.7.LTS/include" --define=ccs="ccs" --define=PART_TM4C123GH6PM -g --gcc --diag_warning=225 --diag_wrap=off --display_error_number --abi=eabi --preproc_with_compile --preproc_dependency="main.d_raw"  "../main.c"
Finished building: "../main.c"
 
Building file: "../part5.c"
Invoking: Arm Compiler
"C:/ti/ccs1271/ccs/tools/compiler/ti-cgt-arm_20.2.7.LTS/bin/armcl" -mv7M4 --code_state=16 --float_support=FPv4SPD16 -me --include_path="U:/CprE288/lab_4" --include_path="C:/ti/TivaWare_C_Series-2.2.0.295" --include_path="C:/ti/ccs1271/ccs/tools/compiler/ti-cgt-arm_20.2.7.LTS/include" --define=ccs="ccs" --define=PART_TM4C123GH6PM -g --gcc --diag_warning=225 --diag_wrap=off --display_error_number --abi=eabi --preproc_with_compile --preproc_dependency="part5.d_raw"  "../part5.c"
"../part5.c", line 22: warning #179-D: variable "c" was declared but never referenced
Finished building: "../part5.c"
 
gmake: Target 'all' not remade because of errors.

**** Build Finished ****

**** Build of configuration Debug for project lab_4 ****

"C:\\ti\\ccs1271\\ccs\\utils\\bin\\gmake" -k -j 20 all -O 
 
Building file: "../part1b.c"
Invoking: Arm Compiler
"C:/ti/ccs1271/ccs/tools/compiler/ti-cgt-arm_20.2.7.LTS/bin/armcl" -mv7M4 --code_state=16 --float_support=FPv4SPD16 -me --include_path="U:/CprE288/lab_4" --include_path="C:/ti/TivaWare_C_Series-2.2.0.295" --include_path="C:/ti/ccs1271/ccs/tools/compiler/ti-cgt-arm_20.2.7.LTS/include" --define=ccs="ccs" --define=PART_TM4C123GH6PM -g --gcc --diag_warning=225 --diag_wrap=off --display_error_number --abi=eabi --preproc_with_compile --preproc_dependency="part1b.d_raw"  "../part1b.c"
Finished building: "../part1b.c"
 
Building target: "lab_4.out"
Invoking: Arm Linker
"C:/ti/ccs1271/ccs/tools/compiler/ti-cgt-arm_20.2.7.LTS/bin/armcl" -mv7M4 --code_state=16 --float_support=FPv4SPD16 -me --define=ccs="ccs" --define=PART_TM4C123GH6PM -g --gcc --diag_warning=225 --diag_wrap=off --display_error_number --abi=eabi -z -m"lab_4.map" --heap_size=1028 --stack_size=2048 -i"C:/ti/ccs1271/ccs/tools/compiler/ti-cgt-arm_20.2.7.LTS/lib" -i"C:/ti/ccs1271/ccs/tools/compiler/ti-cgt-arm_20.2.7.LTS/include" --reread_libs --diag_wrap=off --display_error_number --warn_sections --xml_link_info="lab_4_linkInfo.xml" --rom_model -o "lab_4.out" "./Timer.obj" "./handle_data.obj" "./lcd.obj" "./main.obj" "./part1b.obj" "./part2.obj" "./part3.obj" "./part4.obj" "./part5.obj" "./tm4c123gh6pm_startup_ccs.obj" "../libcybotScan.lib" "../libcybotUART.lib" "../tm4c123gh6pm.cmd"  -llibc.a -l"C:/ti/TivaWare_C_Series-2.2.0.295/driverlib/ccs/Debug/driverlib.lib"  
<Linking>
error #10056: symbol "sensor_data_array" redefined: first defined in "./main.obj"; redefined in "./part1b.obj"
error #10056: symbol "sensor_data_array" redefined: first defined in "./main.obj"; redefined in "./part5.obj"
 
error #10010: errors encountered during linking; "lab_4.out" not built
>> Compilation failure
makefile:147: recipe for target 'lab_4.out' failed
gmake[1]: *** [lab_4.out] Error 1
gmake: *** [all] Error 2
makefile:143: recipe for target 'all' failed

**** Build Finished ****

**** Build of configuration Debug for project lab_4 ****

"C:\\ti\\ccs1271\\ccs\\utils\\bin\\gmake" -k -j 20 all -O 
 
Building file: "../part1b.c"
Invoking: Arm Compiler
"C:/ti/ccs1271/ccs/tools/compiler/ti-cgt-arm_20.2.7.LTS/bin/armcl" -mv7M4 --code_state=16 --float_support=FPv4SPD16 -me --include_path="U:/CprE288/lab_4" --include_path="C:/ti/TivaWare_C_Series-2.2.0.295" --include_path="C:/ti/ccs1271/ccs/tools/compiler/ti-cgt-arm_20.2.7.LTS/include" --define=ccs="ccs" --define=PART_TM4C123GH6PM -g --gcc --diag_warning=225 --diag_wrap=off --display_error_number --abi=eabi --preproc_with_compile --preproc_dependency="part1b.d_raw"  "../part1b.c"
Finished building: "../part1b.c"
 
Building file: "../main.c"
Invoking: Arm Compiler
"C:/ti/ccs1271/ccs/tools/compiler/ti-cgt-arm_20.2.7.LTS/bin/armcl" -mv7M4 --code_state=16 --float_support=FPv4SPD16 -me --include_path="U:/CprE288/lab_4" --include_path="C:/ti/TivaWare_C_Series-2.2.0.295" --include_path="C:/ti/ccs1271/ccs/tools/compiler/ti-cgt-arm_20.2.7.LTS/include" --define=ccs="ccs" --define=PART_TM4C123GH6PM -g --gcc --diag_warning=225 --diag_wrap=off --display_error_number --abi=eabi --preproc_with_compile --preproc_dependency="main.d_raw"  "../main.c"
Finished building: "../main.c"
 
Building file: "../part5.c"
Invoking: Arm Compiler
"C:/ti/ccs1271/ccs/tools/compiler/ti-cgt-arm_20.2.7.LTS/bin/armcl" -mv7M4 --code_state=16 --float_support=FPv4SPD16 -me --include_path="U:/CprE288/lab_4" --include_path="C:/ti/TivaWare_C_Series-2.2.0.295" --include_path="C:/ti/ccs1271/ccs/tools/compiler/ti-cgt-arm_20.2.7.LTS/include" --define=ccs="ccs" --define=PART_TM4C123GH6PM -g --gcc --diag_warning=225 --diag_wrap=off --display_error_number --abi=eabi --preproc_with_compile --preproc_dependency="part5.d_raw"  "../part5.c"
"../part5.c", line 22: warning #179-D: variable "c" was declared but never referenced
Finished building: "../part5.c"
 
Building target: "lab_4.out"
Invoking: Arm Linker
"C:/ti/ccs1271/ccs/tools/compiler/ti-cgt-arm_20.2.7.LTS/bin/armcl" -mv7M4 --code_state=16 --float_support=FPv4SPD16 -me --define=ccs="ccs" --define=PART_TM4C123GH6PM -g --gcc --diag_warning=225 --diag_wrap=off --display_error_number --abi=eabi -z -m"lab_4.map" --heap_size=1028 --stack_size=2048 -i"C:/ti/ccs1271/ccs/tools/compiler/ti-cgt-arm_20.2.7.LTS/lib" -i"C:/ti/ccs1271/ccs/tools/compiler/ti-cgt-arm_20.2.7.LTS/include" --reread_libs --diag_wrap=off --display_error_number --warn_sections --xml_link_info="lab_4_linkInfo.xml" --rom_model -o "lab_4.out" "./Timer.obj" "./handle_data.obj" "./lcd.obj" "./main.obj" "./part1b.obj" "./part2.obj" "./part3.obj" "./part4.obj" "./part5.obj" "./tm4c123gh6pm_startup_ccs.obj" "../libcybotScan.lib" "../libcybotUART.lib" "../tm4c123gh6pm.cmd"  -llibc.a -l"C:/ti/TivaWare_C_Series-2.2.0.295/driverlib/ccs/Debug/driverlib.lib"  
<Linking>
Finished building target: "lab_4.out"
 

**** Build Finished ****

**** Build of configuration Debug for project lab_4 ****

"C:\\ti\\ccs1271\\ccs\\utils\\bin\\gmake" -k -j 20 all -O 
 
gmake[1]: 'lab_4.out' is up to date.

**** Build Finished ****

**** Build of configuration Debug for project lab_4 ****

"C:\\ti\\ccs1271\\ccs\\utils\\bin\\gmake" -k -j 20 all -O 
 
Building file: "../part5.c"
Invoking: Arm Compiler
"C:/ti/ccs1271/ccs/tools/compiler/ti-cgt-arm_20.2.7.LTS/bin/armcl" -mv7M4 --code_state=16 --float_support=FPv4SPD16 -me --include_path="U:/CprE288/lab_4" --include_path="C:/ti/TivaWare_C_Series-2.2.0.295" --include_path="C:/ti/ccs1271/ccs/tools/compiler/ti-cgt-arm_20.2.7.LTS/include" --define=ccs="ccs" --define=PART_TM4C123GH6PM -g --gcc --diag_warning=225 --diag_wrap=off --display_error_number --abi=eabi --preproc_with_compile --preproc_dependency="part5.d_raw"  "../part5.c"
Finished building: "../part5.c"
 
Building target: "lab_4.out"
Invoking: Arm Linker
"C:/ti/ccs1271/ccs/tools/compiler/ti-cgt-arm_20.2.7.LTS/bin/armcl" -mv7M4 --code_state=16 --float_support=FPv4SPD16 -me --define=ccs="ccs" --define=PART_TM4C123GH6PM -g --gcc --diag_warning=225 --diag_wrap=off --display_error_number --abi=eabi -z -m"lab_4.map" --heap_size=1028 --stack_size=2048 -i"C:/ti/ccs1271/ccs/tools/compiler/ti-cgt-arm_20.2.7.LTS/lib" -i"C:/ti/ccs1271/ccs/tools/compiler/ti-cgt-arm_20.2.7.LTS/include" --reread_libs --diag_wrap=off --display_error_number --warn_sections --xml_link_info="lab_4_linkInfo.xml" --rom_model -o "lab_4.out" "./Timer.obj" "./handle_data.obj" "./lcd.obj" "./main.obj" "./part1b.obj" "./part2.obj" "./part3.obj" "./part4.obj" "./part5.obj" "./tm4c123gh6pm_startup_ccs.obj" "../libcybotScan.lib" "../libcybotUART.lib" "../tm4c123gh6pm.cmd"  -llibc.a -l"C:/ti/TivaWare_C_Series-2.2.0.295/driverlib/ccs/Debug/driverlib.lib"  
<Linking>
Finished building target: "lab_4.out"
 

**** Build Finished ****

**** Build of configuration Debug for project lab_4 ****

"C:\\ti\\ccs1271\\ccs\\utils\\bin\\gmake" -k -j 20 all -O 
 
gmake[1]: 'lab_4.out' is up to date.

**** Build Finished ****

**** Build of configuration Debug for project lab_4 ****

"C:\\ti\\ccs1271\\ccs\\utils\\bin\\gmake" -k -j 20 all -O 
 
Building file: "../part5.c"
Invoking: Arm Compiler
"C:/ti/ccs1271/ccs/tools/compiler/ti-cgt-arm_20.2.7.LTS/bin/armcl" -mv7M4 --code_state=16 --float_support=FPv4SPD16 -me --include_path="U:/CprE288/lab_4" --include_path="C:/ti/TivaWare_C_Series-2.2.0.295" --include_path="C:/ti/ccs1271/ccs/tools/compiler/ti-cgt-arm_20.2.7.LTS/include" --define=ccs="ccs" --define=PART_TM4C123GH6PM -g --gcc --diag_warning=225 --diag_wrap=off --display_error_number --abi=eabi --preproc_with_compile --preproc_dependency="part5.d_raw"  "../part5.c"
 
>> Compilation failure
subdir_rules.mk:9: recipe for target 'part5.obj' failed
"../part5.c", line 37: warning #225-D: function "load_scan" declared implicitly
"../part5.c", line 55: error #29: expected an expression
"../part5.c", line 56: error #66: expected a ";"
"../part5.c", line 134: warning #161-D: declaration is incompatible with previous "load_scan" (declared at line 37)
"../part5.c", line 142: error #20: identifier "sensor_data_ptr" is undefined
3 errors detected in the compilation of "../part5.c".
gmake: *** [part5.obj] Error 1
gmake: Target 'all' not remade because of errors.

**** Build Finished ****

**** Build of configuration Debug for project lab_4 ****

"C:\\ti\\ccs1271\\ccs\\utils\\bin\\gmake" -k -j 20 all -O 
 
Building file: "../part5.c"
Invoking: Arm Compiler
"C:/ti/ccs1271/ccs/tools/compiler/ti-cgt-arm_20.2.7.LTS/bin/armcl" -mv7M4 --code_state=16 --float_support=FPv4SPD16 -me --include_path="U:/CprE288/lab_4" --include_path="C:/ti/TivaWare_C_Series-2.2.0.295" --include_path="C:/ti/ccs1271/ccs/tools/compiler/ti-cgt-arm_20.2.7.LTS/include" --define=ccs="ccs" --define=PART_TM4C123GH6PM -g --gcc --diag_warning=225 --diag_wrap=off --display_error_number --abi=eabi --preproc_with_compile --preproc_dependency="part5.d_raw"  "../part5.c"
 
>> Compilation failure
subdir_rules.mk:9: recipe for target 'part5.obj' failed
"../part5.c", line 55: error #29: expected an expression
"../part5.c", line 56: error #66: expected a ";"
"../part5.c", line 142: error #20: identifier "sensor_data_ptr" is undefined
3 errors detected in the compilation of "../part5.c".
gmake: *** [part5.obj] Error 1
Building file: "../main.c"
Invoking: Arm Compiler
"C:/ti/ccs1271/ccs/tools/compiler/ti-cgt-arm_20.2.7.LTS/bin/armcl" -mv7M4 --code_state=16 --float_support=FPv4SPD16 -me --include_path="U:/CprE288/lab_4" --include_path="C:/ti/TivaWare_C_Series-2.2.0.295" --include_path="C:/ti/ccs1271/ccs/tools/compiler/ti-cgt-arm_20.2.7.LTS/include" --define=ccs="ccs" --define=PART_TM4C123GH6PM -g --gcc --diag_warning=225 --diag_wrap=off --display_error_number --abi=eabi --preproc_with_compile --preproc_dependency="main.d_raw"  "../main.c"
Finished building: "../main.c"
 
gmake: Target 'all' not remade because of errors.

**** Build Finished ****

**** Build of configuration Debug for project lab_4 ****

"C:\\ti\\ccs1271\\ccs\\utils\\bin\\gmake" -k -j 20 all -O 
 
Building file: "../part5.c"
Invoking: Arm Compiler
"C:/ti/ccs1271/ccs/tools/compiler/ti-cgt-arm_20.2.7.LTS/bin/armcl" -mv7M4 --code_state=16 --float_support=FPv4SPD16 -me --include_path="U:/CprE288/lab_4" --include_path="C:/ti/TivaWare_C_Series-2.2.0.295" --include_path="C:/ti/ccs1271/ccs/tools/compiler/ti-cgt-arm_20.2.7.LTS/include" --define=ccs="ccs" --define=PART_TM4C123GH6PM -g --gcc --diag_warning=225 --diag_wrap=off --display_error_number --abi=eabi --preproc_with_compile --preproc_dependency="part5.d_raw"  "../part5.c"
 
>> Compilation failure
subdir_rules.mk:9: recipe for target 'part5.obj' failed
"../part5.c", line 142: error #20: identifier "sensor_data_ptr" is undefined
1 error detected in the compilation of "../part5.c".
gmake: *** [part5.obj] Error 1
gmake: Target 'all' not remade because of errors.

**** Build Finished ****

**** Build of configuration Debug for project lab_4 ****

"C:\\ti\\ccs1271\\ccs\\utils\\bin\\gmake" -k -j 20 all -O 
 
Building file: "../part5.c"
Invoking: Arm Compiler
"C:/ti/ccs1271/ccs/tools/compiler/ti-cgt-arm_20.2.7.LTS/bin/armcl" -mv7M4 --code_state=16 --float_support=FPv4SPD16 -me --include_path="U:/CprE288/lab_4" --include_path="C:/ti/TivaWare_C_Series-2.2.0.295" --include_path="C:/ti/ccs1271/ccs/tools/compiler/ti-cgt-arm_20.2.7.LTS/include" --define=ccs="ccs" --define=PART_TM4C123GH6PM -g --gcc --diag_warning=225 --diag_wrap=off --display_error_number --abi=eabi --preproc_with_compile --preproc_dependency="part5.d_raw"  "../part5.c"
Finished building: "../part5.c"
 
Building target: "lab_4.out"
Invoking: Arm Linker
"C:/ti/ccs1271/ccs/tools/compiler/ti-cgt-arm_20.2.7.LTS/bin/armcl" -mv7M4 --code_state=16 --float_support=FPv4SPD16 -me --define=ccs="ccs" --define=PART_TM4C123GH6PM -g --gcc --diag_warning=225 --diag_wrap=off --display_error_number --abi=eabi -z -m"lab_4.map" --heap_size=1028 --stack_size=2048 -i"C:/ti/ccs1271/ccs/tools/compiler/ti-cgt-arm_20.2.7.LTS/lib" -i"C:/ti/ccs1271/ccs/tools/compiler/ti-cgt-arm_20.2.7.LTS/include" --reread_libs --diag_wrap=off --display_error_number --warn_sections --xml_link_info="lab_4_linkInfo.xml" --rom_model -o "lab_4.out" "./Timer.obj" "./handle_data.obj" "./lcd.obj" "./main.obj" "./part1b.obj" "./part2.obj" "./part3.obj" "./part4.obj" "./part5.obj" "./tm4c123gh6pm_startup_ccs.obj" "../libcybotScan.lib" "../libcybotUART.lib" "../tm4c123gh6pm.cmd"  -llibc.a -l"C:/ti/TivaWare_C_Series-2.2.0.295/driverlib/ccs/Debug/driverlib.lib"  
<Linking>
Finished building target: "lab_4.out"
 

**** Build Finished ****

**** Build of configuration Debug for project lab_4 ****

"C:\\ti\\ccs1271\\ccs\\utils\\bin\\gmake" -k -j 20 all -O 
 
Building file: "../part5.c"
Invoking: Arm Compiler
"C:/ti/ccs1271/ccs/tools/compiler/ti-cgt-arm_20.2.7.LTS/bin/armcl" -mv7M4 --code_state=16 --float_support=FPv4SPD16 -me --include_path="U:/CprE288/lab_4" --include_path="C:/ti/TivaWare_C_Series-2.2.0.295" --include_path="C:/ti/ccs1271/ccs/tools/compiler/ti-cgt-arm_20.2.7.LTS/include" --define=ccs="ccs" --define=PART_TM4C123GH6PM -g --gcc --diag_warning=225 --diag_wrap=off --display_error_number --abi=eabi --preproc_with_compile --preproc_dependency="part5.d_raw"  "../part5.c"
Finished building: "../part5.c"
 
Building target: "lab_4.out"
Invoking: Arm Linker
"C:/ti/ccs1271/ccs/tools/compiler/ti-cgt-arm_20.2.7.LTS/bin/armcl" -mv7M4 --code_state=16 --float_support=FPv4SPD16 -me --define=ccs="ccs" --define=PART_TM4C123GH6PM -g --gcc --diag_warning=225 --diag_wrap=off --display_error_number --abi=eabi -z -m"lab_4.map" --heap_size=1028 --stack_size=2048 -i"C:/ti/ccs1271/ccs/tools/compiler/ti-cgt-arm_20.2.7.LTS/lib" -i"C:/ti/ccs1271/ccs/tools/compiler/ti-cgt-arm_20.2.7.LTS/include" --reread_libs --diag_wrap=off --display_error_number --warn_sections --xml_link_info="lab_4_linkInfo.xml" --rom_model -o "lab_4.out" "./Timer.obj" "./handle_data.obj" "./lcd.obj" "./main.obj" "./part1b.obj" "./part2.obj" "./part3.obj" "./part4.obj" "./part5.obj" "./tm4c123gh6pm_startup_ccs.obj" "../libcybotScan.lib" "../libcybotUART.lib" "../tm4c123gh6pm.cmd"  -llibc.a -l"C:/ti/TivaWare_C_Series-2.2.0.295/driverlib/ccs/Debug/driverlib.lib"  
<Linking>
Finished building target: "lab_4.out"
 

**** Build Finished ****

**** Build of configuration Debug for project lab_4 ****

"C:\\ti\\ccs1271\\ccs\\utils\\bin\\gmake" -k -j 20 all -O 
 
Building file: "../part5.c"
Invoking: Arm Compiler
"C:/ti/ccs1271/ccs/tools/compiler/ti-cgt-arm_20.2.7.LTS/bin/armcl" -mv7M4 --code_state=16 --float_support=FPv4SPD16 -me --include_path="U:/CprE288/lab_4" --include_path="C:/ti/TivaWare_C_Series-2.2.0.295" --include_path="C:/ti/ccs1271/ccs/tools/compiler/ti-cgt-arm_20.2.7.LTS/include" --define=ccs="ccs" --define=PART_TM4C123GH6PM -g --gcc --diag_warning=225 --diag_wrap=off --display_error_number --abi=eabi --preproc_with_compile --preproc_dependency="part5.d_raw"  "../part5.c"
Finished building: "../part5.c"
 
Building target: "lab_4.out"
Invoking: Arm Linker
"C:/ti/ccs1271/ccs/tools/compiler/ti-cgt-arm_20.2.7.LTS/bin/armcl" -mv7M4 --code_state=16 --float_support=FPv4SPD16 -me --define=ccs="ccs" --define=PART_TM4C123GH6PM -g --gcc --diag_warning=225 --diag_wrap=off --display_error_number --abi=eabi -z -m"lab_4.map" --heap_size=1028 --stack_size=2048 -i"C:/ti/ccs1271/ccs/tools/compiler/ti-cgt-arm_20.2.7.LTS/lib" -i"C:/ti/ccs1271/ccs/tools/compiler/ti-cgt-arm_20.2.7.LTS/include" --reread_libs --diag_wrap=off --display_error_number --warn_sections --xml_link_info="lab_4_linkInfo.xml" --rom_model -o "lab_4.out" "./Timer.obj" "./handle_data.obj" "./lcd.obj" "./main.obj" "./part1b.obj" "./part2.obj" "./part3.obj" "./part4.obj" "./part5.obj" "./tm4c123gh6pm_startup_ccs.obj" "../libcybotScan.lib" "../libcybotUART.lib" "../tm4c123gh6pm.cmd"  -llibc.a -l"C:/ti/TivaWare_C_Series-2.2.0.295/driverlib/ccs/Debug/driverlib.lib"  
<Linking>
Finished building target: "lab_4.out"
 

**** Build Finished ****

**** Build of configuration Debug for project lab_4 ****

"C:\\ti\\ccs1271\\ccs\\utils\\bin\\gmake" -k -j 20 all -O 
 
Building file: "../main.c"
Invoking: Arm Compiler
"C:/ti/ccs1271/ccs/tools/compiler/ti-cgt-arm_20.2.7.LTS/bin/armcl" -mv7M4 --code_state=16 --float_support=FPv4SPD16 -me --include_path="U:/CprE288/lab_4" --include_path="C:/ti/TivaWare_C_Series-2.2.0.295" --include_path="C:/ti/ccs1271/ccs/tools/compiler/ti-cgt-arm_20.2.7.LTS/include" --define=ccs="ccs" --define=PART_TM4C123GH6PM -g --gcc --diag_warning=225 --diag_wrap=off --display_error_number --abi=eabi --preproc_with_compile --preproc_dependency="main.d_raw"  "../main.c"
Finished building: "../main.c"
 
Building file: "../part5.c"
Invoking: Arm Compiler
"C:/ti/ccs1271/ccs/tools/compiler/ti-cgt-arm_20.2.7.LTS/bin/armcl" -mv7M4 --code_state=16 --float_support=FPv4SPD16 -me --include_path="U:/CprE288/lab_4" --include_path="C:/ti/TivaWare_C_Series-2.2.0.295" --include_path="C:/ti/ccs1271/ccs/tools/compiler/ti-cgt-arm_20.2.7.LTS/include" --define=ccs="ccs" --define=PART_TM4C123GH6PM -g --gcc --diag_warning=225 --diag_wrap=off --display_error_number --abi=eabi --preproc_with_compile --preproc_dependency="part5.d_raw"  "../part5.c"
"../part5.c", line 25: warning #179-D: variable "i" was declared but never referenced
"../part5.c", line 28: warning #179-D: variable "mid" was declared but never referenced
"../part5.c", line 28: warning #179-D: variable "width" was declared but never referenced
"../part5.c", line 29: warning #179-D: variable "section" was declared but never referenced
"../part5.c", line 30: warning #179-D: variable "str" was declared but never referenced
"../part5.c", line 129: warning #225-D: function "get_smallest" declared implicitly
"../part5.c", line 140: warning #183-D: argument is incompatible with corresponding format string conversion
Finished building: "../part5.c"
 
Building target: "lab_4.out"
Invoking: Arm Linker
"C:/ti/ccs1271/ccs/tools/compiler/ti-cgt-arm_20.2.7.LTS/bin/armcl" -mv7M4 --code_state=16 --float_support=FPv4SPD16 -me --define=ccs="ccs" --define=PART_TM4C123GH6PM -g --gcc --diag_warning=225 --diag_wrap=off --display_error_number --abi=eabi -z -m"lab_4.map" --heap_size=1028 --stack_size=2048 -i"C:/ti/ccs1271/ccs/tools/compiler/ti-cgt-arm_20.2.7.LTS/lib" -i"C:/ti/ccs1271/ccs/tools/compiler/ti-cgt-arm_20.2.7.LTS/include" --reread_libs --diag_wrap=off --display_error_number --warn_sections --xml_link_info="lab_4_linkInfo.xml" --rom_model -o "lab_4.out" "./Timer.obj" "./handle_data.obj" "./lcd.obj" "./main.obj" "./part1b.obj" "./part2.obj" "./part3.obj" "./part4.obj" "./part5.obj" "./tm4c123gh6pm_startup_ccs.obj" "../libcybotScan.lib" "../libcybotUART.lib" "../tm4c123gh6pm.cmd"  -llibc.a -l"C:/ti/TivaWare_C_Series-2.2.0.295/driverlib/ccs/Debug/driverlib.lib"  
<Linking>
 
 undefined    first referenced
 
>> Compilation failure
  symbol          in file     
makefile:147: recipe for target 'lab_4.out' failed
 ---------    ----------------
 get_smallest ./part5.obj     
 
error #10234-D: unresolved symbols remain
error #10010: errors encountered during linking; "lab_4.out" not built
gmake[1]: *** [lab_4.out] Error 1
gmake: *** [all] Error 2
makefile:143: recipe for target 'all' failed

**** Build Finished ****

**** Build of configuration Debug for project lab_4 ****

"C:\\ti\\ccs1271\\ccs\\utils\\bin\\gmake" -k -j 20 all -O 
 
Building file: "../part5.c"
Invoking: Arm Compiler
"C:/ti/ccs1271/ccs/tools/compiler/ti-cgt-arm_20.2.7.LTS/bin/armcl" -mv7M4 --code_state=16 --float_support=FPv4SPD16 -me --include_path="U:/CprE288/lab_4" --include_path="C:/ti/TivaWare_C_Series-2.2.0.295" --include_path="C:/ti/ccs1271/ccs/tools/compiler/ti-cgt-arm_20.2.7.LTS/include" --define=ccs="ccs" --define=PART_TM4C123GH6PM -g --gcc --diag_warning=225 --diag_wrap=off --display_error_number --abi=eabi --preproc_with_compile --preproc_dependency="part5.d_raw"  "../part5.c"
"../part5.c", line 135: warning #183-D: argument is incompatible with corresponding format string conversion
Finished building: "../part5.c"
 
Building target: "lab_4.out"
Invoking: Arm Linker
"C:/ti/ccs1271/ccs/tools/compiler/ti-cgt-arm_20.2.7.LTS/bin/armcl" -mv7M4 --code_state=16 --float_support=FPv4SPD16 -me --define=ccs="ccs" --define=PART_TM4C123GH6PM -g --gcc --diag_warning=225 --diag_wrap=off --display_error_number --abi=eabi -z -m"lab_4.map" --heap_size=1028 --stack_size=2048 -i"C:/ti/ccs1271/ccs/tools/compiler/ti-cgt-arm_20.2.7.LTS/lib" -i"C:/ti/ccs1271/ccs/tools/compiler/ti-cgt-arm_20.2.7.LTS/include" --reread_libs --diag_wrap=off --display_error_number --warn_sections --xml_link_info="lab_4_linkInfo.xml" --rom_model -o "lab_4.out" "./Timer.obj" "./handle_data.obj" "./lcd.obj" "./main.obj" "./part1b.obj" "./part2.obj" "./part3.obj" "./part4.obj" "./part5.obj" "./tm4c123gh6pm_startup_ccs.obj" "../libcybotScan.lib" "../libcybotUART.lib" "../tm4c123gh6pm.cmd"  -llibc.a -l"C:/ti/TivaWare_C_Series-2.2.0.295/driverlib/ccs/Debug/driverlib.lib"  
<Linking>
Finished building target: "lab_4.out"
 

**** Build Finished ****

**** Build of configuration Debug for project lab_4 ****

"C:\\ti\\ccs1271\\ccs\\utils\\bin\\gmake" -k -j 20 all -O 
 
Building file: "../part5.c"
Invoking: Arm Compiler
"C:/ti/ccs1271/ccs/tools/compiler/ti-cgt-arm_20.2.7.LTS/bin/armcl" -mv7M4 --code_state=16 --float_support=FPv4SPD16 -me --include_path="U:/CprE288/lab_4" --include_path="C:/ti/TivaWare_C_Series-2.2.0.295" --include_path="C:/ti/ccs1271/ccs/tools/compiler/ti-cgt-arm_20.2.7.LTS/include" --define=ccs="ccs" --define=PART_TM4C123GH6PM -g --gcc --diag_warning=225 --diag_wrap=off --display_error_number --abi=eabi --preproc_with_compile --preproc_dependency="part5.d_raw"  "../part5.c"
"../part5.c", line 135: warning #183-D: argument is incompatible with corresponding format string conversion
Finished building: "../part5.c"
 
Building target: "lab_4.out"
Invoking: Arm Linker
"C:/ti/ccs1271/ccs/tools/compiler/ti-cgt-arm_20.2.7.LTS/bin/armcl" -mv7M4 --code_state=16 --float_support=FPv4SPD16 -me --define=ccs="ccs" --define=PART_TM4C123GH6PM -g --gcc --diag_warning=225 --diag_wrap=off --display_error_number --abi=eabi -z -m"lab_4.map" --heap_size=1028 --stack_size=2048 -i"C:/ti/ccs1271/ccs/tools/compiler/ti-cgt-arm_20.2.7.LTS/lib" -i"C:/ti/ccs1271/ccs/tools/compiler/ti-cgt-arm_20.2.7.LTS/include" --reread_libs --diag_wrap=off --display_error_number --warn_sections --xml_link_info="lab_4_linkInfo.xml" --rom_model -o "lab_4.out" "./Timer.obj" "./handle_data.obj" "./lcd.obj" "./main.obj" "./part1b.obj" "./part2.obj" "./part3.obj" "./part4.obj" "./part5.obj" "./tm4c123gh6pm_startup_ccs.obj" "../libcybotScan.lib" "../libcybotUART.lib" "../tm4c123gh6pm.cmd"  -llibc.a -l"C:/ti/TivaWare_C_Series-2.2.0.295/driverlib/ccs/Debug/driverlib.lib"  
<Linking>
Finished building target: "lab_4.out"
 

**** Build Finished ****

**** Build of configuration Debug for project lab_4 ****

"C:\\ti\\ccs1271\\ccs\\utils\\bin\\gmake" -k -j 20 all -O 
 
Building file: "../part5.c"
Invoking: Arm Compiler
"C:/ti/ccs1271/ccs/tools/compiler/ti-cgt-arm_20.2.7.LTS/bin/armcl" -mv7M4 --code_state=16 --float_support=FPv4SPD16 -me --include_path="U:/CprE288/lab_4" --include_path="C:/ti/TivaWare_C_Series-2.2.0.295" --include_path="C:/ti/ccs1271/ccs/tools/compiler/ti-cgt-arm_20.2.7.LTS/include" --define=ccs="ccs" --define=PART_TM4C123GH6PM -g --gcc --diag_warning=225 --diag_wrap=off --display_error_number --abi=eabi --preproc_with_compile --preproc_dependency="part5.d_raw"  "../part5.c"
Finished building: "../part5.c"
 
Building target: "lab_4.out"
Invoking: Arm Linker
"C:/ti/ccs1271/ccs/tools/compiler/ti-cgt-arm_20.2.7.LTS/bin/armcl" -mv7M4 --code_state=16 --float_support=FPv4SPD16 -me --define=ccs="ccs" --define=PART_TM4C123GH6PM -g --gcc --diag_warning=225 --diag_wrap=off --display_error_number --abi=eabi -z -m"lab_4.map" --heap_size=1028 --stack_size=2048 -i"C:/ti/ccs1271/ccs/tools/compiler/ti-cgt-arm_20.2.7.LTS/lib" -i"C:/ti/ccs1271/ccs/tools/compiler/ti-cgt-arm_20.2.7.LTS/include" --reread_libs --diag_wrap=off --display_error_number --warn_sections --xml_link_info="lab_4_linkInfo.xml" --rom_model -o "lab_4.out" "./Timer.obj" "./handle_data.obj" "./lcd.obj" "./main.obj" "./part1b.obj" "./part2.obj" "./part3.obj" "./part4.obj" "./part5.obj" "./tm4c123gh6pm_startup_ccs.obj" "../libcybotScan.lib" "../libcybotUART.lib" "../tm4c123gh6pm.cmd"  -llibc.a -l"C:/ti/TivaWare_C_Series-2.2.0.295/driverlib/ccs/Debug/driverlib.lib"  
<Linking>
Finished building target: "lab_4.out"
 

**** Build Finished ****

**** Build of configuration Debug for project lab_4 ****

"C:\\ti\\ccs1271\\ccs\\utils\\bin\\gmake" -k -j 20 all -O 
 
Building file: "../part5.c"
Invoking: Arm Compiler
"C:/ti/ccs1271/ccs/tools/compiler/ti-cgt-arm_20.2.7.LTS/bin/armcl" -mv7M4 --code_state=16 --float_support=FPv4SPD16 -me --include_path="U:/CprE288/lab_4" --include_path="C:/ti/TivaWare_C_Series-2.2.0.295" --include_path="C:/ti/ccs1271/ccs/tools/compiler/ti-cgt-arm_20.2.7.LTS/include" --define=ccs="ccs" --define=PART_TM4C123GH6PM -g --gcc --diag_warning=225 --diag_wrap=off --display_error_number --abi=eabi --preproc_with_compile --preproc_dependency="part5.d_raw"  "../part5.c"
Finished building: "../part5.c"
 
Building target: "lab_4.out"
Invoking: Arm Linker
"C:/ti/ccs1271/ccs/tools/compiler/ti-cgt-arm_20.2.7.LTS/bin/armcl" -mv7M4 --code_state=16 --float_support=FPv4SPD16 -me --define=ccs="ccs" --define=PART_TM4C123GH6PM -g --gcc --diag_warning=225 --diag_wrap=off --display_error_number --abi=eabi -z -m"lab_4.map" --heap_size=1028 --stack_size=2048 -i"C:/ti/ccs1271/ccs/tools/compiler/ti-cgt-arm_20.2.7.LTS/lib" -i"C:/ti/ccs1271/ccs/tools/compiler/ti-cgt-arm_20.2.7.LTS/include" --reread_libs --diag_wrap=off --display_error_number --warn_sections --xml_link_info="lab_4_linkInfo.xml" --rom_model -o "lab_4.out" "./Timer.obj" "./handle_data.obj" "./lcd.obj" "./main.obj" "./part1b.obj" "./part2.obj" "./part3.obj" "./part4.obj" "./part5.obj" "./tm4c123gh6pm_startup_ccs.obj" "../libcybotScan.lib" "../libcybotUART.lib" "../tm4c123gh6pm.cmd"  -llibc.a -l"C:/ti/TivaWare_C_Series-2.2.0.295/driverlib/ccs/Debug/driverlib.lib"  
<Linking>
Finished building target: "lab_4.out"
 

**** Build Finished ****

**** Build of configuration Debug for project lab_4 ****

"C:\\ti\\ccs1271\\ccs\\utils\\bin\\gmake" -k -j 20 all -O 
 
Building file: "../part5.c"
Invoking: Arm Compiler
"C:/ti/ccs1271/ccs/tools/compiler/ti-cgt-arm_20.2.7.LTS/bin/armcl" -mv7M4 --code_state=16 --float_support=FPv4SPD16 -me --include_path="U:/CprE288/lab_4" --include_path="C:/ti/TivaWare_C_Series-2.2.0.295" --include_path="C:/ti/ccs1271/ccs/tools/compiler/ti-cgt-arm_20.2.7.LTS/include" --define=ccs="ccs" --define=PART_TM4C123GH6PM -g --gcc --diag_warning=225 --diag_wrap=off --display_error_number --abi=eabi --preproc_with_compile --preproc_dependency="part5.d_raw"  "../part5.c"
Finished building: "../part5.c"
 
Building target: "lab_4.out"
Invoking: Arm Linker
"C:/ti/ccs1271/ccs/tools/compiler/ti-cgt-arm_20.2.7.LTS/bin/armcl" -mv7M4 --code_state=16 --float_support=FPv4SPD16 -me --define=ccs="ccs" --define=PART_TM4C123GH6PM -g --gcc --diag_warning=225 --diag_wrap=off --display_error_number --abi=eabi -z -m"lab_4.map" --heap_size=1028 --stack_size=2048 -i"C:/ti/ccs1271/ccs/tools/compiler/ti-cgt-arm_20.2.7.LTS/lib" -i"C:/ti/ccs1271/ccs/tools/compiler/ti-cgt-arm_20.2.7.LTS/include" --reread_libs --diag_wrap=off --display_error_number --warn_sections --xml_link_info="lab_4_linkInfo.xml" --rom_model -o "lab_4.out" "./Timer.obj" "./handle_data.obj" "./lcd.obj" "./main.obj" "./part1b.obj" "./part2.obj" "./part3.obj" "./part4.obj" "./part5.obj" "./tm4c123gh6pm_startup_ccs.obj" "../libcybotScan.lib" "../libcybotUART.lib" "../tm4c123gh6pm.cmd"  -llibc.a -l"C:/ti/TivaWare_C_Series-2.2.0.295/driverlib/ccs/Debug/driverlib.lib"  
<Linking>
Finished building target: "lab_4.out"
 

**** Build Finished ****

**** Build of configuration Debug for project lab_4 ****

"C:\\ti\\ccs1271\\ccs\\utils\\bin\\gmake" -k -j 20 all -O 
 
Building file: "../part5.c"
Invoking: Arm Compiler
"C:/ti/ccs1271/ccs/tools/compiler/ti-cgt-arm_20.2.7.LTS/bin/armcl" -mv7M4 --code_state=16 --float_support=FPv4SPD16 -me --include_path="U:/CprE288/lab_4" --include_path="C:/ti/TivaWare_C_Series-2.2.0.295" --include_path="C:/ti/ccs1271/ccs/tools/compiler/ti-cgt-arm_20.2.7.LTS/include" --define=ccs="ccs" --define=PART_TM4C123GH6PM -g --gcc --diag_warning=225 --diag_wrap=off --display_error_number --abi=eabi --preproc_with_compile --preproc_dependency="part5.d_raw"  "../part5.c"
Finished building: "../part5.c"
 
Building target: "lab_4.out"
Invoking: Arm Linker
"C:/ti/ccs1271/ccs/tools/compiler/ti-cgt-arm_20.2.7.LTS/bin/armcl" -mv7M4 --code_state=16 --float_support=FPv4SPD16 -me --define=ccs="ccs" --define=PART_TM4C123GH6PM -g --gcc --diag_warning=225 --diag_wrap=off --display_error_number --abi=eabi -z -m"lab_4.map" --heap_size=1028 --stack_size=2048 -i"C:/ti/ccs1271/ccs/tools/compiler/ti-cgt-arm_20.2.7.LTS/lib" -i"C:/ti/ccs1271/ccs/tools/compiler/ti-cgt-arm_20.2.7.LTS/include" --reread_libs --diag_wrap=off --display_error_number --warn_sections --xml_link_info="lab_4_linkInfo.xml" --rom_model -o "lab_4.out" "./Timer.obj" "./handle_data.obj" "./lcd.obj" "./main.obj" "./part1b.obj" "./part2.obj" "./part3.obj" "./part4.obj" "./part5.obj" "./tm4c123gh6pm_startup_ccs.obj" "../libcybotScan.lib" "../libcybotUART.lib" "../tm4c123gh6pm.cmd"  -llibc.a -l"C:/ti/TivaWare_C_Series-2.2.0.295/driverlib/ccs/Debug/driverlib.lib"  
<Linking>
Finished building target: "lab_4.out"
 

**** Build Finished ****

**** Build of configuration Debug for project lab_4 ****

"C:\\ti\\ccs1271\\ccs\\utils\\bin\\gmake" -k -j 20 all -O 
 
Building file: "../part5.c"
Invoking: Arm Compiler
"C:/ti/ccs1271/ccs/tools/compiler/ti-cgt-arm_20.2.7.LTS/bin/armcl" -mv7M4 --code_state=16 --float_support=FPv4SPD16 -me --include_path="U:/CprE288/lab_4" --include_path="C:/ti/TivaWare_C_Series-2.2.0.295" --include_path="C:/ti/ccs1271/ccs/tools/compiler/ti-cgt-arm_20.2.7.LTS/include" --define=ccs="ccs" --define=PART_TM4C123GH6PM -g --gcc --diag_warning=225 --diag_wrap=off --display_error_number --abi=eabi --preproc_with_compile --preproc_dependency="part5.d_raw"  "../part5.c"
Finished building: "../part5.c"
 
Building target: "lab_4.out"
Invoking: Arm Linker
"C:/ti/ccs1271/ccs/tools/compiler/ti-cgt-arm_20.2.7.LTS/bin/armcl" -mv7M4 --code_state=16 --float_support=FPv4SPD16 -me --define=ccs="ccs" --define=PART_TM4C123GH6PM -g --gcc --diag_warning=225 --diag_wrap=off --display_error_number --abi=eabi -z -m"lab_4.map" --heap_size=1028 --stack_size=2048 -i"C:/ti/ccs1271/ccs/tools/compiler/ti-cgt-arm_20.2.7.LTS/lib" -i"C:/ti/ccs1271/ccs/tools/compiler/ti-cgt-arm_20.2.7.LTS/include" --reread_libs --diag_wrap=off --display_error_number --warn_sections --xml_link_info="lab_4_linkInfo.xml" --rom_model -o "lab_4.out" "./Timer.obj" "./handle_data.obj" "./lcd.obj" "./main.obj" "./part1b.obj" "./part2.obj" "./part3.obj" "./part4.obj" "./part5.obj" "./tm4c123gh6pm_startup_ccs.obj" "../libcybotScan.lib" "../libcybotUART.lib" "../tm4c123gh6pm.cmd"  -llibc.a -l"C:/ti/TivaWare_C_Series-2.2.0.295/driverlib/ccs/Debug/driverlib.lib"  
<Linking>
Finished building target: "lab_4.out"
 

**** Build Finished ****

**** Build of configuration Debug for project lab_4 ****

"C:\\ti\\ccs1271\\ccs\\utils\\bin\\gmake" -k -j 20 all -O 
 
Building file: "../part5.c"
Invoking: Arm Compiler
"C:/ti/ccs1271/ccs/tools/compiler/ti-cgt-arm_20.2.7.LTS/bin/armcl" -mv7M4 --code_state=16 --float_support=FPv4SPD16 -me --include_path="U:/CprE288/lab_4" --include_path="C:/ti/TivaWare_C_Series-2.2.0.295" --include_path="C:/ti/ccs1271/ccs/tools/compiler/ti-cgt-arm_20.2.7.LTS/include" --define=ccs="ccs" --define=PART_TM4C123GH6PM -g --gcc --diag_warning=225 --diag_wrap=off --display_error_number --abi=eabi --preproc_with_compile --preproc_dependency="part5.d_raw"  "../part5.c"
Finished building: "../part5.c"
 
Building target: "lab_4.out"
Invoking: Arm Linker
"C:/ti/ccs1271/ccs/tools/compiler/ti-cgt-arm_20.2.7.LTS/bin/armcl" -mv7M4 --code_state=16 --float_support=FPv4SPD16 -me --define=ccs="ccs" --define=PART_TM4C123GH6PM -g --gcc --diag_warning=225 --diag_wrap=off --display_error_number --abi=eabi -z -m"lab_4.map" --heap_size=1028 --stack_size=2048 -i"C:/ti/ccs1271/ccs/tools/compiler/ti-cgt-arm_20.2.7.LTS/lib" -i"C:/ti/ccs1271/ccs/tools/compiler/ti-cgt-arm_20.2.7.LTS/include" --reread_libs --diag_wrap=off --display_error_number --warn_sections --xml_link_info="lab_4_linkInfo.xml" --rom_model -o "lab_4.out" "./Timer.obj" "./handle_data.obj" "./lcd.obj" "./main.obj" "./part1b.obj" "./part2.obj" "./part3.obj" "./part4.obj" "./part5.obj" "./tm4c123gh6pm_startup_ccs.obj" "../libcybotScan.lib" "../libcybotUART.lib" "../tm4c123gh6pm.cmd"  -llibc.a -l"C:/ti/TivaWare_C_Series-2.2.0.295/driverlib/ccs/Debug/driverlib.lib"  
<Linking>
Finished building target: "lab_4.out"
 

**** Build Finished ****

**** Build of configuration Debug for project lab_4 ****

"C:\\ti\\ccs1271\\ccs\\utils\\bin\\gmake" -k -j 20 all -O 
 
Building file: "../part5.c"
Invoking: Arm Compiler
"C:/ti/ccs1271/ccs/tools/compiler/ti-cgt-arm_20.2.7.LTS/bin/armcl" -mv7M4 --code_state=16 --float_support=FPv4SPD16 -me --include_path="U:/CprE288/lab_4" --include_path="C:/ti/TivaWare_C_Series-2.2.0.295" --include_path="C:/ti/ccs1271/ccs/tools/compiler/ti-cgt-arm_20.2.7.LTS/include" --define=ccs="ccs" --define=PART_TM4C123GH6PM -g --gcc --diag_warning=225 --diag_wrap=off --display_error_number --abi=eabi --preproc_with_compile --preproc_dependency="part5.d_raw"  "../part5.c"
 
>> Compilation failure
subdir_rules.mk:9: recipe for target 'part5.obj' failed
"../part5.c", line 57: error #20: identifier "section_count" is undefined
"../part5.c", line 58: error #20: identifier "section" is undefined
"../part5.c", line 26: warning #552-D: variable "smallest_index" was set but never used
2 errors detected in the compilation of "../part5.c".
gmake: *** [part5.obj] Error 1
gmake: Target 'all' not remade because of errors.

**** Build Finished ****

**** Build of configuration Debug for project lab_4 ****

"C:\\ti\\ccs1271\\ccs\\utils\\bin\\gmake" -k -j 20 all -O 
 
Building file: "../part5.c"
Invoking: Arm Compiler
"C:/ti/ccs1271/ccs/tools/compiler/ti-cgt-arm_20.2.7.LTS/bin/armcl" -mv7M4 --code_state=16 --float_support=FPv4SPD16 -me --include_path="U:/CprE288/lab_4" --include_path="C:/ti/TivaWare_C_Series-2.2.0.295" --include_path="C:/ti/ccs1271/ccs/tools/compiler/ti-cgt-arm_20.2.7.LTS/include" --define=ccs="ccs" --define=PART_TM4C123GH6PM -g --gcc --diag_warning=225 --diag_wrap=off --display_error_number --abi=eabi --preproc_with_compile --preproc_dependency="part5.d_raw"  "../part5.c"
Finished building: "../part5.c"
 
Building target: "lab_4.out"
Invoking: Arm Linker
"C:/ti/ccs1271/ccs/tools/compiler/ti-cgt-arm_20.2.7.LTS/bin/armcl" -mv7M4 --code_state=16 --float_support=FPv4SPD16 -me --define=ccs="ccs" --define=PART_TM4C123GH6PM -g --gcc --diag_warning=225 --diag_wrap=off --display_error_number --abi=eabi -z -m"lab_4.map" --heap_size=1028 --stack_size=2048 -i"C:/ti/ccs1271/ccs/tools/compiler/ti-cgt-arm_20.2.7.LTS/lib" -i"C:/ti/ccs1271/ccs/tools/compiler/ti-cgt-arm_20.2.7.LTS/include" --reread_libs --diag_wrap=off --display_error_number --warn_sections --xml_link_info="lab_4_linkInfo.xml" --rom_model -o "lab_4.out" "./Timer.obj" "./handle_data.obj" "./lcd.obj" "./main.obj" "./part1b.obj" "./part2.obj" "./part3.obj" "./part4.obj" "./part5.obj" "./tm4c123gh6pm_startup_ccs.obj" "../libcybotScan.lib" "../libcybotUART.lib" "../tm4c123gh6pm.cmd"  -llibc.a -l"C:/ti/TivaWare_C_Series-2.2.0.295/driverlib/ccs/Debug/driverlib.lib"  
<Linking>
Finished building target: "lab_4.out"
 

**** Build Finished ****

**** Build of configuration Debug for project lab_4 ****

"C:\\ti\\ccs1271\\ccs\\utils\\bin\\gmake" -k -j 20 all -O 
 
Building file: "../part5.c"
Invoking: Arm Compiler
"C:/ti/ccs1271/ccs/tools/compiler/ti-cgt-arm_20.2.7.LTS/bin/armcl" -mv7M4 --code_state=16 --float_support=FPv4SPD16 -me --include_path="U:/CprE288/lab_4" --include_path="C:/ti/TivaWare_C_Series-2.2.0.295" --include_path="C:/ti/ccs1271/ccs/tools/compiler/ti-cgt-arm_20.2.7.LTS/include" --define=ccs="ccs" --define=PART_TM4C123GH6PM -g --gcc --diag_warning=225 --diag_wrap=off --display_error_number --abi=eabi --preproc_with_compile --preproc_dependency="part5.d_raw"  "../part5.c"
Finished building: "../part5.c"
 
Building target: "lab_4.out"
Invoking: Arm Linker
"C:/ti/ccs1271/ccs/tools/compiler/ti-cgt-arm_20.2.7.LTS/bin/armcl" -mv7M4 --code_state=16 --float_support=FPv4SPD16 -me --define=ccs="ccs" --define=PART_TM4C123GH6PM -g --gcc --diag_warning=225 --diag_wrap=off --display_error_number --abi=eabi -z -m"lab_4.map" --heap_size=1028 --stack_size=2048 -i"C:/ti/ccs1271/ccs/tools/compiler/ti-cgt-arm_20.2.7.LTS/lib" -i"C:/ti/ccs1271/ccs/tools/compiler/ti-cgt-arm_20.2.7.LTS/include" --reread_libs --diag_wrap=off --display_error_number --warn_sections --xml_link_info="lab_4_linkInfo.xml" --rom_model -o "lab_4.out" "./Timer.obj" "./handle_data.obj" "./lcd.obj" "./main.obj" "./part1b.obj" "./part2.obj" "./part3.obj" "./part4.obj" "./part5.obj" "./tm4c123gh6pm_startup_ccs.obj" "../libcybotScan.lib" "../libcybotUART.lib" "../tm4c123gh6pm.cmd"  -llibc.a -l"C:/ti/TivaWare_C_Series-2.2.0.295/driverlib/ccs/Debug/driverlib.lib"  
<Linking>
Finished building target: "lab_4.out"
 

**** Build Finished ****

**** Build of configuration Debug for project lab_4 ****

"C:\\ti\\ccs1271\\ccs\\utils\\bin\\gmake" -k -j 20 all -O 
 
Building file: "../part5.c"
Invoking: Arm Compiler
"C:/ti/ccs1271/ccs/tools/compiler/ti-cgt-arm_20.2.7.LTS/bin/armcl" -mv7M4 --code_state=16 --float_support=FPv4SPD16 -me --include_path="U:/CprE288/lab_4" --include_path="C:/ti/TivaWare_C_Series-2.2.0.295" --include_path="C:/ti/ccs1271/ccs/tools/compiler/ti-cgt-arm_20.2.7.LTS/include" --define=ccs="ccs" --define=PART_TM4C123GH6PM -g --gcc --diag_warning=225 --diag_wrap=off --display_error_number --abi=eabi --preproc_with_compile --preproc_dependency="part5.d_raw"  "../part5.c"
Finished building: "../part5.c"
 
Building target: "lab_4.out"
Invoking: Arm Linker
"C:/ti/ccs1271/ccs/tools/compiler/ti-cgt-arm_20.2.7.LTS/bin/armcl" -mv7M4 --code_state=16 --float_support=FPv4SPD16 -me --define=ccs="ccs" --define=PART_TM4C123GH6PM -g --gcc --diag_warning=225 --diag_wrap=off --display_error_number --abi=eabi -z -m"lab_4.map" --heap_size=1028 --stack_size=2048 -i"C:/ti/ccs1271/ccs/tools/compiler/ti-cgt-arm_20.2.7.LTS/lib" -i"C:/ti/ccs1271/ccs/tools/compiler/ti-cgt-arm_20.2.7.LTS/include" --reread_libs --diag_wrap=off --display_error_number --warn_sections --xml_link_info="lab_4_linkInfo.xml" --rom_model -o "lab_4.out" "./Timer.obj" "./handle_data.obj" "./lcd.obj" "./main.obj" "./part1b.obj" "./part2.obj" "./part3.obj" "./part4.obj" "./part5.obj" "./tm4c123gh6pm_startup_ccs.obj" "../libcybotScan.lib" "../libcybotUART.lib" "../tm4c123gh6pm.cmd"  -llibc.a -l"C:/ti/TivaWare_C_Series-2.2.0.295/driverlib/ccs/Debug/driverlib.lib"  
<Linking>
Finished building target: "lab_4.out"
 

**** Build Finished ****

**** Build of configuration Debug for project lab_4 ****

"C:\\ti\\ccs1271\\ccs\\utils\\bin\\gmake" -k -j 20 all -O 
 
gmake[1]: 'lab_4.out' is up to date.

**** Build Finished ****

**** Build of configuration Debug for project lab_4 ****

"C:\\ti\\ccs1271\\ccs\\utils\\bin\\gmake" -k -j 20 all -O 
 
Building file: "../part5.c"
Invoking: Arm Compiler
"C:/ti/ccs1271/ccs/tools/compiler/ti-cgt-arm_20.2.7.LTS/bin/armcl" -mv7M4 --code_state=16 --float_support=FPv4SPD16 -me --include_path="U:/CprE288/lab_4" --include_path="C:/ti/TivaWare_C_Series-2.2.0.295" --include_path="C:/ti/ccs1271/ccs/tools/compiler/ti-cgt-arm_20.2.7.LTS/include" --define=ccs="ccs" --define=PART_TM4C123GH6PM -g --gcc --diag_warning=225 --diag_wrap=off --display_error_number --abi=eabi --preproc_with_compile --preproc_dependency="part5.d_raw"  "../part5.c"
Finished building: "../part5.c"
 
Building target: "lab_4.out"
Invoking: Arm Linker
"C:/ti/ccs1271/ccs/tools/compiler/ti-cgt-arm_20.2.7.LTS/bin/armcl" -mv7M4 --code_state=16 --float_support=FPv4SPD16 -me --define=ccs="ccs" --define=PART_TM4C123GH6PM -g --gcc --diag_warning=225 --diag_wrap=off --display_error_number --abi=eabi -z -m"lab_4.map" --heap_size=1028 --stack_size=2048 -i"C:/ti/ccs1271/ccs/tools/compiler/ti-cgt-arm_20.2.7.LTS/lib" -i"C:/ti/ccs1271/ccs/tools/compiler/ti-cgt-arm_20.2.7.LTS/include" --reread_libs --diag_wrap=off --display_error_number --warn_sections --xml_link_info="lab_4_linkInfo.xml" --rom_model -o "lab_4.out" "./Timer.obj" "./handle_data.obj" "./lcd.obj" "./main.obj" "./part1b.obj" "./part2.obj" "./part3.obj" "./part4.obj" "./part5.obj" "./tm4c123gh6pm_startup_ccs.obj" "../libcybotScan.lib" "../libcybotUART.lib" "../tm4c123gh6pm.cmd"  -llibc.a -l"C:/ti/TivaWare_C_Series-2.2.0.295/driverlib/ccs/Debug/driverlib.lib"  
<Linking>
Finished building target: "lab_4.out"
 

**** Build Finished ****

**** Build of configuration Debug for project lab_4 ****

"C:\\ti\\ccs1271\\ccs\\utils\\bin\\gmake" -k -j 20 all -O 
 
Building file: "../main.c"
Invoking: Arm Compiler
"C:/ti/ccs1271/ccs/tools/compiler/ti-cgt-arm_20.2.7.LTS/bin/armcl" -mv7M4 --code_state=16 --float_support=FPv4SPD16 -me --include_path="U:/CprE288/lab_4" --include_path="C:/ti/TivaWare_C_Series-2.2.0.295" --include_path="C:/ti/ccs1271/ccs/tools/compiler/ti-cgt-arm_20.2.7.LTS/include" --define=ccs="ccs" --define=PART_TM4C123GH6PM -g --gcc --diag_warning=225 --diag_wrap=off --display_error_number --abi=eabi --preproc_with_compile --preproc_dependency="main.d_raw"  "../main.c"
Finished building: "../main.c"
 
Building target: "lab_4.out"
Invoking: Arm Linker
"C:/ti/ccs1271/ccs/tools/compiler/ti-cgt-arm_20.2.7.LTS/bin/armcl" -mv7M4 --code_state=16 --float_support=FPv4SPD16 -me --define=ccs="ccs" --define=PART_TM4C123GH6PM -g --gcc --diag_warning=225 --diag_wrap=off --display_error_number --abi=eabi -z -m"lab_4.map" --heap_size=1028 --stack_size=2048 -i"C:/ti/ccs1271/ccs/tools/compiler/ti-cgt-arm_20.2.7.LTS/lib" -i"C:/ti/ccs1271/ccs/tools/compiler/ti-cgt-arm_20.2.7.LTS/include" --reread_libs --diag_wrap=off --display_error_number --warn_sections --xml_link_info="lab_4_linkInfo.xml" --rom_model -o "lab_4.out" "./Timer.obj" "./handle_data.obj" "./lcd.obj" "./main.obj" "./part1b.obj" "./part2.obj" "./part3.obj" "./part4.obj" "./part5.obj" "./tm4c123gh6pm_startup_ccs.obj" "../libcybotScan.lib" "../libcybotUART.lib" "../tm4c123gh6pm.cmd"  -llibc.a -l"C:/ti/TivaWare_C_Series-2.2.0.295/driverlib/ccs/Debug/driverlib.lib"  
<Linking>
Finished building target: "lab_4.out"
 

**** Build Finished ****

**** Build of configuration Debug for project lab_4 ****

"C:\\ti\\ccs1271\\ccs\\utils\\bin\\gmake" -k -j 20 all -O 
 
Building file: "../part3.c"
Invoking: Arm Compiler
"C:/ti/ccs1271/ccs/tools/compiler/ti-cgt-arm_20.2.7.LTS/bin/armcl" -mv7M4 --code_state=16 --float_support=FPv4SPD16 -me --include_path="U:/CprE288/lab_4" --include_path="C:/ti/TivaWare_C_Series-2.2.0.295" --include_path="C:/ti/ccs1271/ccs/tools/compiler/ti-cgt-arm_20.2.7.LTS/include" --define=ccs="ccs" --define=PART_TM4C123GH6PM -g --gcc --diag_warning=225 --diag_wrap=off --display_error_number --abi=eabi --preproc_with_compile --preproc_dependency="part3.d_raw"  "../part3.c"
Finished building: "../part3.c"
 
Building target: "lab_4.out"
Invoking: Arm Linker
"C:/ti/ccs1271/ccs/tools/compiler/ti-cgt-arm_20.2.7.LTS/bin/armcl" -mv7M4 --code_state=16 --float_support=FPv4SPD16 -me --define=ccs="ccs" --define=PART_TM4C123GH6PM -g --gcc --diag_warning=225 --diag_wrap=off --display_error_number --abi=eabi -z -m"lab_4.map" --heap_size=1028 --stack_size=2048 -i"C:/ti/ccs1271/ccs/tools/compiler/ti-cgt-arm_20.2.7.LTS/lib" -i"C:/ti/ccs1271/ccs/tools/compiler/ti-cgt-arm_20.2.7.LTS/include" --reread_libs --diag_wrap=off --display_error_number --warn_sections --xml_link_info="lab_4_linkInfo.xml" --rom_model -o "lab_4.out" "./Timer.obj" "./handle_data.obj" "./lcd.obj" "./main.obj" "./part1b.obj" "./part2.obj" "./part3.obj" "./part4.obj" "./part5.obj" "./tm4c123gh6pm_startup_ccs.obj" "../libcybotScan.lib" "../libcybotUART.lib" "../tm4c123gh6pm.cmd"  -llibc.a -l"C:/ti/TivaWare_C_Series-2.2.0.295/driverlib/ccs/Debug/driverlib.lib"  
<Linking>
Finished building target: "lab_4.out"
 

**** Build Finished ****

**** Build of configuration Debug for project lab_5 ****

"C:\\ti\\ccs1271\\ccs\\utils\\bin\\gmake" -k -j 20 all -O 
 
Building file: "../Timer.c"
Invoking: Arm Compiler
"C:/ti/ccs1271/ccs/tools/compiler/ti-cgt-arm_20.2.7.LTS/bin/armcl" -mv7M4 --code_state=16 --float_support=FPv4SPD16 -me --include_path="U:/CprE288/lab_5" --include_path="C:/ti/TivaWare_C_Series-2.2.0.295" --include_path="C:/ti/ccs1271/ccs/tools/compiler/ti-cgt-arm_20.2.7.LTS/include" --define=ccs="ccs" --define=PART_TM4C123GH6PM -g --gcc --diag_warning=225 --diag_wrap=off --display_error_number --abi=eabi --preproc_with_compile --preproc_dependency="Timer.d_raw"  "../Timer.c"
Finished building: "../Timer.c"
 
Building file: "../tm4c123gh6pm_startup_ccs.c"
Invoking: Arm Compiler
"C:/ti/ccs1271/ccs/tools/compiler/ti-cgt-arm_20.2.7.LTS/bin/armcl" -mv7M4 --code_state=16 --float_support=FPv4SPD16 -me --include_path="U:/CprE288/lab_5" --include_path="C:/ti/TivaWare_C_Series-2.2.0.295" --include_path="C:/ti/ccs1271/ccs/tools/compiler/ti-cgt-arm_20.2.7.LTS/include" --define=ccs="ccs" --define=PART_TM4C123GH6PM -g --gcc --diag_warning=225 --diag_wrap=off --display_error_number --abi=eabi --preproc_with_compile --preproc_dependency="tm4c123gh6pm_startup_ccs.d_raw"  "../tm4c123gh6pm_startup_ccs.c"
Finished building: "../tm4c123gh6pm_startup_ccs.c"
 
Building file: "../handle_data.c"
Invoking: Arm Compiler
"C:/ti/ccs1271/ccs/tools/compiler/ti-cgt-arm_20.2.7.LTS/bin/armcl" -mv7M4 --code_state=16 --float_support=FPv4SPD16 -me --include_path="U:/CprE288/lab_5" --include_path="C:/ti/TivaWare_C_Series-2.2.0.295" --include_path="C:/ti/ccs1271/ccs/tools/compiler/ti-cgt-arm_20.2.7.LTS/include" --define=ccs="ccs" --define=PART_TM4C123GH6PM -g --gcc --diag_warning=225 --diag_wrap=off --display_error_number --abi=eabi --preproc_with_compile --preproc_dependency="handle_data.d_raw"  "../handle_data.c"
"../handle_data.c", line 15: warning #552-D: variable "deg" was set but never used
"../handle_data.c", line 16: warning #552-D: variable "pre" was set but never used
"../handle_data.c", line 16: warning #552-D: variable "nxt" was set but never used
"../handle_data.c", line 17: warning #179-D: variable "pre_dt" was declared but never referenced
"../handle_data.c", line 17: warning #179-D: variable "nxt_dt" was declared but never referenced
"../handle_data.c", line 176: warning #225-D: function "cyBot_sendString_2" declared implicitly
"../handle_data.c", line 198: warning #225-D: function "cyBot_sendByte" declared implicitly
Finished building: "../handle_data.c"
 
Building file: "../handle_scan.c"
Invoking: Arm Compiler
"C:/ti/ccs1271/ccs/tools/compiler/ti-cgt-arm_20.2.7.LTS/bin/armcl" -mv7M4 --code_state=16 --float_support=FPv4SPD16 -me --include_path="U:/CprE288/lab_5" --include_path="C:/ti/TivaWare_C_Series-2.2.0.295" --include_path="C:/ti/ccs1271/ccs/tools/compiler/ti-cgt-arm_20.2.7.LTS/include" --define=ccs="ccs" --define=PART_TM4C123GH6PM -g --gcc --diag_warning=225 --diag_wrap=off --display_error_number --abi=eabi --preproc_with_compile --preproc_dependency="handle_scan.d_raw"  "../handle_scan.c"
"..\handle_scan.h", line 14: warning #1-D: last line of file ends without a newline
"../handle_scan.c", line 49: warning #225-D: function "cyBot_sendString_2" declared implicitly
"../handle_scan.c", line 57: warning #1-D: last line of file ends without a newline
Finished building: "../handle_scan.c"
 
Building file: "../lcd.c"
Invoking: Arm Compiler
"C:/ti/ccs1271/ccs/tools/compiler/ti-cgt-arm_20.2.7.LTS/bin/armcl" -mv7M4 --code_state=16 --float_support=FPv4SPD16 -me --include_path="U:/CprE288/lab_5" --include_path="C:/ti/TivaWare_C_Series-2.2.0.295" --include_path="C:/ti/ccs1271/ccs/tools/compiler/ti-cgt-arm_20.2.7.LTS/include" --define=ccs="ccs" --define=PART_TM4C123GH6PM -g --gcc --diag_warning=225 --diag_wrap=off --display_error_number --abi=eabi --preproc_with_compile --preproc_dependency="lcd.d_raw"  "../lcd.c"
Finished building: "../lcd.c"
 
Building file: "../main.c"
Invoking: Arm Compiler
"C:/ti/ccs1271/ccs/tools/compiler/ti-cgt-arm_20.2.7.LTS/bin/armcl" -mv7M4 --code_state=16 --float_support=FPv4SPD16 -me --include_path="U:/CprE288/lab_5" --include_path="C:/ti/TivaWare_C_Series-2.2.0.295" --include_path="C:/ti/ccs1271/ccs/tools/compiler/ti-cgt-arm_20.2.7.LTS/include" --define=ccs="ccs" --define=PART_TM4C123GH6PM -g --gcc --diag_warning=225 --diag_wrap=off --display_error_number --abi=eabi --preproc_with_compile --preproc_dependency="main.d_raw"  "../main.c"
"..\handle_scan.h", line 14: warning #1-D: last line of file ends without a newline
"../main.c", line 36: warning #551-D: variable "cmd" is used before its value is set
"../main.c", line 31: warning #179-D: variable "str" was declared but never referenced
Finished building: "../main.c"
 
Building target: "lab_5.out"
Invoking: Arm Linker
"C:/ti/ccs1271/ccs/tools/compiler/ti-cgt-arm_20.2.7.LTS/bin/armcl" -mv7M4 --code_state=16 --float_support=FPv4SPD16 -me --define=ccs="ccs" --define=PART_TM4C123GH6PM -g --gcc --diag_warning=225 --diag_wrap=off --display_error_number --abi=eabi -z -m"lab_5.map" --heap_size=1024 --stack_size=2048 -i"C:/ti/ccs1271/ccs/tools/compiler/ti-cgt-arm_20.2.7.LTS/lib" -i"C:/ti/ccs1271/ccs/tools/compiler/ti-cgt-arm_20.2.7.LTS/include" --reread_libs --diag_wrap=off --display_error_number --warn_sections --xml_link_info="lab_5_linkInfo.xml" --rom_model -o "lab_5.out" "./Timer.obj" "./handle_data.obj" "./handle_scan.obj" "./lcd.obj" "./main.obj" "./tm4c123gh6pm_startup_ccs.obj" "../libcybotScan.lib" "../libcybotUART.lib" "../tm4c123gh6pm.cmd"  -llibc.a -l"C:/ti/TivaWare_C_Series-2.2.0.295/driverlib/ccs/Debug/driverlib.lib" 
<Linking>
 
 undefined          first referenced 
  symbol                in file      
 ---------          ---------------- 
 cyBot_sendString_2 ./handle_data.obj
 
error #10234-D: unresolved symbols remain
 
error #10010: errors encountered during linking; "lab_5.out" not built
>> Compilation failure
makefile:143: recipe for target 'lab_5.out' failed
gmake[1]: *** [lab_5.out] Error 1
gmake: *** [all] Error 2
makefile:139: recipe for target 'all' failed

**** Build Finished ****

**** Build of configuration Debug for project lab_5 ****

"C:\\ti\\ccs1271\\ccs\\utils\\bin\\gmake" -k -j 20 all -O 
 
Building file: "../handle_data.c"
Invoking: Arm Compiler
"C:/ti/ccs1271/ccs/tools/compiler/ti-cgt-arm_20.2.7.LTS/bin/armcl" -mv7M4 --code_state=16 --float_support=FPv4SPD16 -me --include_path="U:/CprE288/lab_5" --include_path="C:/ti/TivaWare_C_Series-2.2.0.295" --include_path="C:/ti/ccs1271/ccs/tools/compiler/ti-cgt-arm_20.2.7.LTS/include" --define=ccs="ccs" --define=PART_TM4C123GH6PM -g --gcc --diag_warning=225 --diag_wrap=off --display_error_number --abi=eabi --preproc_with_compile --preproc_dependency="handle_data.d_raw"  "../handle_data.c"
"../handle_data.c", line 15: warning #552-D: variable "deg" was set but never used
"../handle_data.c", line 16: warning #552-D: variable "pre" was set but never used
"../handle_data.c", line 16: warning #552-D: variable "nxt" was set but never used
"../handle_data.c", line 17: warning #179-D: variable "pre_dt" was declared but never referenced
"../handle_data.c", line 17: warning #179-D: variable "nxt_dt" was declared but never referenced
"../handle_data.c", line 198: warning #225-D: function "cyBot_sendByte" declared implicitly
Finished building: "../handle_data.c"
 
Building target: "lab_5.out"
Invoking: Arm Linker
"C:/ti/ccs1271/ccs/tools/compiler/ti-cgt-arm_20.2.7.LTS/bin/armcl" -mv7M4 --code_state=16 --float_support=FPv4SPD16 -me --define=ccs="ccs" --define=PART_TM4C123GH6PM -g --gcc --diag_warning=225 --diag_wrap=off --display_error_number --abi=eabi -z -m"lab_5.map" --heap_size=1024 --stack_size=2048 -i"C:/ti/ccs1271/ccs/tools/compiler/ti-cgt-arm_20.2.7.LTS/lib" -i"C:/ti/ccs1271/ccs/tools/compiler/ti-cgt-arm_20.2.7.LTS/include" --reread_libs --diag_wrap=off --display_error_number --warn_sections --xml_link_info="lab_5_linkInfo.xml" --rom_model -o "lab_5.out" "./Timer.obj" "./handle_data.obj" "./handle_scan.obj" "./lcd.obj" "./main.obj" "./tm4c123gh6pm_startup_ccs.obj" "../libcybotScan.lib" "../libcybotUART.lib" "../tm4c123gh6pm.cmd"  -llibc.a -l"C:/ti/TivaWare_C_Series-2.2.0.295/driverlib/ccs/Debug/driverlib.lib" 
<Linking>
 
 undefined          first referenced 
  symbol                in file      
 
 ---------          ---------------- 
>> Compilation failure
makefile:143: recipe for target 'lab_5.out' failed
 cyBot_sendString_2 ./handle_scan.obj
 
error #10234-D: unresolved symbols remain
error #10010: errors encountered during linking; "lab_5.out" not built
gmake[1]: *** [lab_5.out] Error 1
gmake: *** [all] Error 2
makefile:139: recipe for target 'all' failed

**** Build Finished ****

**** Build of configuration Debug for project lab_5 ****

"C:\\ti\\ccs1271\\ccs\\utils\\bin\\gmake" -k -j 20 all -O 
 
Building file: "../handle_scan.c"
Invoking: Arm Compiler
"C:/ti/ccs1271/ccs/tools/compiler/ti-cgt-arm_20.2.7.LTS/bin/armcl" -mv7M4 --code_state=16 --float_support=FPv4SPD16 -me --include_path="U:/CprE288/lab_5" --include_path="C:/ti/TivaWare_C_Series-2.2.0.295" --include_path="C:/ti/ccs1271/ccs/tools/compiler/ti-cgt-arm_20.2.7.LTS/include" --define=ccs="ccs" --define=PART_TM4C123GH6PM -g --gcc --diag_warning=225 --diag_wrap=off --display_error_number --abi=eabi --preproc_with_compile --preproc_dependency="handle_scan.d_raw"  "../handle_scan.c"
"..\handle_scan.h", line 14: warning #1-D: last line of file ends without a newline
Finished building: "../handle_scan.c"
 
Building target: "lab_5.out"
Invoking: Arm Linker
"C:/ti/ccs1271/ccs/tools/compiler/ti-cgt-arm_20.2.7.LTS/bin/armcl" -mv7M4 --code_state=16 --float_support=FPv4SPD16 -me --define=ccs="ccs" --define=PART_TM4C123GH6PM -g --gcc --diag_warning=225 --diag_wrap=off --display_error_number --abi=eabi -z -m"lab_5.map" --heap_size=1024 --stack_size=2048 -i"C:/ti/ccs1271/ccs/tools/compiler/ti-cgt-arm_20.2.7.LTS/lib" -i"C:/ti/ccs1271/ccs/tools/compiler/ti-cgt-arm_20.2.7.LTS/include" --reread_libs --diag_wrap=off --display_error_number --warn_sections --xml_link_info="lab_5_linkInfo.xml" --rom_model -o "lab_5.out" "./Timer.obj" "./handle_data.obj" "./handle_scan.obj" "./lcd.obj" "./main.obj" "./tm4c123gh6pm_startup_ccs.obj" "../libcybotScan.lib" "../libcybotUART.lib" "../tm4c123gh6pm.cmd"  -llibc.a -l"C:/ti/TivaWare_C_Series-2.2.0.295/driverlib/ccs/Debug/driverlib.lib" 
<Linking>
Finished building target: "lab_5.out"
 

**** Build Finished ****

**** Build of configuration Debug for project lab_5 ****

"C:\\ti\\ccs1271\\ccs\\utils\\bin\\gmake" -k -j 20 all -O 
 
Building file: "../main.c"
Invoking: Arm Compiler
"C:/ti/ccs1271/ccs/tools/compiler/ti-cgt-arm_20.2.7.LTS/bin/armcl" -mv7M4 --code_state=16 --float_support=FPv4SPD16 -me --include_path="U:/CprE288/lab_5" --include_path="C:/ti/TivaWare_C_Series-2.2.0.295" --include_path="C:/ti/ccs1271/ccs/tools/compiler/ti-cgt-arm_20.2.7.LTS/include" --define=ccs="ccs" --define=PART_TM4C123GH6PM -g --gcc --diag_warning=225 --diag_wrap=off --display_error_number --abi=eabi --preproc_with_compile --preproc_dependency="main.d_raw"  "../main.c"
"..\handle_scan.h", line 14: warning #1-D: last line of file ends without a newline
"../main.c", line 43: warning #551-D: variable "cmd" is used before its value is set
"../main.c", line 38: warning #179-D: variable "str" was declared but never referenced
Finished building: "../main.c"
 
Building target: "lab_5.out"
Invoking: Arm Linker
"C:/ti/ccs1271/ccs/tools/compiler/ti-cgt-arm_20.2.7.LTS/bin/armcl" -mv7M4 --code_state=16 --float_support=FPv4SPD16 -me --define=ccs="ccs" --define=PART_TM4C123GH6PM -g --gcc --diag_warning=225 --diag_wrap=off --display_error_number --abi=eabi -z -m"lab_5.map" --heap_size=1024 --stack_size=2048 -i"C:/ti/ccs1271/ccs/tools/compiler/ti-cgt-arm_20.2.7.LTS/lib" -i"C:/ti/ccs1271/ccs/tools/compiler/ti-cgt-arm_20.2.7.LTS/include" --reread_libs --diag_wrap=off --display_error_number --warn_sections --xml_link_info="lab_5_linkInfo.xml" --rom_model -o "lab_5.out" "./Timer.obj" "./handle_data.obj" "./handle_scan.obj" "./lcd.obj" "./main.obj" "./tm4c123gh6pm_startup_ccs.obj" "../libcybotScan.lib" "../libcybotUART.lib" "../tm4c123gh6pm.cmd"  -llibc.a -l"C:/ti/TivaWare_C_Series-2.2.0.295/driverlib/ccs/Debug/driverlib.lib" 
<Linking>
Finished building target: "lab_5.out"
 

**** Build Finished ****

**** Build of configuration Debug for project lab_5 ****

"C:\\ti\\ccs1271\\ccs\\utils\\bin\\gmake" -k -j 20 all -O 
 
Building file: "../handle_data.c"
Invoking: Arm Compiler
"C:/ti/ccs1271/ccs/tools/compiler/ti-cgt-arm_20.2.7.LTS/bin/armcl" -mv7M4 --code_state=16 --float_support=FPv4SPD16 -me --include_path="U:/CprE288/lab_5" --include_path="C:/ti/TivaWare_C_Series-2.2.0.295" --include_path="C:/ti/ccs1271/ccs/tools/compiler/ti-cgt-arm_20.2.7.LTS/include" --define=ccs="ccs" --define=PART_TM4C123GH6PM -g --gcc --diag_warning=225 --diag_wrap=off --display_error_number --abi=eabi --preproc_with_compile --preproc_dependency="handle_data.d_raw"  "../handle_data.c"
"../handle_data.c", line 15: warning #552-D: variable "deg" was set but never used
"../handle_data.c", line 16: warning #552-D: variable "pre" was set but never used
"../handle_data.c", line 16: warning #552-D: variable "nxt" was set but never used
"../handle_data.c", line 17: warning #179-D: variable "pre_dt" was declared but never referenced
"../handle_data.c", line 17: warning #179-D: variable "nxt_dt" was declared but never referenced
"../handle_data.c", line 202: warning #225-D: function "cyBot_sendByte" declared implicitly
Finished building: "../handle_data.c"
 
Building target: "lab_5.out"
Invoking: Arm Linker
"C:/ti/ccs1271/ccs/tools/compiler/ti-cgt-arm_20.2.7.LTS/bin/armcl" -mv7M4 --code_state=16 --float_support=FPv4SPD16 -me --define=ccs="ccs" --define=PART_TM4C123GH6PM -g --gcc --diag_warning=225 --diag_wrap=off --display_error_number --abi=eabi -z -m"lab_5.map" --heap_size=1024 --stack_size=2048 -i"C:/ti/ccs1271/ccs/tools/compiler/ti-cgt-arm_20.2.7.LTS/lib" -i"C:/ti/ccs1271/ccs/tools/compiler/ti-cgt-arm_20.2.7.LTS/include" --reread_libs --diag_wrap=off --display_error_number --warn_sections --xml_link_info="lab_5_linkInfo.xml" --rom_model -o "lab_5.out" "./Timer.obj" "./handle_data.obj" "./handle_scan.obj" "./lcd.obj" "./main.obj" "./tm4c123gh6pm_startup_ccs.obj" "../libcybotScan.lib" "../libcybotUART.lib" "../tm4c123gh6pm.cmd"  -llibc.a -l"C:/ti/TivaWare_C_Series-2.2.0.295/driverlib/ccs/Debug/driverlib.lib" 
<Linking>
Finished building target: "lab_5.out"
 

**** Build Finished ****

**** Build of configuration Debug for project lab_5 ****

"C:\\ti\\ccs1271\\ccs\\utils\\bin\\gmake" -k -j 20 all -O 
 
Building file: "../main.c"
Invoking: Arm Compiler
"C:/ti/ccs1271/ccs/tools/compiler/ti-cgt-arm_20.2.7.LTS/bin/armcl" -mv7M4 --code_state=16 --float_support=FPv4SPD16 -me --include_path="U:/CprE288/lab_5" --include_path="C:/ti/TivaWare_C_Series-2.2.0.295" --include_path="C:/ti/ccs1271/ccs/tools/compiler/ti-cgt-arm_20.2.7.LTS/include" --define=ccs="ccs" --define=PART_TM4C123GH6PM -g --gcc --diag_warning=225 --diag_wrap=off --display_error_number --abi=eabi --preproc_with_compile --preproc_dependency="main.d_raw"  "../main.c"
"..\handle_scan.h", line 14: warning #1-D: last line of file ends without a newline
"../main.c", line 43: warning #551-D: variable "cmd" is used before its value is set
"../main.c", line 38: warning #179-D: variable "str" was declared but never referenced
Finished building: "../main.c"
 
Building target: "lab_5.out"
Invoking: Arm Linker
"C:/ti/ccs1271/ccs/tools/compiler/ti-cgt-arm_20.2.7.LTS/bin/armcl" -mv7M4 --code_state=16 --float_support=FPv4SPD16 -me --define=ccs="ccs" --define=PART_TM4C123GH6PM -g --gcc --diag_warning=225 --diag_wrap=off --display_error_number --abi=eabi -z -m"lab_5.map" --heap_size=1024 --stack_size=2048 -i"C:/ti/ccs1271/ccs/tools/compiler/ti-cgt-arm_20.2.7.LTS/lib" -i"C:/ti/ccs1271/ccs/tools/compiler/ti-cgt-arm_20.2.7.LTS/include" --reread_libs --diag_wrap=off --display_error_number --warn_sections --xml_link_info="lab_5_linkInfo.xml" --rom_model -o "lab_5.out" "./Timer.obj" "./handle_data.obj" "./handle_scan.obj" "./lcd.obj" "./main.obj" "./tm4c123gh6pm_startup_ccs.obj" "../libcybotScan.lib" "../libcybotUART.lib" "../tm4c123gh6pm.cmd"  -llibc.a -l"C:/ti/TivaWare_C_Series-2.2.0.295/driverlib/ccs/Debug/driverlib.lib" 
<Linking>
Finished building target: "lab_5.out"
 

**** Build Finished ****

**** Build of configuration Debug for project lab_5 ****

"C:\\ti\\ccs1271\\ccs\\utils\\bin\\gmake" -k -j 20 all -O 
 
Building file: "../movement.c"
Invoking: Arm Compiler
"C:/ti/ccs1271/ccs/tools/compiler/ti-cgt-arm_20.2.7.LTS/bin/armcl" -mv7M4 --code_state=16 --float_support=FPv4SPD16 -me --include_path="U:/CprE288/lab_5" --include_path="C:/ti/TivaWare_C_Series-2.2.0.295" --include_path="C:/ti/ccs1271/ccs/tools/compiler/ti-cgt-arm_20.2.7.LTS/include" --define=ccs="ccs" --define=PART_TM4C123GH6PM -g --gcc --diag_warning=225 --diag_wrap=off --display_error_number --abi=eabi --preproc_with_compile --preproc_dependency="movement.d_raw"  "../movement.c"
 
>> Compilation failure
subdir_rules.mk:9: recipe for target 'movement.obj' failed
"../movement.c", line 38: error #20: identifier "ang" is undefined
"../movement.c", line 114: error #20: identifier "direction" is undefined
"../movement.c", line 125: error #20: identifier "rate_per_loop" is undefined
"../movement.c", line 110: warning #179-D: variable "dir" was declared but never referenced
"../movement.c", line 170: error #66: expected a ";"
"../movement.c", line 316: warning #225-D: function "move_internal" declared implicitly
"../movement.c", line 323: warning #225-D: function "move_internal" declared implicitly
4 errors detected in the compilation of "../movement.c".
gmake: *** [movement.obj] Error 1
Building file: "../main.c"
Invoking: Arm Compiler
"C:/ti/ccs1271/ccs/tools/compiler/ti-cgt-arm_20.2.7.LTS/bin/armcl" -mv7M4 --code_state=16 --float_support=FPv4SPD16 -me --include_path="U:/CprE288/lab_5" --include_path="C:/ti/TivaWare_C_Series-2.2.0.295" --include_path="C:/ti/ccs1271/ccs/tools/compiler/ti-cgt-arm_20.2.7.LTS/include" --define=ccs="ccs" --define=PART_TM4C123GH6PM -g --gcc --diag_warning=225 --diag_wrap=off --display_error_number --abi=eabi --preproc_with_compile --preproc_dependency="main.d_raw"  "../main.c"
 
>> Compilation failure
subdir_rules.mk:9: recipe for target 'main.obj' failed
"..\handle_scan.h", line 24: warning #1-D: last line of file ends without a newline
"../main.c", line 73: error #20: identifier "sensor" is undefined
"../main.c", line 77: error #20: identifier "sensor" is undefined
"../main.c", line 81: error #20: identifier "sensor" is undefined
"../main.c", line 85: error #20: identifier "sensor" is undefined
"../main.c", line 91: warning #227-D: the format string ends before this argument
"../main.c", line 39: warning #179-D: variable "object" was declared but never referenced
"../main.c", line 40: warning #179-D: variable "i" was declared but never referenced
4 errors detected in the compilation of "../main.c".
gmake: *** [main.obj] Error 1
Building file: "../handle_scan.c"
Invoking: Arm Compiler
"C:/ti/ccs1271/ccs/tools/compiler/ti-cgt-arm_20.2.7.LTS/bin/armcl" -mv7M4 --code_state=16 --float_support=FPv4SPD16 -me --include_path="U:/CprE288/lab_5" --include_path="C:/ti/TivaWare_C_Series-2.2.0.295" --include_path="C:/ti/ccs1271/ccs/tools/compiler/ti-cgt-arm_20.2.7.LTS/include" --define=ccs="ccs" --define=PART_TM4C123GH6PM -g --gcc --diag_warning=225 --diag_wrap=off --display_error_number --abi=eabi --preproc_with_compile --preproc_dependency="handle_scan.d_raw"  "../handle_scan.c"
"..\handle_scan.h", line 24: warning #1-D: last line of file ends without a newline
Finished building: "../handle_scan.c"
 
Building file: "../handle_data.c"
Invoking: Arm Compiler
"C:/ti/ccs1271/ccs/tools/compiler/ti-cgt-arm_20.2.7.LTS/bin/armcl" -mv7M4 --code_state=16 --float_support=FPv4SPD16 -me --include_path="U:/CprE288/lab_5" --include_path="C:/ti/TivaWare_C_Series-2.2.0.295" --include_path="C:/ti/ccs1271/ccs/tools/compiler/ti-cgt-arm_20.2.7.LTS/include" --define=ccs="ccs" --define=PART_TM4C123GH6PM -g --gcc --diag_warning=225 --diag_wrap=off --display_error_number --abi=eabi --preproc_with_compile --preproc_dependency="handle_data.d_raw"  "../handle_data.c"
"../handle_data.c", line 18: warning #552-D: variable "deg" was set but never used
"../handle_data.c", line 19: warning #552-D: variable "pre" was set but never used
"../handle_data.c", line 19: warning #552-D: variable "nxt" was set but never used
"../handle_data.c", line 20: warning #179-D: variable "pre_dt" was declared but never referenced
"../handle_data.c", line 20: warning #179-D: variable "nxt_dt" was declared but never referenced
"../handle_data.c", line 210: warning #225-D: function "cyBot_sendByte" declared implicitly
Finished building: "../handle_data.c"
 
Building file: "../open_interface.c"
Invoking: Arm Compiler
"C:/ti/ccs1271/ccs/tools/compiler/ti-cgt-arm_20.2.7.LTS/bin/armcl" -mv7M4 --code_state=16 --float_support=FPv4SPD16 -me --include_path="U:/CprE288/lab_5" --include_path="C:/ti/TivaWare_C_Series-2.2.0.295" --include_path="C:/ti/ccs1271/ccs/tools/compiler/ti-cgt-arm_20.2.7.LTS/include" --define=ccs="ccs" --define=PART_TM4C123GH6PM -g --gcc --diag_warning=225 --diag_wrap=off --display_error_number --abi=eabi --preproc_with_compile --preproc_dependency="open_interface.d_raw"  "../open_interface.c"
"../open_interface.c", line 356: warning #179-D: variable "charging_state" was declared but never referenced
Finished building: "../open_interface.c"
 
gmake: Target 'all' not remade because of errors.

**** Build Finished ****

**** Build of configuration Debug for project lab_5 ****

"C:\\ti\\ccs1271\\ccs\\utils\\bin\\gmake" -k -j 20 all -O 
 
Building file: "../movement.c"
Invoking: Arm Compiler
"C:/ti/ccs1271/ccs/tools/compiler/ti-cgt-arm_20.2.7.LTS/bin/armcl" -mv7M4 --code_state=16 --float_support=FPv4SPD16 -me --include_path="U:/CprE288/lab_5" --include_path="C:/ti/TivaWare_C_Series-2.2.0.295" --include_path="C:/ti/ccs1271/ccs/tools/compiler/ti-cgt-arm_20.2.7.LTS/include" --define=ccs="ccs" --define=PART_TM4C123GH6PM -g --gcc --diag_warning=225 --diag_wrap=off --display_error_number --abi=eabi --preproc_with_compile --preproc_dependency="movement.d_raw"  "../movement.c"
 
>> Compilation failure
subdir_rules.mk:9: recipe for target 'movement.obj' failed
"../movement.c", line 38: error #20: identifier "ang" is undefined
"../movement.c", line 114: error #20: identifier "direction" is undefined
"../movement.c", line 125: error #20: identifier "rate_per_loop" is undefined
"../movement.c", line 110: warning #179-D: variable "dir" was declared but never referenced
"../movement.c", line 170: error #66: expected a ";"
"../movement.c", line 316: warning #225-D: function "move_internal" declared implicitly
"../movement.c", line 323: warning #225-D: function "move_internal" declared implicitly
4 errors detected in the compilation of "../movement.c".
gmake: *** [movement.obj] Error 1
Building file: "../main.c"
Invoking: Arm Compiler
"C:/ti/ccs1271/ccs/tools/compiler/ti-cgt-arm_20.2.7.LTS/bin/armcl" -mv7M4 --code_state=16 --float_support=FPv4SPD16 -me --include_path="U:/CprE288/lab_5" --include_path="C:/ti/TivaWare_C_Series-2.2.0.295" --include_path="C:/ti/ccs1271/ccs/tools/compiler/ti-cgt-arm_20.2.7.LTS/include" --define=ccs="ccs" --define=PART_TM4C123GH6PM -g --gcc --diag_warning=225 --diag_wrap=off --display_error_number --abi=eabi --preproc_with_compile --preproc_dependency="main.d_raw"  "../main.c"
"..\handle_scan.h", line 24: warning #1-D: last line of file ends without a newline
"../main.c", line 91: warning #227-D: the format string ends before this argument
"../main.c", line 39: warning #179-D: variable "object" was declared but never referenced
"../main.c", line 40: warning #179-D: variable "i" was declared but never referenced
Finished building: "../main.c"
 
gmake: Target 'all' not remade because of errors.

**** Build Finished ****

**** Build of configuration Debug for project lab_5 ****

"C:\\ti\\ccs1271\\ccs\\utils\\bin\\gmake" -k -j 20 all -O 
 
Building file: "../movement.c"
Invoking: Arm Compiler
"C:/ti/ccs1271/ccs/tools/compiler/ti-cgt-arm_20.2.7.LTS/bin/armcl" -mv7M4 --code_state=16 --float_support=FPv4SPD16 -me --include_path="U:/CprE288/lab_5" --include_path="C:/ti/TivaWare_C_Series-2.2.0.295" --include_path="C:/ti/ccs1271/ccs/tools/compiler/ti-cgt-arm_20.2.7.LTS/include" --define=ccs="ccs" --define=PART_TM4C123GH6PM -g --gcc --diag_warning=225 --diag_wrap=off --display_error_number --abi=eabi --preproc_with_compile --preproc_dependency="movement.d_raw"  "../movement.c"
"../movement.c", line 316: warning #225-D: function "move_internal" declared implicitly
"../movement.c", line 323: warning #225-D: function "move_internal" declared implicitly
Finished building: "../movement.c"
 
Building target: "lab_5.out"
Invoking: Arm Linker
"C:/ti/ccs1271/ccs/tools/compiler/ti-cgt-arm_20.2.7.LTS/bin/armcl" -mv7M4 --code_state=16 --float_support=FPv4SPD16 -me --define=ccs="ccs" --define=PART_TM4C123GH6PM -g --gcc --diag_warning=225 --diag_wrap=off --display_error_number --abi=eabi -z -m"lab_5.map" --heap_size=1024 --stack_size=2048 -i"C:/ti/ccs1271/ccs/tools/compiler/ti-cgt-arm_20.2.7.LTS/lib" -i"C:/ti/ccs1271/ccs/tools/compiler/ti-cgt-arm_20.2.7.LTS/include" --reread_libs --diag_wrap=off --display_error_number --warn_sections --xml_link_info="lab_5_linkInfo.xml" --rom_model -o "lab_5.out" "./Timer.obj" "./handle_data.obj" "./handle_scan.obj" "./lcd.obj" "./main.obj" "./movement.obj" "./open_interface.obj" "./tm4c123gh6pm_startup_ccs.obj" "../libcybotScan.lib" "../libcybotUART.lib" "../tm4c123gh6pm.cmd"  -llibc.a -l"C:/ti/TivaWare_C_Series-2.2.0.295/driverlib/ccs/Debug/driverlib.lib" 
<Linking>
 
 undefined     first referenced
  symbol           in file     
 ---------     ----------------
 move_internal ./movement.obj  
 
error #10234-D: unresolved symbols remain
error #10010: errors encountered during linking; "lab_5.out" not built
gmake[1]: *** [lab_5.out] Error 1
gmake: *** [all] Error 2
 
>> Compilation failure
makefile:145: recipe for target 'lab_5.out' failed
makefile:141: recipe for target 'all' failed

**** Build Finished ****

**** Build of configuration Debug for project lab_5 ****

"C:\\ti\\ccs1271\\ccs\\utils\\bin\\gmake" -k -j 20 all -O 
 
Building file: "../movement.c"
Invoking: Arm Compiler
"C:/ti/ccs1271/ccs/tools/compiler/ti-cgt-arm_20.2.7.LTS/bin/armcl" -mv7M4 --code_state=16 --float_support=FPv4SPD16 -me --include_path="U:/CprE288/lab_5" --include_path="C:/ti/TivaWare_C_Series-2.2.0.295" --include_path="C:/ti/ccs1271/ccs/tools/compiler/ti-cgt-arm_20.2.7.LTS/include" --define=ccs="ccs" --define=PART_TM4C123GH6PM -g --gcc --diag_warning=225 --diag_wrap=off --display_error_number --abi=eabi --preproc_with_compile --preproc_dependency="movement.d_raw"  "../movement.c"
Finished building: "../movement.c"
 
Building target: "lab_5.out"
Invoking: Arm Linker
"C:/ti/ccs1271/ccs/tools/compiler/ti-cgt-arm_20.2.7.LTS/bin/armcl" -mv7M4 --code_state=16 --float_support=FPv4SPD16 -me --define=ccs="ccs" --define=PART_TM4C123GH6PM -g --gcc --diag_warning=225 --diag_wrap=off --display_error_number --abi=eabi -z -m"lab_5.map" --heap_size=1024 --stack_size=2048 -i"C:/ti/ccs1271/ccs/tools/compiler/ti-cgt-arm_20.2.7.LTS/lib" -i"C:/ti/ccs1271/ccs/tools/compiler/ti-cgt-arm_20.2.7.LTS/include" --reread_libs --diag_wrap=off --display_error_number --warn_sections --xml_link_info="lab_5_linkInfo.xml" --rom_model -o "lab_5.out" "./Timer.obj" "./handle_data.obj" "./handle_scan.obj" "./lcd.obj" "./main.obj" "./movement.obj" "./open_interface.obj" "./tm4c123gh6pm_startup_ccs.obj" "../libcybotScan.lib" "../libcybotUART.lib" "../tm4c123gh6pm.cmd"  -llibc.a -l"C:/ti/TivaWare_C_Series-2.2.0.295/driverlib/ccs/Debug/driverlib.lib" 
<Linking>
Finished building target: "lab_5.out"
 

**** Build Finished ****

**** Build of configuration Debug for project lab_5 ****

"C:\\ti\\ccs1271\\ccs\\utils\\bin\\gmake" -k -j 20 all -O 
 
gmake[1]: 'lab_5.out' is up to date.

**** Build Finished ****

**** Build of configuration Debug for project lab_5 ****

"C:\\ti\\ccs1271\\ccs\\utils\\bin\\gmake" -k -j 20 all -O 
 
gmake[1]: 'lab_5.out' is up to date.

**** Build Finished ****

**** Build of configuration Debug for project lab_5 ****

"C:\\ti\\ccs1271\\ccs\\utils\\bin\\gmake" -k -j 20 all -O 
 
gmake[1]: 'lab_5.out' is up to date.

**** Build Finished ****

**** Build of configuration Debug for project lab_5 ****

"C:\\ti\\ccs1271\\ccs\\utils\\bin\\gmake" -k -j 20 all -O 
 
Building file: "../movement.c"
Invoking: Arm Compiler
"C:/ti/ccs1271/ccs/tools/compiler/ti-cgt-arm_20.2.7.LTS/bin/armcl" -mv7M4 --code_state=16 --float_support=FPv4SPD16 -me --include_path="U:/CprE288/lab_5" --include_path="C:/ti/TivaWare_C_Series-2.2.0.295" --include_path="C:/ti/ccs1271/ccs/tools/compiler/ti-cgt-arm_20.2.7.LTS/include" --define=ccs="ccs" --define=PART_TM4C123GH6PM -g --gcc --diag_warning=225 --diag_wrap=off --display_error_number --abi=eabi --preproc_with_compile --preproc_dependency="movement.d_raw"  "../movement.c"
Finished building: "../movement.c"
 
Building target: "lab_5.out"
Invoking: Arm Linker
"C:/ti/ccs1271/ccs/tools/compiler/ti-cgt-arm_20.2.7.LTS/bin/armcl" -mv7M4 --code_state=16 --float_support=FPv4SPD16 -me --define=ccs="ccs" --define=PART_TM4C123GH6PM -g --gcc --diag_warning=225 --diag_wrap=off --display_error_number --abi=eabi -z -m"lab_5.map" --heap_size=1024 --stack_size=2048 -i"C:/ti/ccs1271/ccs/tools/compiler/ti-cgt-arm_20.2.7.LTS/lib" -i"C:/ti/ccs1271/ccs/tools/compiler/ti-cgt-arm_20.2.7.LTS/include" --reread_libs --diag_wrap=off --display_error_number --warn_sections --xml_link_info="lab_5_linkInfo.xml" --rom_model -o "lab_5.out" "./Timer.obj" "./handle_data.obj" "./handle_scan.obj" "./lcd.obj" "./main.obj" "./movement.obj" "./open_interface.obj" "./tm4c123gh6pm_startup_ccs.obj" "../libcybotScan.lib" "../libcybotUART.lib" "../tm4c123gh6pm.cmd"  -llibc.a -l"C:/ti/TivaWare_C_Series-2.2.0.295/driverlib/ccs/Debug/driverlib.lib" 
<Linking>
Finished building target: "lab_5.out"
 

**** Build Finished ****

**** Build of configuration Debug for project lab_5 ****

"C:\\ti\\ccs1271\\ccs\\utils\\bin\\gmake" -k -j 20 all -O 
 
Building file: "../movement.c"
Invoking: Arm Compiler
"C:/ti/ccs1271/ccs/tools/compiler/ti-cgt-arm_20.2.7.LTS/bin/armcl" -mv7M4 --code_state=16 --float_support=FPv4SPD16 -me --include_path="U:/CprE288/lab_5" --include_path="C:/ti/TivaWare_C_Series-2.2.0.295" --include_path="C:/ti/ccs1271/ccs/tools/compiler/ti-cgt-arm_20.2.7.LTS/include" --define=ccs="ccs" --define=PART_TM4C123GH6PM -g --gcc --diag_warning=225 --diag_wrap=off --display_error_number --abi=eabi --preproc_with_compile --preproc_dependency="movement.d_raw"  "../movement.c"
Finished building: "../movement.c"
 
Building target: "lab_5.out"
Invoking: Arm Linker
"C:/ti/ccs1271/ccs/tools/compiler/ti-cgt-arm_20.2.7.LTS/bin/armcl" -mv7M4 --code_state=16 --float_support=FPv4SPD16 -me --define=ccs="ccs" --define=PART_TM4C123GH6PM -g --gcc --diag_warning=225 --diag_wrap=off --display_error_number --abi=eabi -z -m"lab_5.map" --heap_size=1024 --stack_size=2048 -i"C:/ti/ccs1271/ccs/tools/compiler/ti-cgt-arm_20.2.7.LTS/lib" -i"C:/ti/ccs1271/ccs/tools/compiler/ti-cgt-arm_20.2.7.LTS/include" --reread_libs --diag_wrap=off --display_error_number --warn_sections --xml_link_info="lab_5_linkInfo.xml" --rom_model -o "lab_5.out" "./Timer.obj" "./handle_data.obj" "./handle_scan.obj" "./lcd.obj" "./main.obj" "./movement.obj" "./open_interface.obj" "./tm4c123gh6pm_startup_ccs.obj" "../libcybotScan.lib" "../libcybotUART.lib" "../tm4c123gh6pm.cmd"  -llibc.a -l"C:/ti/TivaWare_C_Series-2.2.0.295/driverlib/ccs/Debug/driverlib.lib" 
<Linking>
Finished building target: "lab_5.out"
 

**** Build Finished ****

**** Build of configuration Debug for project lab_5 ****

"C:\\ti\\ccs1271\\ccs\\utils\\bin\\gmake" -k -j 20 all -O 
 
Building file: "../movement.c"
Invoking: Arm Compiler
"C:/ti/ccs1271/ccs/tools/compiler/ti-cgt-arm_20.2.7.LTS/bin/armcl" -mv7M4 --code_state=16 --float_support=FPv4SPD16 -me --include_path="U:/CprE288/lab_5" --include_path="C:/ti/TivaWare_C_Series-2.2.0.295" --include_path="C:/ti/ccs1271/ccs/tools/compiler/ti-cgt-arm_20.2.7.LTS/include" --define=ccs="ccs" --define=PART_TM4C123GH6PM -g --gcc --diag_warning=225 --diag_wrap=off --display_error_number --abi=eabi --preproc_with_compile --preproc_dependency="movement.d_raw"  "../movement.c"
Finished building: "../movement.c"
 
Building target: "lab_5.out"
Invoking: Arm Linker
"C:/ti/ccs1271/ccs/tools/compiler/ti-cgt-arm_20.2.7.LTS/bin/armcl" -mv7M4 --code_state=16 --float_support=FPv4SPD16 -me --define=ccs="ccs" --define=PART_TM4C123GH6PM -g --gcc --diag_warning=225 --diag_wrap=off --display_error_number --abi=eabi -z -m"lab_5.map" --heap_size=1024 --stack_size=2048 -i"C:/ti/ccs1271/ccs/tools/compiler/ti-cgt-arm_20.2.7.LTS/lib" -i"C:/ti/ccs1271/ccs/tools/compiler/ti-cgt-arm_20.2.7.LTS/include" --reread_libs --diag_wrap=off --display_error_number --warn_sections --xml_link_info="lab_5_linkInfo.xml" --rom_model -o "lab_5.out" "./Timer.obj" "./handle_data.obj" "./handle_scan.obj" "./lcd.obj" "./main.obj" "./movement.obj" "./open_interface.obj" "./tm4c123gh6pm_startup_ccs.obj" "../libcybotScan.lib" "../libcybotUART.lib" "../tm4c123gh6pm.cmd"  -llibc.a -l"C:/ti/TivaWare_C_Series-2.2.0.295/driverlib/ccs/Debug/driverlib.lib" 
<Linking>
Finished building target: "lab_5.out"
 

**** Build Finished ****

**** Build of configuration Debug for project lab_5 ****

"C:\\ti\\ccs1271\\ccs\\utils\\bin\\gmake" -k -j 20 all -O 
 
Building file: "../movement.c"
Invoking: Arm Compiler
"C:/ti/ccs1271/ccs/tools/compiler/ti-cgt-arm_20.2.7.LTS/bin/armcl" -mv7M4 --code_state=16 --float_support=FPv4SPD16 -me --include_path="U:/CprE288/lab_5" --include_path="C:/ti/TivaWare_C_Series-2.2.0.295" --include_path="C:/ti/ccs1271/ccs/tools/compiler/ti-cgt-arm_20.2.7.LTS/include" --define=ccs="ccs" --define=PART_TM4C123GH6PM -g --gcc --diag_warning=225 --diag_wrap=off --display_error_number --abi=eabi --preproc_with_compile --preproc_dependency="movement.d_raw"  "../movement.c"
Finished building: "../movement.c"
 
Building target: "lab_5.out"
Invoking: Arm Linker
"C:/ti/ccs1271/ccs/tools/compiler/ti-cgt-arm_20.2.7.LTS/bin/armcl" -mv7M4 --code_state=16 --float_support=FPv4SPD16 -me --define=ccs="ccs" --define=PART_TM4C123GH6PM -g --gcc --diag_warning=225 --diag_wrap=off --display_error_number --abi=eabi -z -m"lab_5.map" --heap_size=1024 --stack_size=2048 -i"C:/ti/ccs1271/ccs/tools/compiler/ti-cgt-arm_20.2.7.LTS/lib" -i"C:/ti/ccs1271/ccs/tools/compiler/ti-cgt-arm_20.2.7.LTS/include" --reread_libs --diag_wrap=off --display_error_number --warn_sections --xml_link_info="lab_5_linkInfo.xml" --rom_model -o "lab_5.out" "./Timer.obj" "./handle_data.obj" "./handle_scan.obj" "./lcd.obj" "./main.obj" "./movement.obj" "./open_interface.obj" "./tm4c123gh6pm_startup_ccs.obj" "../libcybotScan.lib" "../libcybotUART.lib" "../tm4c123gh6pm.cmd"  -llibc.a -l"C:/ti/TivaWare_C_Series-2.2.0.295/driverlib/ccs/Debug/driverlib.lib" 
<Linking>
Finished building target: "lab_5.out"
 

**** Build Finished ****

**** Build of configuration Debug for project lab_5 ****

"C:\\ti\\ccs1271\\ccs\\utils\\bin\\gmake" -k -j 20 all -O 
 
gmake[1]: 'lab_5.out' is up to date.

**** Build Finished ****

**** Build of configuration Debug for project lab_5 ****

"C:\\ti\\ccs1271\\ccs\\utils\\bin\\gmake" -k -j 20 all -O 
 
Building file: "../movement.c"
Invoking: Arm Compiler
"C:/ti/ccs1271/ccs/tools/compiler/ti-cgt-arm_20.2.7.LTS/bin/armcl" -mv7M4 --code_state=16 --float_support=FPv4SPD16 -me --include_path="U:/CprE288/lab_5" --include_path="C:/ti/TivaWare_C_Series-2.2.0.295" --include_path="C:/ti/ccs1271/ccs/tools/compiler/ti-cgt-arm_20.2.7.LTS/include" --define=ccs="ccs" --define=PART_TM4C123GH6PM -g --gcc --diag_warning=225 --diag_wrap=off --display_error_number --abi=eabi --preproc_with_compile --preproc_dependency="movement.d_raw"  "../movement.c"
"../movement.c", line 123: warning #225-D: function "cyBot_sendString" declared implicitly
Finished building: "../movement.c"
 
Building target: "lab_5.out"
Invoking: Arm Linker
"C:/ti/ccs1271/ccs/tools/compiler/ti-cgt-arm_20.2.7.LTS/bin/armcl" -mv7M4 --code_state=16 --float_support=FPv4SPD16 -me --define=ccs="ccs" --define=PART_TM4C123GH6PM -g --gcc --diag_warning=225 --diag_wrap=off --display_error_number --abi=eabi -z -m"lab_5.map" --heap_size=1024 --stack_size=2048 -i"C:/ti/ccs1271/ccs/tools/compiler/ti-cgt-arm_20.2.7.LTS/lib" -i"C:/ti/ccs1271/ccs/tools/compiler/ti-cgt-arm_20.2.7.LTS/include" --reread_libs --diag_wrap=off --display_error_number --warn_sections --xml_link_info="lab_5_linkInfo.xml" --rom_model -o "lab_5.out" "./Timer.obj" "./handle_data.obj" "./handle_scan.obj" "./lcd.obj" "./main.obj" "./movement.obj" "./open_interface.obj" "./tm4c123gh6pm_startup_ccs.obj" "../libcybotScan.lib" "../libcybotUART.lib" "../tm4c123gh6pm.cmd"  -llibc.a -l"C:/ti/TivaWare_C_Series-2.2.0.295/driverlib/ccs/Debug/driverlib.lib" 
<Linking>
Finished building target: "lab_5.out"
 

**** Build Finished ****

**** Build of configuration Debug for project lab_5 ****

"C:\\ti\\ccs1271\\ccs\\utils\\bin\\gmake" -k -j 20 all -O 
 
Building file: "../movement.c"
Invoking: Arm Compiler
"C:/ti/ccs1271/ccs/tools/compiler/ti-cgt-arm_20.2.7.LTS/bin/armcl" -mv7M4 --code_state=16 --float_support=FPv4SPD16 -me --include_path="U:/CprE288/lab_5" --include_path="C:/ti/TivaWare_C_Series-2.2.0.295" --include_path="C:/ti/ccs1271/ccs/tools/compiler/ti-cgt-arm_20.2.7.LTS/include" --define=ccs="ccs" --define=PART_TM4C123GH6PM -g --gcc --diag_warning=225 --diag_wrap=off --display_error_number --abi=eabi --preproc_with_compile --preproc_dependency="movement.d_raw"  "../movement.c"
"../movement.c", line 123: warning #225-D: function "cyBot_sendString" declared implicitly
Finished building: "../movement.c"
 
Building target: "lab_5.out"
Invoking: Arm Linker
"C:/ti/ccs1271/ccs/tools/compiler/ti-cgt-arm_20.2.7.LTS/bin/armcl" -mv7M4 --code_state=16 --float_support=FPv4SPD16 -me --define=ccs="ccs" --define=PART_TM4C123GH6PM -g --gcc --diag_warning=225 --diag_wrap=off --display_error_number --abi=eabi -z -m"lab_5.map" --heap_size=1024 --stack_size=2048 -i"C:/ti/ccs1271/ccs/tools/compiler/ti-cgt-arm_20.2.7.LTS/lib" -i"C:/ti/ccs1271/ccs/tools/compiler/ti-cgt-arm_20.2.7.LTS/include" --reread_libs --diag_wrap=off --display_error_number --warn_sections --xml_link_info="lab_5_linkInfo.xml" --rom_model -o "lab_5.out" "./Timer.obj" "./handle_data.obj" "./handle_scan.obj" "./lcd.obj" "./main.obj" "./movement.obj" "./open_interface.obj" "./tm4c123gh6pm_startup_ccs.obj" "../libcybotScan.lib" "../libcybotUART.lib" "../tm4c123gh6pm.cmd"  -llibc.a -l"C:/ti/TivaWare_C_Series-2.2.0.295/driverlib/ccs/Debug/driverlib.lib" 
<Linking>
Finished building target: "lab_5.out"
 

**** Build Finished ****

**** Build of configuration Debug for project lab_5 ****

"C:\\ti\\ccs1271\\ccs\\utils\\bin\\gmake" -k -j 20 all -O 
 
Building file: "../main.c"
Invoking: Arm Compiler
"C:/ti/ccs1271/ccs/tools/compiler/ti-cgt-arm_20.2.7.LTS/bin/armcl" -mv7M4 --code_state=16 --float_support=FPv4SPD16 -me --include_path="U:/CprE288/lab_5" --include_path="C:/ti/TivaWare_C_Series-2.2.0.295" --include_path="C:/ti/ccs1271/ccs/tools/compiler/ti-cgt-arm_20.2.7.LTS/include" --define=ccs="ccs" --define=PART_TM4C123GH6PM -g --gcc --diag_warning=225 --diag_wrap=off --display_error_number --abi=eabi --preproc_with_compile --preproc_dependency="main.d_raw"  "../main.c"
"..\handle_scan.h", line 24: warning #1-D: last line of file ends without a newline
"../main.c", line 93: warning #227-D: the format string ends before this argument
"../main.c", line 41: warning #179-D: variable "object" was declared but never referenced
"../main.c", line 42: warning #179-D: variable "i" was declared but never referenced
Finished building: "../main.c"
 
Building target: "lab_5.out"
Invoking: Arm Linker
"C:/ti/ccs1271/ccs/tools/compiler/ti-cgt-arm_20.2.7.LTS/bin/armcl" -mv7M4 --code_state=16 --float_support=FPv4SPD16 -me --define=ccs="ccs" --define=PART_TM4C123GH6PM -g --gcc --diag_warning=225 --diag_wrap=off --display_error_number --abi=eabi -z -m"lab_5.map" --heap_size=1024 --stack_size=2048 -i"C:/ti/ccs1271/ccs/tools/compiler/ti-cgt-arm_20.2.7.LTS/lib" -i"C:/ti/ccs1271/ccs/tools/compiler/ti-cgt-arm_20.2.7.LTS/include" --reread_libs --diag_wrap=off --display_error_number --warn_sections --xml_link_info="lab_5_linkInfo.xml" --rom_model -o "lab_5.out" "./Timer.obj" "./handle_data.obj" "./handle_scan.obj" "./lcd.obj" "./main.obj" "./movement.obj" "./open_interface.obj" "./tm4c123gh6pm_startup_ccs.obj" "../libcybotScan.lib" "../libcybotUART.lib" "../tm4c123gh6pm.cmd"  -llibc.a -l"C:/ti/TivaWare_C_Series-2.2.0.295/driverlib/ccs/Debug/driverlib.lib" 
<Linking>
Finished building target: "lab_5.out"
 

**** Build Finished ****

**** Build of configuration Debug for project lab_5 ****

"C:\\ti\\ccs1271\\ccs\\utils\\bin\\gmake" -k -j 20 all -O 
 
Building file: "../movement.c"
Invoking: Arm Compiler
"C:/ti/ccs1271/ccs/tools/compiler/ti-cgt-arm_20.2.7.LTS/bin/armcl" -mv7M4 --code_state=16 --float_support=FPv4SPD16 -me --include_path="U:/CprE288/lab_5" --include_path="C:/ti/TivaWare_C_Series-2.2.0.295" --include_path="C:/ti/ccs1271/ccs/tools/compiler/ti-cgt-arm_20.2.7.LTS/include" --define=ccs="ccs" --define=PART_TM4C123GH6PM -g --gcc --diag_warning=225 --diag_wrap=off --display_error_number --abi=eabi --preproc_with_compile --preproc_dependency="movement.d_raw"  "../movement.c"
"../movement.c", line 123: warning #225-D: function "cyBot_sendString" declared implicitly
Finished building: "../movement.c"
 
Building target: "lab_5.out"
Invoking: Arm Linker
"C:/ti/ccs1271/ccs/tools/compiler/ti-cgt-arm_20.2.7.LTS/bin/armcl" -mv7M4 --code_state=16 --float_support=FPv4SPD16 -me --define=ccs="ccs" --define=PART_TM4C123GH6PM -g --gcc --diag_warning=225 --diag_wrap=off --display_error_number --abi=eabi -z -m"lab_5.map" --heap_size=1024 --stack_size=2048 -i"C:/ti/ccs1271/ccs/tools/compiler/ti-cgt-arm_20.2.7.LTS/lib" -i"C:/ti/ccs1271/ccs/tools/compiler/ti-cgt-arm_20.2.7.LTS/include" --reread_libs --diag_wrap=off --display_error_number --warn_sections --xml_link_info="lab_5_linkInfo.xml" --rom_model -o "lab_5.out" "./Timer.obj" "./handle_data.obj" "./handle_scan.obj" "./lcd.obj" "./main.obj" "./movement.obj" "./open_interface.obj" "./tm4c123gh6pm_startup_ccs.obj" "../libcybotScan.lib" "../libcybotUART.lib" "../tm4c123gh6pm.cmd"  -llibc.a -l"C:/ti/TivaWare_C_Series-2.2.0.295/driverlib/ccs/Debug/driverlib.lib" 
<Linking>
Finished building target: "lab_5.out"
 

**** Build Finished ****

**** Build of configuration Debug for project lab_5 ****

"C:\\ti\\ccs1271\\ccs\\utils\\bin\\gmake" -k -j 20 all -O 
 
Building file: "../movement.c"
Invoking: Arm Compiler
"C:/ti/ccs1271/ccs/tools/compiler/ti-cgt-arm_20.2.7.LTS/bin/armcl" -mv7M4 --code_state=16 --float_support=FPv4SPD16 -me --include_path="U:/CprE288/lab_5" --include_path="C:/ti/TivaWare_C_Series-2.2.0.295" --include_path="C:/ti/ccs1271/ccs/tools/compiler/ti-cgt-arm_20.2.7.LTS/include" --define=ccs="ccs" --define=PART_TM4C123GH6PM -g --gcc --diag_warning=225 --diag_wrap=off --display_error_number --abi=eabi --preproc_with_compile --preproc_dependency="movement.d_raw"  "../movement.c"
"../movement.c", line 123: warning #225-D: function "cyBot_sendString" declared implicitly
Finished building: "../movement.c"
 
Building target: "lab_5.out"
Invoking: Arm Linker
"C:/ti/ccs1271/ccs/tools/compiler/ti-cgt-arm_20.2.7.LTS/bin/armcl" -mv7M4 --code_state=16 --float_support=FPv4SPD16 -me --define=ccs="ccs" --define=PART_TM4C123GH6PM -g --gcc --diag_warning=225 --diag_wrap=off --display_error_number --abi=eabi -z -m"lab_5.map" --heap_size=1024 --stack_size=2048 -i"C:/ti/ccs1271/ccs/tools/compiler/ti-cgt-arm_20.2.7.LTS/lib" -i"C:/ti/ccs1271/ccs/tools/compiler/ti-cgt-arm_20.2.7.LTS/include" --reread_libs --diag_wrap=off --display_error_number --warn_sections --xml_link_info="lab_5_linkInfo.xml" --rom_model -o "lab_5.out" "./Timer.obj" "./handle_data.obj" "./handle_scan.obj" "./lcd.obj" "./main.obj" "./movement.obj" "./open_interface.obj" "./tm4c123gh6pm_startup_ccs.obj" "../libcybotScan.lib" "../libcybotUART.lib" "../tm4c123gh6pm.cmd"  -llibc.a -l"C:/ti/TivaWare_C_Series-2.2.0.295/driverlib/ccs/Debug/driverlib.lib" 
<Linking>
Finished building target: "lab_5.out"
 

**** Build Finished ****

**** Build of configuration Debug for project lab_5 ****

"C:\\ti\\ccs1271\\ccs\\utils\\bin\\gmake" -k -j 20 all -O 
 
Building file: "../main.c"
Invoking: Arm Compiler
"C:/ti/ccs1271/ccs/tools/compiler/ti-cgt-arm_20.2.7.LTS/bin/armcl" -mv7M4 --code_state=16 --float_support=FPv4SPD16 -me --include_path="U:/CprE288/lab_5" --include_path="C:/ti/TivaWare_C_Series-2.2.0.295" --include_path="C:/ti/ccs1271/ccs/tools/compiler/ti-cgt-arm_20.2.7.LTS/include" --define=ccs="ccs" --define=PART_TM4C123GH6PM -g --gcc --diag_warning=225 --diag_wrap=off --display_error_number --abi=eabi --preproc_with_compile --preproc_dependency="main.d_raw"  "../main.c"
"..\handle_scan.h", line 24: warning #1-D: last line of file ends without a newline
"../main.c", line 93: warning #227-D: the format string ends before this argument
"../main.c", line 41: warning #179-D: variable "object" was declared but never referenced
"../main.c", line 42: warning #179-D: variable "i" was declared but never referenced
Finished building: "../main.c"
 
Building file: "../movement.c"
Invoking: Arm Compiler
"C:/ti/ccs1271/ccs/tools/compiler/ti-cgt-arm_20.2.7.LTS/bin/armcl" -mv7M4 --code_state=16 --float_support=FPv4SPD16 -me --include_path="U:/CprE288/lab_5" --include_path="C:/ti/TivaWare_C_Series-2.2.0.295" --include_path="C:/ti/ccs1271/ccs/tools/compiler/ti-cgt-arm_20.2.7.LTS/include" --define=ccs="ccs" --define=PART_TM4C123GH6PM -g --gcc --diag_warning=225 --diag_wrap=off --display_error_number --abi=eabi --preproc_with_compile --preproc_dependency="movement.d_raw"  "../movement.c"
Finished building: "../movement.c"
 
Building target: "lab_5.out"
Invoking: Arm Linker
"C:/ti/ccs1271/ccs/tools/compiler/ti-cgt-arm_20.2.7.LTS/bin/armcl" -mv7M4 --code_state=16 --float_support=FPv4SPD16 -me --define=ccs="ccs" --define=PART_TM4C123GH6PM -g --gcc --diag_warning=225 --diag_wrap=off --display_error_number --abi=eabi -z -m"lab_5.map" --heap_size=1024 --stack_size=2048 -i"C:/ti/ccs1271/ccs/tools/compiler/ti-cgt-arm_20.2.7.LTS/lib" -i"C:/ti/ccs1271/ccs/tools/compiler/ti-cgt-arm_20.2.7.LTS/include" --reread_libs --diag_wrap=off --display_error_number --warn_sections --xml_link_info="lab_5_linkInfo.xml" --rom_model -o "lab_5.out" "./Timer.obj" "./handle_data.obj" "./handle_scan.obj" "./lcd.obj" "./main.obj" "./movement.obj" "./open_interface.obj" "./tm4c123gh6pm_startup_ccs.obj" "../libcybotScan.lib" "../libcybotUART.lib" "../tm4c123gh6pm.cmd"  -llibc.a -l"C:/ti/TivaWare_C_Series-2.2.0.295/driverlib/ccs/Debug/driverlib.lib" 
<Linking>
Finished building target: "lab_5.out"
 

**** Build Finished ****

**** Build of configuration Debug for project lab_5 ****

"C:\\ti\\ccs1271\\ccs\\utils\\bin\\gmake" -k -j 20 all -O 
 
Building file: "../main.c"
Invoking: Arm Compiler
"C:/ti/ccs1271/ccs/tools/compiler/ti-cgt-arm_20.2.7.LTS/bin/armcl" -mv7M4 --code_state=16 --float_support=FPv4SPD16 -me --include_path="U:/CprE288/lab_5" --include_path="C:/ti/TivaWare_C_Series-2.2.0.295" --include_path="C:/ti/ccs1271/ccs/tools/compiler/ti-cgt-arm_20.2.7.LTS/include" --define=ccs="ccs" --define=PART_TM4C123GH6PM -g --gcc --diag_warning=225 --diag_wrap=off --display_error_number --abi=eabi --preproc_with_compile --preproc_dependency="main.d_raw"  "../main.c"
"..\handle_scan.h", line 24: warning #1-D: last line of file ends without a newline
"../main.c", line 93: warning #227-D: the format string ends before this argument
"../main.c", line 41: warning #179-D: variable "object" was declared but never referenced
"../main.c", line 42: warning #179-D: variable "i" was declared but never referenced
Finished building: "../main.c"
 
Building target: "lab_5.out"
Invoking: Arm Linker
"C:/ti/ccs1271/ccs/tools/compiler/ti-cgt-arm_20.2.7.LTS/bin/armcl" -mv7M4 --code_state=16 --float_support=FPv4SPD16 -me --define=ccs="ccs" --define=PART_TM4C123GH6PM -g --gcc --diag_warning=225 --diag_wrap=off --display_error_number --abi=eabi -z -m"lab_5.map" --heap_size=1024 --stack_size=2048 -i"C:/ti/ccs1271/ccs/tools/compiler/ti-cgt-arm_20.2.7.LTS/lib" -i"C:/ti/ccs1271/ccs/tools/compiler/ti-cgt-arm_20.2.7.LTS/include" --reread_libs --diag_wrap=off --display_error_number --warn_sections --xml_link_info="lab_5_linkInfo.xml" --rom_model -o "lab_5.out" "./Timer.obj" "./handle_data.obj" "./handle_scan.obj" "./lcd.obj" "./main.obj" "./movement.obj" "./open_interface.obj" "./tm4c123gh6pm_startup_ccs.obj" "../libcybotScan.lib" "../libcybotUART.lib" "../tm4c123gh6pm.cmd"  -llibc.a -l"C:/ti/TivaWare_C_Series-2.2.0.295/driverlib/ccs/Debug/driverlib.lib" 
<Linking>
Finished building target: "lab_5.out"
 

**** Build Finished ****

**** Build of configuration Debug for project lab_5 ****

"C:\\ti\\ccs1271\\ccs\\utils\\bin\\gmake" -k -j 20 all -O 
 
Building file: "../main.c"
Invoking: Arm Compiler
"C:/ti/ccs1271/ccs/tools/compiler/ti-cgt-arm_20.2.7.LTS/bin/armcl" -mv7M4 --code_state=16 --float_support=FPv4SPD16 -me --include_path="U:/CprE288/lab_5" --include_path="C:/ti/TivaWare_C_Series-2.2.0.295" --include_path="C:/ti/ccs1271/ccs/tools/compiler/ti-cgt-arm_20.2.7.LTS/include" --define=ccs="ccs" --define=PART_TM4C123GH6PM -g --gcc --diag_warning=225 --diag_wrap=off --display_error_number --abi=eabi --preproc_with_compile --preproc_dependency="main.d_raw"  "../main.c"
"..\handle_scan.h", line 24: warning #1-D: last line of file ends without a newline
"../main.c", line 93: warning #227-D: the format string ends before this argument
Finished building: "../main.c"
 
Building file: "../movement.c"
Invoking: Arm Compiler
"C:/ti/ccs1271/ccs/tools/compiler/ti-cgt-arm_20.2.7.LTS/bin/armcl" -mv7M4 --code_state=16 --float_support=FPv4SPD16 -me --include_path="U:/CprE288/lab_5" --include_path="C:/ti/TivaWare_C_Series-2.2.0.295" --include_path="C:/ti/ccs1271/ccs/tools/compiler/ti-cgt-arm_20.2.7.LTS/include" --define=ccs="ccs" --define=PART_TM4C123GH6PM -g --gcc --diag_warning=225 --diag_wrap=off --display_error_number --abi=eabi --preproc_with_compile --preproc_dependency="movement.d_raw"  "../movement.c"
Finished building: "../movement.c"
 
Building target: "lab_5.out"
Invoking: Arm Linker
"C:/ti/ccs1271/ccs/tools/compiler/ti-cgt-arm_20.2.7.LTS/bin/armcl" -mv7M4 --code_state=16 --float_support=FPv4SPD16 -me --define=ccs="ccs" --define=PART_TM4C123GH6PM -g --gcc --diag_warning=225 --diag_wrap=off --display_error_number --abi=eabi -z -m"lab_5.map" --heap_size=1024 --stack_size=2048 -i"C:/ti/ccs1271/ccs/tools/compiler/ti-cgt-arm_20.2.7.LTS/lib" -i"C:/ti/ccs1271/ccs/tools/compiler/ti-cgt-arm_20.2.7.LTS/include" --reread_libs --diag_wrap=off --display_error_number --warn_sections --xml_link_info="lab_5_linkInfo.xml" --rom_model -o "lab_5.out" "./Timer.obj" "./handle_data.obj" "./handle_scan.obj" "./lcd.obj" "./main.obj" "./movement.obj" "./open_interface.obj" "./tm4c123gh6pm_startup_ccs.obj" "../libcybotScan.lib" "../libcybotUART.lib" "../tm4c123gh6pm.cmd"  -llibc.a -l"C:/ti/TivaWare_C_Series-2.2.0.295/driverlib/ccs/Debug/driverlib.lib" 
<Linking>
Finished building target: "lab_5.out"
 

**** Build Finished ****

**** Build of configuration Debug for project lab_5 ****

"C:\\ti\\ccs1271\\ccs\\utils\\bin\\gmake" -k -j 20 all -O 
 
Building file: "../main.c"
Invoking: Arm Compiler
"C:/ti/ccs1271/ccs/tools/compiler/ti-cgt-arm_20.2.7.LTS/bin/armcl" -mv7M4 --code_state=16 --float_support=FPv4SPD16 -me --include_path="U:/CprE288/lab_5" --include_path="C:/ti/TivaWare_C_Series-2.2.0.295" --include_path="C:/ti/ccs1271/ccs/tools/compiler/ti-cgt-arm_20.2.7.LTS/include" --define=ccs="ccs" --define=PART_TM4C123GH6PM -g --gcc --diag_warning=225 --diag_wrap=off --display_error_number --abi=eabi --preproc_with_compile --preproc_dependency="main.d_raw"  "../main.c"
"..\handle_scan.h", line 24: warning #1-D: last line of file ends without a newline
"../main.c", line 93: warning #227-D: the format string ends before this argument
Finished building: "../main.c"
 
Building file: "../movement.c"
Invoking: Arm Compiler
"C:/ti/ccs1271/ccs/tools/compiler/ti-cgt-arm_20.2.7.LTS/bin/armcl" -mv7M4 --code_state=16 --float_support=FPv4SPD16 -me --include_path="U:/CprE288/lab_5" --include_path="C:/ti/TivaWare_C_Series-2.2.0.295" --include_path="C:/ti/ccs1271/ccs/tools/compiler/ti-cgt-arm_20.2.7.LTS/include" --define=ccs="ccs" --define=PART_TM4C123GH6PM -g --gcc --diag_warning=225 --diag_wrap=off --display_error_number --abi=eabi --preproc_with_compile --preproc_dependency="movement.d_raw"  "../movement.c"
Finished building: "../movement.c"
 
Building target: "lab_5.out"
Invoking: Arm Linker
"C:/ti/ccs1271/ccs/tools/compiler/ti-cgt-arm_20.2.7.LTS/bin/armcl" -mv7M4 --code_state=16 --float_support=FPv4SPD16 -me --define=ccs="ccs" --define=PART_TM4C123GH6PM -g --gcc --diag_warning=225 --diag_wrap=off --display_error_number --abi=eabi -z -m"lab_5.map" --heap_size=1024 --stack_size=2048 -i"C:/ti/ccs1271/ccs/tools/compiler/ti-cgt-arm_20.2.7.LTS/lib" -i"C:/ti/ccs1271/ccs/tools/compiler/ti-cgt-arm_20.2.7.LTS/include" --reread_libs --diag_wrap=off --display_error_number --warn_sections --xml_link_info="lab_5_linkInfo.xml" --rom_model -o "lab_5.out" "./Timer.obj" "./handle_data.obj" "./handle_scan.obj" "./lcd.obj" "./main.obj" "./movement.obj" "./open_interface.obj" "./tm4c123gh6pm_startup_ccs.obj" "../libcybotScan.lib" "../libcybotUART.lib" "../tm4c123gh6pm.cmd"  -llibc.a -l"C:/ti/TivaWare_C_Series-2.2.0.295/driverlib/ccs/Debug/driverlib.lib" 
<Linking>
Finished building target: "lab_5.out"
 

**** Build Finished ****

**** Build of configuration Debug for project lab_5 ****

"C:\\ti\\ccs1271\\ccs\\utils\\bin\\gmake" -k -j 20 all -O 
 
gmake[1]: 'lab_5.out' is up to date.

**** Build Finished ****

**** Build of configuration Debug for project lab_5 ****

"C:\\ti\\ccs1271\\ccs\\utils\\bin\\gmake" -k -j 20 all -O 
 
Building file: "../movement.c"
Invoking: Arm Compiler
"C:/ti/ccs1271/ccs/tools/compiler/ti-cgt-arm_20.2.7.LTS/bin/armcl" -mv7M4 --code_state=16 --float_support=FPv4SPD16 -me --include_path="U:/CprE288/lab_5" --include_path="C:/ti/TivaWare_C_Series-2.2.0.295" --include_path="C:/ti/ccs1271/ccs/tools/compiler/ti-cgt-arm_20.2.7.LTS/include" --define=ccs="ccs" --define=PART_TM4C123GH6PM -g --gcc --diag_warning=225 --diag_wrap=off --display_error_number --abi=eabi --preproc_with_compile --preproc_dependency="movement.d_raw"  "../movement.c"
"../movement.c", line 133: warning #227-D: the format string ends before this argument
Finished building: "../movement.c"
 
Building target: "lab_5.out"
Invoking: Arm Linker
"C:/ti/ccs1271/ccs/tools/compiler/ti-cgt-arm_20.2.7.LTS/bin/armcl" -mv7M4 --code_state=16 --float_support=FPv4SPD16 -me --define=ccs="ccs" --define=PART_TM4C123GH6PM -g --gcc --diag_warning=225 --diag_wrap=off --display_error_number --abi=eabi -z -m"lab_5.map" --heap_size=1024 --stack_size=2048 -i"C:/ti/ccs1271/ccs/tools/compiler/ti-cgt-arm_20.2.7.LTS/lib" -i"C:/ti/ccs1271/ccs/tools/compiler/ti-cgt-arm_20.2.7.LTS/include" --reread_libs --diag_wrap=off --display_error_number --warn_sections --xml_link_info="lab_5_linkInfo.xml" --rom_model -o "lab_5.out" "./Timer.obj" "./handle_data.obj" "./handle_scan.obj" "./lcd.obj" "./main.obj" "./movement.obj" "./open_interface.obj" "./tm4c123gh6pm_startup_ccs.obj" "../libcybotScan.lib" "../libcybotUART.lib" "../tm4c123gh6pm.cmd"  -llibc.a -l"C:/ti/TivaWare_C_Series-2.2.0.295/driverlib/ccs/Debug/driverlib.lib" 
<Linking>
Finished building target: "lab_5.out"
 

**** Build Finished ****

**** Build of configuration Debug for project lab_5 ****

"C:\\ti\\ccs1271\\ccs\\utils\\bin\\gmake" -k -j 20 all -O 
 
Building file: "../movement.c"
Invoking: Arm Compiler
"C:/ti/ccs1271/ccs/tools/compiler/ti-cgt-arm_20.2.7.LTS/bin/armcl" -mv7M4 --code_state=16 --float_support=FPv4SPD16 -me --include_path="U:/CprE288/lab_5" --include_path="C:/ti/TivaWare_C_Series-2.2.0.295" --include_path="C:/ti/ccs1271/ccs/tools/compiler/ti-cgt-arm_20.2.7.LTS/include" --define=ccs="ccs" --define=PART_TM4C123GH6PM -g --gcc --diag_warning=225 --diag_wrap=off --display_error_number --abi=eabi --preproc_with_compile --preproc_dependency="movement.d_raw"  "../movement.c"
Finished building: "../movement.c"
 
Building target: "lab_5.out"
Invoking: Arm Linker
"C:/ti/ccs1271/ccs/tools/compiler/ti-cgt-arm_20.2.7.LTS/bin/armcl" -mv7M4 --code_state=16 --float_support=FPv4SPD16 -me --define=ccs="ccs" --define=PART_TM4C123GH6PM -g --gcc --diag_warning=225 --diag_wrap=off --display_error_number --abi=eabi -z -m"lab_5.map" --heap_size=1024 --stack_size=2048 -i"C:/ti/ccs1271/ccs/tools/compiler/ti-cgt-arm_20.2.7.LTS/lib" -i"C:/ti/ccs1271/ccs/tools/compiler/ti-cgt-arm_20.2.7.LTS/include" --reread_libs --diag_wrap=off --display_error_number --warn_sections --xml_link_info="lab_5_linkInfo.xml" --rom_model -o "lab_5.out" "./Timer.obj" "./handle_data.obj" "./handle_scan.obj" "./lcd.obj" "./main.obj" "./movement.obj" "./open_interface.obj" "./tm4c123gh6pm_startup_ccs.obj" "../libcybotScan.lib" "../libcybotUART.lib" "../tm4c123gh6pm.cmd"  -llibc.a -l"C:/ti/TivaWare_C_Series-2.2.0.295/driverlib/ccs/Debug/driverlib.lib" 
<Linking>
Finished building target: "lab_5.out"
 

**** Build Finished ****

**** Build of configuration Debug for project lab_5 ****

"C:\\ti\\ccs1271\\ccs\\utils\\bin\\gmake" -k -j 20 all -O 
 
Building file: "../movement.c"
Invoking: Arm Compiler
"C:/ti/ccs1271/ccs/tools/compiler/ti-cgt-arm_20.2.7.LTS/bin/armcl" -mv7M4 --code_state=16 --float_support=FPv4SPD16 -me --include_path="U:/CprE288/lab_5" --include_path="C:/ti/TivaWare_C_Series-2.2.0.295" --include_path="C:/ti/ccs1271/ccs/tools/compiler/ti-cgt-arm_20.2.7.LTS/include" --define=ccs="ccs" --define=PART_TM4C123GH6PM -g --gcc --diag_warning=225 --diag_wrap=off --display_error_number --abi=eabi --preproc_with_compile --preproc_dependency="movement.d_raw"  "../movement.c"
Finished building: "../movement.c"
 
Building target: "lab_5.out"
Invoking: Arm Linker
"C:/ti/ccs1271/ccs/tools/compiler/ti-cgt-arm_20.2.7.LTS/bin/armcl" -mv7M4 --code_state=16 --float_support=FPv4SPD16 -me --define=ccs="ccs" --define=PART_TM4C123GH6PM -g --gcc --diag_warning=225 --diag_wrap=off --display_error_number --abi=eabi -z -m"lab_5.map" --heap_size=1024 --stack_size=2048 -i"C:/ti/ccs1271/ccs/tools/compiler/ti-cgt-arm_20.2.7.LTS/lib" -i"C:/ti/ccs1271/ccs/tools/compiler/ti-cgt-arm_20.2.7.LTS/include" --reread_libs --diag_wrap=off --display_error_number --warn_sections --xml_link_info="lab_5_linkInfo.xml" --rom_model -o "lab_5.out" "./Timer.obj" "./handle_data.obj" "./handle_scan.obj" "./lcd.obj" "./main.obj" "./movement.obj" "./open_interface.obj" "./tm4c123gh6pm_startup_ccs.obj" "../libcybotScan.lib" "../libcybotUART.lib" "../tm4c123gh6pm.cmd"  -llibc.a -l"C:/ti/TivaWare_C_Series-2.2.0.295/driverlib/ccs/Debug/driverlib.lib" 
<Linking>
Finished building target: "lab_5.out"
 

**** Build Finished ****

**** Build of configuration Debug for project lab_5 ****

"C:\\ti\\ccs1271\\ccs\\utils\\bin\\gmake" -k -j 20 all -O 
 
Building file: "../movement.c"
Invoking: Arm Compiler
"C:/ti/ccs1271/ccs/tools/compiler/ti-cgt-arm_20.2.7.LTS/bin/armcl" -mv7M4 --code_state=16 --float_support=FPv4SPD16 -me --include_path="U:/CprE288/lab_5" --include_path="C:/ti/TivaWare_C_Series-2.2.0.295" --include_path="C:/ti/ccs1271/ccs/tools/compiler/ti-cgt-arm_20.2.7.LTS/include" --define=ccs="ccs" --define=PART_TM4C123GH6PM -g --gcc --diag_warning=225 --diag_wrap=off --display_error_number --abi=eabi --preproc_with_compile --preproc_dependency="movement.d_raw"  "../movement.c"
Finished building: "../movement.c"
 
Building target: "lab_5.out"
Invoking: Arm Linker
"C:/ti/ccs1271/ccs/tools/compiler/ti-cgt-arm_20.2.7.LTS/bin/armcl" -mv7M4 --code_state=16 --float_support=FPv4SPD16 -me --define=ccs="ccs" --define=PART_TM4C123GH6PM -g --gcc --diag_warning=225 --diag_wrap=off --display_error_number --abi=eabi -z -m"lab_5.map" --heap_size=1024 --stack_size=2048 -i"C:/ti/ccs1271/ccs/tools/compiler/ti-cgt-arm_20.2.7.LTS/lib" -i"C:/ti/ccs1271/ccs/tools/compiler/ti-cgt-arm_20.2.7.LTS/include" --reread_libs --diag_wrap=off --display_error_number --warn_sections --xml_link_info="lab_5_linkInfo.xml" --rom_model -o "lab_5.out" "./Timer.obj" "./handle_data.obj" "./handle_scan.obj" "./lcd.obj" "./main.obj" "./movement.obj" "./open_interface.obj" "./tm4c123gh6pm_startup_ccs.obj" "../libcybotScan.lib" "../libcybotUART.lib" "../tm4c123gh6pm.cmd"  -llibc.a -l"C:/ti/TivaWare_C_Series-2.2.0.295/driverlib/ccs/Debug/driverlib.lib" 
<Linking>
Finished building target: "lab_5.out"
 

**** Build Finished ****

**** Build of configuration Debug for project lab_5 ****

"C:\\ti\\ccs1271\\ccs\\utils\\bin\\gmake" -k -j 20 all -O 
 
Building file: "../movement.c"
Invoking: Arm Compiler
"C:/ti/ccs1271/ccs/tools/compiler/ti-cgt-arm_20.2.7.LTS/bin/armcl" -mv7M4 --code_state=16 --float_support=FPv4SPD16 -me --include_path="U:/CprE288/lab_5" --include_path="C:/ti/TivaWare_C_Series-2.2.0.295" --include_path="C:/ti/ccs1271/ccs/tools/compiler/ti-cgt-arm_20.2.7.LTS/include" --define=ccs="ccs" --define=PART_TM4C123GH6PM -g --gcc --diag_warning=225 --diag_wrap=off --display_error_number --abi=eabi --preproc_with_compile --preproc_dependency="movement.d_raw"  "../movement.c"
"../movement.c", line 136: warning #227-D: the format string ends before this argument
Finished building: "../movement.c"
 
Building target: "lab_5.out"
Invoking: Arm Linker
"C:/ti/ccs1271/ccs/tools/compiler/ti-cgt-arm_20.2.7.LTS/bin/armcl" -mv7M4 --code_state=16 --float_support=FPv4SPD16 -me --define=ccs="ccs" --define=PART_TM4C123GH6PM -g --gcc --diag_warning=225 --diag_wrap=off --display_error_number --abi=eabi -z -m"lab_5.map" --heap_size=1024 --stack_size=2048 -i"C:/ti/ccs1271/ccs/tools/compiler/ti-cgt-arm_20.2.7.LTS/lib" -i"C:/ti/ccs1271/ccs/tools/compiler/ti-cgt-arm_20.2.7.LTS/include" --reread_libs --diag_wrap=off --display_error_number --warn_sections --xml_link_info="lab_5_linkInfo.xml" --rom_model -o "lab_5.out" "./Timer.obj" "./handle_data.obj" "./handle_scan.obj" "./lcd.obj" "./main.obj" "./movement.obj" "./open_interface.obj" "./tm4c123gh6pm_startup_ccs.obj" "../libcybotScan.lib" "../libcybotUART.lib" "../tm4c123gh6pm.cmd"  -llibc.a -l"C:/ti/TivaWare_C_Series-2.2.0.295/driverlib/ccs/Debug/driverlib.lib" 
<Linking>
Finished building target: "lab_5.out"
 

**** Build Finished ****

**** Build of configuration Debug for project lab_5 ****

"C:\\ti\\ccs1271\\ccs\\utils\\bin\\gmake" -k -j 20 all -O 
 
Building file: "../movement.c"
Invoking: Arm Compiler
"C:/ti/ccs1271/ccs/tools/compiler/ti-cgt-arm_20.2.7.LTS/bin/armcl" -mv7M4 --code_state=16 --float_support=FPv4SPD16 -me --include_path="U:/CprE288/lab_5" --include_path="C:/ti/TivaWare_C_Series-2.2.0.295" --include_path="C:/ti/ccs1271/ccs/tools/compiler/ti-cgt-arm_20.2.7.LTS/include" --define=ccs="ccs" --define=PART_TM4C123GH6PM -g --gcc --diag_warning=225 --diag_wrap=off --display_error_number --abi=eabi --preproc_with_compile --preproc_dependency="movement.d_raw"  "../movement.c"
Finished building: "../movement.c"
 
Building target: "lab_5.out"
Invoking: Arm Linker
"C:/ti/ccs1271/ccs/tools/compiler/ti-cgt-arm_20.2.7.LTS/bin/armcl" -mv7M4 --code_state=16 --float_support=FPv4SPD16 -me --define=ccs="ccs" --define=PART_TM4C123GH6PM -g --gcc --diag_warning=225 --diag_wrap=off --display_error_number --abi=eabi -z -m"lab_5.map" --heap_size=1024 --stack_size=2048 -i"C:/ti/ccs1271/ccs/tools/compiler/ti-cgt-arm_20.2.7.LTS/lib" -i"C:/ti/ccs1271/ccs/tools/compiler/ti-cgt-arm_20.2.7.LTS/include" --reread_libs --diag_wrap=off --display_error_number --warn_sections --xml_link_info="lab_5_linkInfo.xml" --rom_model -o "lab_5.out" "./Timer.obj" "./handle_data.obj" "./handle_scan.obj" "./lcd.obj" "./main.obj" "./movement.obj" "./open_interface.obj" "./tm4c123gh6pm_startup_ccs.obj" "../libcybotScan.lib" "../libcybotUART.lib" "../tm4c123gh6pm.cmd"  -llibc.a -l"C:/ti/TivaWare_C_Series-2.2.0.295/driverlib/ccs/Debug/driverlib.lib" 
<Linking>
Finished building target: "lab_5.out"
 

**** Build Finished ****

**** Build of configuration Debug for project lab_5 ****

"C:\\ti\\ccs1271\\ccs\\utils\\bin\\gmake" -k -j 20 all -O 
 
Building file: "../movement.c"
Invoking: Arm Compiler
"C:/ti/ccs1271/ccs/tools/compiler/ti-cgt-arm_20.2.7.LTS/bin/armcl" -mv7M4 --code_state=16 --float_support=FPv4SPD16 -me --include_path="U:/CprE288/lab_5" --include_path="C:/ti/TivaWare_C_Series-2.2.0.295" --include_path="C:/ti/ccs1271/ccs/tools/compiler/ti-cgt-arm_20.2.7.LTS/include" --define=ccs="ccs" --define=PART_TM4C123GH6PM -g --gcc --diag_warning=225 --diag_wrap=off --display_error_number --abi=eabi --preproc_with_compile --preproc_dependency="movement.d_raw"  "../movement.c"
Finished building: "../movement.c"
 
Building target: "lab_5.out"
Invoking: Arm Linker
"C:/ti/ccs1271/ccs/tools/compiler/ti-cgt-arm_20.2.7.LTS/bin/armcl" -mv7M4 --code_state=16 --float_support=FPv4SPD16 -me --define=ccs="ccs" --define=PART_TM4C123GH6PM -g --gcc --diag_warning=225 --diag_wrap=off --display_error_number --abi=eabi -z -m"lab_5.map" --heap_size=1024 --stack_size=2048 -i"C:/ti/ccs1271/ccs/tools/compiler/ti-cgt-arm_20.2.7.LTS/lib" -i"C:/ti/ccs1271/ccs/tools/compiler/ti-cgt-arm_20.2.7.LTS/include" --reread_libs --diag_wrap=off --display_error_number --warn_sections --xml_link_info="lab_5_linkInfo.xml" --rom_model -o "lab_5.out" "./Timer.obj" "./handle_data.obj" "./handle_scan.obj" "./lcd.obj" "./main.obj" "./movement.obj" "./open_interface.obj" "./tm4c123gh6pm_startup_ccs.obj" "../libcybotScan.lib" "../libcybotUART.lib" "../tm4c123gh6pm.cmd"  -llibc.a -l"C:/ti/TivaWare_C_Series-2.2.0.295/driverlib/ccs/Debug/driverlib.lib" 
<Linking>
Finished building target: "lab_5.out"
 

**** Build Finished ****

**** Build of configuration Debug for project lab_5 ****

"C:\\ti\\ccs1271\\ccs\\utils\\bin\\gmake" -k -j 20 all -O 
 
Building file: "../main.c"
Invoking: Arm Compiler
"C:/ti/ccs1271/ccs/tools/compiler/ti-cgt-arm_20.2.7.LTS/bin/armcl" -mv7M4 --code_state=16 --float_support=FPv4SPD16 -me --include_path="U:/CprE288/lab_5" --include_path="C:/ti/TivaWare_C_Series-2.2.0.295" --include_path="C:/ti/ccs1271/ccs/tools/compiler/ti-cgt-arm_20.2.7.LTS/include" --define=ccs="ccs" --define=PART_TM4C123GH6PM -g --gcc --diag_warning=225 --diag_wrap=off --display_error_number --abi=eabi --preproc_with_compile --preproc_dependency="main.d_raw"  "../main.c"
"..\handle_scan.h", line 24: warning #1-D: last line of file ends without a newline
"../main.c", line 93: warning #227-D: the format string ends before this argument
Finished building: "../main.c"
 
Building target: "lab_5.out"
Invoking: Arm Linker
"C:/ti/ccs1271/ccs/tools/compiler/ti-cgt-arm_20.2.7.LTS/bin/armcl" -mv7M4 --code_state=16 --float_support=FPv4SPD16 -me --define=ccs="ccs" --define=PART_TM4C123GH6PM -g --gcc --diag_warning=225 --diag_wrap=off --display_error_number --abi=eabi -z -m"lab_5.map" --heap_size=1024 --stack_size=2048 -i"C:/ti/ccs1271/ccs/tools/compiler/ti-cgt-arm_20.2.7.LTS/lib" -i"C:/ti/ccs1271/ccs/tools/compiler/ti-cgt-arm_20.2.7.LTS/include" --reread_libs --diag_wrap=off --display_error_number --warn_sections --xml_link_info="lab_5_linkInfo.xml" --rom_model -o "lab_5.out" "./Timer.obj" "./handle_data.obj" "./handle_scan.obj" "./lcd.obj" "./main.obj" "./movement.obj" "./open_interface.obj" "./tm4c123gh6pm_startup_ccs.obj" "../libcybotScan.lib" "../libcybotUART.lib" "../tm4c123gh6pm.cmd"  -llibc.a -l"C:/ti/TivaWare_C_Series-2.2.0.295/driverlib/ccs/Debug/driverlib.lib" 
<Linking>
Finished building target: "lab_5.out"
 

**** Build Finished ****

**** Build of configuration Debug for project lab_5 ****

"C:\\ti\\ccs1271\\ccs\\utils\\bin\\gmake" -k -j 20 all -O 
 
Building file: "../movement.c"
Invoking: Arm Compiler
"C:/ti/ccs1271/ccs/tools/compiler/ti-cgt-arm_20.2.7.LTS/bin/armcl" -mv7M4 --code_state=16 --float_support=FPv4SPD16 -me --include_path="U:/CprE288/lab_5" --include_path="C:/ti/TivaWare_C_Series-2.2.0.295" --include_path="C:/ti/ccs1271/ccs/tools/compiler/ti-cgt-arm_20.2.7.LTS/include" --define=ccs="ccs" --define=PART_TM4C123GH6PM -g --gcc --diag_warning=225 --diag_wrap=off --display_error_number --abi=eabi --preproc_with_compile --preproc_dependency="movement.d_raw"  "../movement.c"
Finished building: "../movement.c"
 
Building target: "lab_5.out"
Invoking: Arm Linker
"C:/ti/ccs1271/ccs/tools/compiler/ti-cgt-arm_20.2.7.LTS/bin/armcl" -mv7M4 --code_state=16 --float_support=FPv4SPD16 -me --define=ccs="ccs" --define=PART_TM4C123GH6PM -g --gcc --diag_warning=225 --diag_wrap=off --display_error_number --abi=eabi -z -m"lab_5.map" --heap_size=1024 --stack_size=2048 -i"C:/ti/ccs1271/ccs/tools/compiler/ti-cgt-arm_20.2.7.LTS/lib" -i"C:/ti/ccs1271/ccs/tools/compiler/ti-cgt-arm_20.2.7.LTS/include" --reread_libs --diag_wrap=off --display_error_number --warn_sections --xml_link_info="lab_5_linkInfo.xml" --rom_model -o "lab_5.out" "./Timer.obj" "./handle_data.obj" "./handle_scan.obj" "./lcd.obj" "./main.obj" "./movement.obj" "./open_interface.obj" "./tm4c123gh6pm_startup_ccs.obj" "../libcybotScan.lib" "../libcybotUART.lib" "../tm4c123gh6pm.cmd"  -llibc.a -l"C:/ti/TivaWare_C_Series-2.2.0.295/driverlib/ccs/Debug/driverlib.lib" 
<Linking>
Finished building target: "lab_5.out"
 

**** Build Finished ****

**** Build of configuration Debug for project lab_5 ****

"C:\\ti\\ccs1271\\ccs\\utils\\bin\\gmake" -k -j 20 all -O 
 
Building file: "../movement.c"
Invoking: Arm Compiler
"C:/ti/ccs1271/ccs/tools/compiler/ti-cgt-arm_20.2.7.LTS/bin/armcl" -mv7M4 --code_state=16 --float_support=FPv4SPD16 -me --include_path="U:/CprE288/lab_5" --include_path="C:/ti/TivaWare_C_Series-2.2.0.295" --include_path="C:/ti/ccs1271/ccs/tools/compiler/ti-cgt-arm_20.2.7.LTS/include" --define=ccs="ccs" --define=PART_TM4C123GH6PM -g --gcc --diag_warning=225 --diag_wrap=off --display_error_number --abi=eabi --preproc_with_compile --preproc_dependency="movement.d_raw"  "../movement.c"
 
>> Compilation failure
subdir_rules.mk:9: recipe for target 'movement.obj' failed
"../movement.c", line 198: error #20: identifier "THRESHOLD" is undefined
"../movement.c", line 230: error #20: identifier "direction" is undefined
2 errors detected in the compilation of "../movement.c".
gmake: *** [movement.obj] Error 1
gmake: Target 'all' not remade because of errors.

**** Build Finished ****

**** Build of configuration Debug for project lab_5 ****

"C:\\ti\\ccs1271\\ccs\\utils\\bin\\gmake" -k -j 20 all -O 
 
Building file: "../movement.c"
Invoking: Arm Compiler
"C:/ti/ccs1271/ccs/tools/compiler/ti-cgt-arm_20.2.7.LTS/bin/armcl" -mv7M4 --code_state=16 --float_support=FPv4SPD16 -me --include_path="U:/CprE288/lab_5" --include_path="C:/ti/TivaWare_C_Series-2.2.0.295" --include_path="C:/ti/ccs1271/ccs/tools/compiler/ti-cgt-arm_20.2.7.LTS/include" --define=ccs="ccs" --define=PART_TM4C123GH6PM -g --gcc --diag_warning=225 --diag_wrap=off --display_error_number --abi=eabi --preproc_with_compile --preproc_dependency="movement.d_raw"  "../movement.c"
 
>> Compilation failure
subdir_rules.mk:9: recipe for target 'movement.obj' failed
"../movement.c", line 199: warning #551-D: variable "dis_change" is used before its value is set
"../movement.c", line 220: error #20: identifier "change" is undefined
1 error detected in the compilation of "../movement.c".
gmake: *** [movement.obj] Error 1
gmake: Target 'all' not remade because of errors.

**** Build Finished ****

**** Build of configuration Debug for project lab_5 ****

"C:\\ti\\ccs1271\\ccs\\utils\\bin\\gmake" -k -j 20 all -O 
 
Building file: "../movement.c"
Invoking: Arm Compiler
"C:/ti/ccs1271/ccs/tools/compiler/ti-cgt-arm_20.2.7.LTS/bin/armcl" -mv7M4 --code_state=16 --float_support=FPv4SPD16 -me --include_path="U:/CprE288/lab_5" --include_path="C:/ti/TivaWare_C_Series-2.2.0.295" --include_path="C:/ti/ccs1271/ccs/tools/compiler/ti-cgt-arm_20.2.7.LTS/include" --define=ccs="ccs" --define=PART_TM4C123GH6PM -g --gcc --diag_warning=225 --diag_wrap=off --display_error_number --abi=eabi --preproc_with_compile --preproc_dependency="movement.d_raw"  "../movement.c"
"../movement.c", line 199: warning #551-D: variable "dis_change" is used before its value is set
Finished building: "../movement.c"
 
Building target: "lab_5.out"
Invoking: Arm Linker
"C:/ti/ccs1271/ccs/tools/compiler/ti-cgt-arm_20.2.7.LTS/bin/armcl" -mv7M4 --code_state=16 --float_support=FPv4SPD16 -me --define=ccs="ccs" --define=PART_TM4C123GH6PM -g --gcc --diag_warning=225 --diag_wrap=off --display_error_number --abi=eabi -z -m"lab_5.map" --heap_size=1024 --stack_size=2048 -i"C:/ti/ccs1271/ccs/tools/compiler/ti-cgt-arm_20.2.7.LTS/lib" -i"C:/ti/ccs1271/ccs/tools/compiler/ti-cgt-arm_20.2.7.LTS/include" --reread_libs --diag_wrap=off --display_error_number --warn_sections --xml_link_info="lab_5_linkInfo.xml" --rom_model -o "lab_5.out" "./Timer.obj" "./handle_data.obj" "./handle_scan.obj" "./lcd.obj" "./main.obj" "./movement.obj" "./open_interface.obj" "./tm4c123gh6pm_startup_ccs.obj" "../libcybotScan.lib" "../libcybotUART.lib" "../tm4c123gh6pm.cmd"  -llibc.a -l"C:/ti/TivaWare_C_Series-2.2.0.295/driverlib/ccs/Debug/driverlib.lib" 
<Linking>
Finished building target: "lab_5.out"
 

**** Build Finished ****

**** Build of configuration Debug for project lab_5 ****

"C:\\ti\\ccs1271\\ccs\\utils\\bin\\gmake" -k -j 20 all -O 
 
Building file: "../movement.c"
Invoking: Arm Compiler
"C:/ti/ccs1271/ccs/tools/compiler/ti-cgt-arm_20.2.7.LTS/bin/armcl" -mv7M4 --code_state=16 --float_support=FPv4SPD16 -me --include_path="U:/CprE288/lab_5" --include_path="C:/ti/TivaWare_C_Series-2.2.0.295" --include_path="C:/ti/ccs1271/ccs/tools/compiler/ti-cgt-arm_20.2.7.LTS/include" --define=ccs="ccs" --define=PART_TM4C123GH6PM -g --gcc --diag_warning=225 --diag_wrap=off --display_error_number --abi=eabi --preproc_with_compile --preproc_dependency="movement.d_raw"  "../movement.c"
"../movement.c", line 201: warning #551-D: variable "dis_change" is used before its value is set
Finished building: "../movement.c"
 
Building target: "lab_5.out"
Invoking: Arm Linker
"C:/ti/ccs1271/ccs/tools/compiler/ti-cgt-arm_20.2.7.LTS/bin/armcl" -mv7M4 --code_state=16 --float_support=FPv4SPD16 -me --define=ccs="ccs" --define=PART_TM4C123GH6PM -g --gcc --diag_warning=225 --diag_wrap=off --display_error_number --abi=eabi -z -m"lab_5.map" --heap_size=1024 --stack_size=2048 -i"C:/ti/ccs1271/ccs/tools/compiler/ti-cgt-arm_20.2.7.LTS/lib" -i"C:/ti/ccs1271/ccs/tools/compiler/ti-cgt-arm_20.2.7.LTS/include" --reread_libs --diag_wrap=off --display_error_number --warn_sections --xml_link_info="lab_5_linkInfo.xml" --rom_model -o "lab_5.out" "./Timer.obj" "./handle_data.obj" "./handle_scan.obj" "./lcd.obj" "./main.obj" "./movement.obj" "./open_interface.obj" "./tm4c123gh6pm_startup_ccs.obj" "../libcybotScan.lib" "../libcybotUART.lib" "../tm4c123gh6pm.cmd"  -llibc.a -l"C:/ti/TivaWare_C_Series-2.2.0.295/driverlib/ccs/Debug/driverlib.lib" 
<Linking>
Finished building target: "lab_5.out"
 

**** Build Finished ****

**** Build of configuration Debug for project lab_5 ****

"C:\\ti\\ccs1271\\ccs\\utils\\bin\\gmake" -k -j 20 all -O 
 
Building file: "../movement.c"
Invoking: Arm Compiler
"C:/ti/ccs1271/ccs/tools/compiler/ti-cgt-arm_20.2.7.LTS/bin/armcl" -mv7M4 --code_state=16 --float_support=FPv4SPD16 -me --include_path="U:/CprE288/lab_5" --include_path="C:/ti/TivaWare_C_Series-2.2.0.295" --include_path="C:/ti/ccs1271/ccs/tools/compiler/ti-cgt-arm_20.2.7.LTS/include" --define=ccs="ccs" --define=PART_TM4C123GH6PM -g --gcc --diag_warning=225 --diag_wrap=off --display_error_number --abi=eabi --preproc_with_compile --preproc_dependency="movement.d_raw"  "../movement.c"
"../movement.c", line 204: warning #551-D: variable "dis_change" is used before its value is set
Finished building: "../movement.c"
 
Building target: "lab_5.out"
Invoking: Arm Linker
"C:/ti/ccs1271/ccs/tools/compiler/ti-cgt-arm_20.2.7.LTS/bin/armcl" -mv7M4 --code_state=16 --float_support=FPv4SPD16 -me --define=ccs="ccs" --define=PART_TM4C123GH6PM -g --gcc --diag_warning=225 --diag_wrap=off --display_error_number --abi=eabi -z -m"lab_5.map" --heap_size=1024 --stack_size=2048 -i"C:/ti/ccs1271/ccs/tools/compiler/ti-cgt-arm_20.2.7.LTS/lib" -i"C:/ti/ccs1271/ccs/tools/compiler/ti-cgt-arm_20.2.7.LTS/include" --reread_libs --diag_wrap=off --display_error_number --warn_sections --xml_link_info="lab_5_linkInfo.xml" --rom_model -o "lab_5.out" "./Timer.obj" "./handle_data.obj" "./handle_scan.obj" "./lcd.obj" "./main.obj" "./movement.obj" "./open_interface.obj" "./tm4c123gh6pm_startup_ccs.obj" "../libcybotScan.lib" "../libcybotUART.lib" "../tm4c123gh6pm.cmd"  -llibc.a -l"C:/ti/TivaWare_C_Series-2.2.0.295/driverlib/ccs/Debug/driverlib.lib" 
<Linking>
Finished building target: "lab_5.out"
 

**** Build Finished ****

**** Build of configuration Debug for project lab_5 ****

"C:\\ti\\ccs1271\\ccs\\utils\\bin\\gmake" -k -j 20 all -O 
 
Building file: "../movement.c"
Invoking: Arm Compiler
"C:/ti/ccs1271/ccs/tools/compiler/ti-cgt-arm_20.2.7.LTS/bin/armcl" -mv7M4 --code_state=16 --float_support=FPv4SPD16 -me --include_path="U:/CprE288/lab_5" --include_path="C:/ti/TivaWare_C_Series-2.2.0.295" --include_path="C:/ti/ccs1271/ccs/tools/compiler/ti-cgt-arm_20.2.7.LTS/include" --define=ccs="ccs" --define=PART_TM4C123GH6PM -g --gcc --diag_warning=225 --diag_wrap=off --display_error_number --abi=eabi --preproc_with_compile --preproc_dependency="movement.d_raw"  "../movement.c"
Finished building: "../movement.c"
 
Building target: "lab_5.out"
Invoking: Arm Linker
"C:/ti/ccs1271/ccs/tools/compiler/ti-cgt-arm_20.2.7.LTS/bin/armcl" -mv7M4 --code_state=16 --float_support=FPv4SPD16 -me --define=ccs="ccs" --define=PART_TM4C123GH6PM -g --gcc --diag_warning=225 --diag_wrap=off --display_error_number --abi=eabi -z -m"lab_5.map" --heap_size=1024 --stack_size=2048 -i"C:/ti/ccs1271/ccs/tools/compiler/ti-cgt-arm_20.2.7.LTS/lib" -i"C:/ti/ccs1271/ccs/tools/compiler/ti-cgt-arm_20.2.7.LTS/include" --reread_libs --diag_wrap=off --display_error_number --warn_sections --xml_link_info="lab_5_linkInfo.xml" --rom_model -o "lab_5.out" "./Timer.obj" "./handle_data.obj" "./handle_scan.obj" "./lcd.obj" "./main.obj" "./movement.obj" "./open_interface.obj" "./tm4c123gh6pm_startup_ccs.obj" "../libcybotScan.lib" "../libcybotUART.lib" "../tm4c123gh6pm.cmd"  -llibc.a -l"C:/ti/TivaWare_C_Series-2.2.0.295/driverlib/ccs/Debug/driverlib.lib" 
<Linking>
Finished building target: "lab_5.out"
 

**** Build Finished ****

**** Build of configuration Debug for project lab_5 ****

"C:\\ti\\ccs1271\\ccs\\utils\\bin\\gmake" -k -j 20 all -O 
 
Building file: "../movement.c"
Invoking: Arm Compiler
"C:/ti/ccs1271/ccs/tools/compiler/ti-cgt-arm_20.2.7.LTS/bin/armcl" -mv7M4 --code_state=16 --float_support=FPv4SPD16 -me --include_path="U:/CprE288/lab_5" --include_path="C:/ti/TivaWare_C_Series-2.2.0.295" --include_path="C:/ti/ccs1271/ccs/tools/compiler/ti-cgt-arm_20.2.7.LTS/include" --define=ccs="ccs" --define=PART_TM4C123GH6PM -g --gcc --diag_warning=225 --diag_wrap=off --display_error_number --abi=eabi --preproc_with_compile --preproc_dependency="movement.d_raw"  "../movement.c"
Finished building: "../movement.c"
 
Building target: "lab_5.out"
Invoking: Arm Linker
"C:/ti/ccs1271/ccs/tools/compiler/ti-cgt-arm_20.2.7.LTS/bin/armcl" -mv7M4 --code_state=16 --float_support=FPv4SPD16 -me --define=ccs="ccs" --define=PART_TM4C123GH6PM -g --gcc --diag_warning=225 --diag_wrap=off --display_error_number --abi=eabi -z -m"lab_5.map" --heap_size=1024 --stack_size=2048 -i"C:/ti/ccs1271/ccs/tools/compiler/ti-cgt-arm_20.2.7.LTS/lib" -i"C:/ti/ccs1271/ccs/tools/compiler/ti-cgt-arm_20.2.7.LTS/include" --reread_libs --diag_wrap=off --display_error_number --warn_sections --xml_link_info="lab_5_linkInfo.xml" --rom_model -o "lab_5.out" "./Timer.obj" "./handle_data.obj" "./handle_scan.obj" "./lcd.obj" "./main.obj" "./movement.obj" "./open_interface.obj" "./tm4c123gh6pm_startup_ccs.obj" "../libcybotScan.lib" "../libcybotUART.lib" "../tm4c123gh6pm.cmd"  -llibc.a -l"C:/ti/TivaWare_C_Series-2.2.0.295/driverlib/ccs/Debug/driverlib.lib" 
<Linking>
Finished building target: "lab_5.out"
 

**** Build Finished ****

**** Build of configuration Debug for project lab_5 ****

"C:\\ti\\ccs1271\\ccs\\utils\\bin\\gmake" -k -j 20 all -O 
 
Building file: "../movement.c"
Invoking: Arm Compiler
"C:/ti/ccs1271/ccs/tools/compiler/ti-cgt-arm_20.2.7.LTS/bin/armcl" -mv7M4 --code_state=16 --float_support=FPv4SPD16 -me --include_path="U:/CprE288/lab_5" --include_path="C:/ti/TivaWare_C_Series-2.2.0.295" --include_path="C:/ti/ccs1271/ccs/tools/compiler/ti-cgt-arm_20.2.7.LTS/include" --define=ccs="ccs" --define=PART_TM4C123GH6PM -g --gcc --diag_warning=225 --diag_wrap=off --display_error_number --abi=eabi --preproc_with_compile --preproc_dependency="movement.d_raw"  "../movement.c"
"../movement.c", line 203: warning #183-D: argument is incompatible with corresponding format string conversion
Finished building: "../movement.c"
 
Building target: "lab_5.out"
Invoking: Arm Linker
"C:/ti/ccs1271/ccs/tools/compiler/ti-cgt-arm_20.2.7.LTS/bin/armcl" -mv7M4 --code_state=16 --float_support=FPv4SPD16 -me --define=ccs="ccs" --define=PART_TM4C123GH6PM -g --gcc --diag_warning=225 --diag_wrap=off --display_error_number --abi=eabi -z -m"lab_5.map" --heap_size=1024 --stack_size=2048 -i"C:/ti/ccs1271/ccs/tools/compiler/ti-cgt-arm_20.2.7.LTS/lib" -i"C:/ti/ccs1271/ccs/tools/compiler/ti-cgt-arm_20.2.7.LTS/include" --reread_libs --diag_wrap=off --display_error_number --warn_sections --xml_link_info="lab_5_linkInfo.xml" --rom_model -o "lab_5.out" "./Timer.obj" "./handle_data.obj" "./handle_scan.obj" "./lcd.obj" "./main.obj" "./movement.obj" "./open_interface.obj" "./tm4c123gh6pm_startup_ccs.obj" "../libcybotScan.lib" "../libcybotUART.lib" "../tm4c123gh6pm.cmd"  -llibc.a -l"C:/ti/TivaWare_C_Series-2.2.0.295/driverlib/ccs/Debug/driverlib.lib" 
<Linking>
Finished building target: "lab_5.out"
 

**** Build Finished ****

**** Build of configuration Debug for project lab_5 ****

"C:\\ti\\ccs1271\\ccs\\utils\\bin\\gmake" -k -j 20 all -O 
 
Building file: "../movement.c"
Invoking: Arm Compiler
"C:/ti/ccs1271/ccs/tools/compiler/ti-cgt-arm_20.2.7.LTS/bin/armcl" -mv7M4 --code_state=16 --float_support=FPv4SPD16 -me --include_path="U:/CprE288/lab_5" --include_path="C:/ti/TivaWare_C_Series-2.2.0.295" --include_path="C:/ti/ccs1271/ccs/tools/compiler/ti-cgt-arm_20.2.7.LTS/include" --define=ccs="ccs" --define=PART_TM4C123GH6PM -g --gcc --diag_warning=225 --diag_wrap=off --display_error_number --abi=eabi --preproc_with_compile --preproc_dependency="movement.d_raw"  "../movement.c"
Finished building: "../movement.c"
 
Building target: "lab_5.out"
Invoking: Arm Linker
"C:/ti/ccs1271/ccs/tools/compiler/ti-cgt-arm_20.2.7.LTS/bin/armcl" -mv7M4 --code_state=16 --float_support=FPv4SPD16 -me --define=ccs="ccs" --define=PART_TM4C123GH6PM -g --gcc --diag_warning=225 --diag_wrap=off --display_error_number --abi=eabi -z -m"lab_5.map" --heap_size=1024 --stack_size=2048 -i"C:/ti/ccs1271/ccs/tools/compiler/ti-cgt-arm_20.2.7.LTS/lib" -i"C:/ti/ccs1271/ccs/tools/compiler/ti-cgt-arm_20.2.7.LTS/include" --reread_libs --diag_wrap=off --display_error_number --warn_sections --xml_link_info="lab_5_linkInfo.xml" --rom_model -o "lab_5.out" "./Timer.obj" "./handle_data.obj" "./handle_scan.obj" "./lcd.obj" "./main.obj" "./movement.obj" "./open_interface.obj" "./tm4c123gh6pm_startup_ccs.obj" "../libcybotScan.lib" "../libcybotUART.lib" "../tm4c123gh6pm.cmd"  -llibc.a -l"C:/ti/TivaWare_C_Series-2.2.0.295/driverlib/ccs/Debug/driverlib.lib" 
<Linking>
Finished building target: "lab_5.out"
 

**** Build Finished ****

**** Build of configuration Debug for project lab_5 ****

"C:\\ti\\ccs1271\\ccs\\utils\\bin\\gmake" -k -j 20 all -O 
 
Building file: "../movement.c"
Invoking: Arm Compiler
"C:/ti/ccs1271/ccs/tools/compiler/ti-cgt-arm_20.2.7.LTS/bin/armcl" -mv7M4 --code_state=16 --float_support=FPv4SPD16 -me --include_path="U:/CprE288/lab_5" --include_path="C:/ti/TivaWare_C_Series-2.2.0.295" --include_path="C:/ti/ccs1271/ccs/tools/compiler/ti-cgt-arm_20.2.7.LTS/include" --define=ccs="ccs" --define=PART_TM4C123GH6PM -g --gcc --diag_warning=225 --diag_wrap=off --display_error_number --abi=eabi --preproc_with_compile --preproc_dependency="movement.d_raw"  "../movement.c"
Finished building: "../movement.c"
 
Building target: "lab_5.out"
Invoking: Arm Linker
"C:/ti/ccs1271/ccs/tools/compiler/ti-cgt-arm_20.2.7.LTS/bin/armcl" -mv7M4 --code_state=16 --float_support=FPv4SPD16 -me --define=ccs="ccs" --define=PART_TM4C123GH6PM -g --gcc --diag_warning=225 --diag_wrap=off --display_error_number --abi=eabi -z -m"lab_5.map" --heap_size=1024 --stack_size=2048 -i"C:/ti/ccs1271/ccs/tools/compiler/ti-cgt-arm_20.2.7.LTS/lib" -i"C:/ti/ccs1271/ccs/tools/compiler/ti-cgt-arm_20.2.7.LTS/include" --reread_libs --diag_wrap=off --display_error_number --warn_sections --xml_link_info="lab_5_linkInfo.xml" --rom_model -o "lab_5.out" "./Timer.obj" "./handle_data.obj" "./handle_scan.obj" "./lcd.obj" "./main.obj" "./movement.obj" "./open_interface.obj" "./tm4c123gh6pm_startup_ccs.obj" "../libcybotScan.lib" "../libcybotUART.lib" "../tm4c123gh6pm.cmd"  -llibc.a -l"C:/ti/TivaWare_C_Series-2.2.0.295/driverlib/ccs/Debug/driverlib.lib" 
<Linking>
Finished building target: "lab_5.out"
 

**** Build Finished ****

**** Build of configuration Debug for project lab_5 ****

"C:\\ti\\ccs1271\\ccs\\utils\\bin\\gmake" -k -j 20 all -O 
 
Building file: "../movement.c"
Invoking: Arm Compiler
"C:/ti/ccs1271/ccs/tools/compiler/ti-cgt-arm_20.2.7.LTS/bin/armcl" -mv7M4 --code_state=16 --float_support=FPv4SPD16 -me --include_path="U:/CprE288/lab_5" --include_path="C:/ti/TivaWare_C_Series-2.2.0.295" --include_path="C:/ti/ccs1271/ccs/tools/compiler/ti-cgt-arm_20.2.7.LTS/include" --define=ccs="ccs" --define=PART_TM4C123GH6PM -g --gcc --diag_warning=225 --diag_wrap=off --display_error_number --abi=eabi --preproc_with_compile --preproc_dependency="movement.d_raw"  "../movement.c"
Finished building: "../movement.c"
 
Building target: "lab_5.out"
Invoking: Arm Linker
"C:/ti/ccs1271/ccs/tools/compiler/ti-cgt-arm_20.2.7.LTS/bin/armcl" -mv7M4 --code_state=16 --float_support=FPv4SPD16 -me --define=ccs="ccs" --define=PART_TM4C123GH6PM -g --gcc --diag_warning=225 --diag_wrap=off --display_error_number --abi=eabi -z -m"lab_5.map" --heap_size=1024 --stack_size=2048 -i"C:/ti/ccs1271/ccs/tools/compiler/ti-cgt-arm_20.2.7.LTS/lib" -i"C:/ti/ccs1271/ccs/tools/compiler/ti-cgt-arm_20.2.7.LTS/include" --reread_libs --diag_wrap=off --display_error_number --warn_sections --xml_link_info="lab_5_linkInfo.xml" --rom_model -o "lab_5.out" "./Timer.obj" "./handle_data.obj" "./handle_scan.obj" "./lcd.obj" "./main.obj" "./movement.obj" "./open_interface.obj" "./tm4c123gh6pm_startup_ccs.obj" "../libcybotScan.lib" "../libcybotUART.lib" "../tm4c123gh6pm.cmd"  -llibc.a -l"C:/ti/TivaWare_C_Series-2.2.0.295/driverlib/ccs/Debug/driverlib.lib" 
<Linking>
Finished building target: "lab_5.out"
 

**** Build Finished ****

**** Build of configuration Debug for project lab_5 ****

"C:\\ti\\ccs1271\\ccs\\utils\\bin\\gmake" -k -j 20 all -O 
 
Building file: "../movement.c"
Invoking: Arm Compiler
"C:/ti/ccs1271/ccs/tools/compiler/ti-cgt-arm_20.2.7.LTS/bin/armcl" -mv7M4 --code_state=16 --float_support=FPv4SPD16 -me --include_path="U:/CprE288/lab_5" --include_path="C:/ti/TivaWare_C_Series-2.2.0.295" --include_path="C:/ti/ccs1271/ccs/tools/compiler/ti-cgt-arm_20.2.7.LTS/include" --define=ccs="ccs" --define=PART_TM4C123GH6PM -g --gcc --diag_warning=225 --diag_wrap=off --display_error_number --abi=eabi --preproc_with_compile --preproc_dependency="movement.d_raw"  "../movement.c"
Finished building: "../movement.c"
 
Building target: "lab_5.out"
Invoking: Arm Linker
"C:/ti/ccs1271/ccs/tools/compiler/ti-cgt-arm_20.2.7.LTS/bin/armcl" -mv7M4 --code_state=16 --float_support=FPv4SPD16 -me --define=ccs="ccs" --define=PART_TM4C123GH6PM -g --gcc --diag_warning=225 --diag_wrap=off --display_error_number --abi=eabi -z -m"lab_5.map" --heap_size=1024 --stack_size=2048 -i"C:/ti/ccs1271/ccs/tools/compiler/ti-cgt-arm_20.2.7.LTS/lib" -i"C:/ti/ccs1271/ccs/tools/compiler/ti-cgt-arm_20.2.7.LTS/include" --reread_libs --diag_wrap=off --display_error_number --warn_sections --xml_link_info="lab_5_linkInfo.xml" --rom_model -o "lab_5.out" "./Timer.obj" "./handle_data.obj" "./handle_scan.obj" "./lcd.obj" "./main.obj" "./movement.obj" "./open_interface.obj" "./tm4c123gh6pm_startup_ccs.obj" "../libcybotScan.lib" "../libcybotUART.lib" "../tm4c123gh6pm.cmd"  -llibc.a -l"C:/ti/TivaWare_C_Series-2.2.0.295/driverlib/ccs/Debug/driverlib.lib" 
<Linking>
Finished building target: "lab_5.out"
 

**** Build Finished ****

**** Build of configuration Debug for project lab_5 ****

"C:\\ti\\ccs1271\\ccs\\utils\\bin\\gmake" -k -j 20 all -O 
 
Building file: "../movement.c"
Invoking: Arm Compiler
"C:/ti/ccs1271/ccs/tools/compiler/ti-cgt-arm_20.2.7.LTS/bin/armcl" -mv7M4 --code_state=16 --float_support=FPv4SPD16 -me --include_path="U:/CprE288/lab_5" --include_path="C:/ti/TivaWare_C_Series-2.2.0.295" --include_path="C:/ti/ccs1271/ccs/tools/compiler/ti-cgt-arm_20.2.7.LTS/include" --define=ccs="ccs" --define=PART_TM4C123GH6PM -g --gcc --diag_warning=225 --diag_wrap=off --display_error_number --abi=eabi --preproc_with_compile --preproc_dependency="movement.d_raw"  "../movement.c"
Finished building: "../movement.c"
 
Building target: "lab_5.out"
Invoking: Arm Linker
"C:/ti/ccs1271/ccs/tools/compiler/ti-cgt-arm_20.2.7.LTS/bin/armcl" -mv7M4 --code_state=16 --float_support=FPv4SPD16 -me --define=ccs="ccs" --define=PART_TM4C123GH6PM -g --gcc --diag_warning=225 --diag_wrap=off --display_error_number --abi=eabi -z -m"lab_5.map" --heap_size=1024 --stack_size=2048 -i"C:/ti/ccs1271/ccs/tools/compiler/ti-cgt-arm_20.2.7.LTS/lib" -i"C:/ti/ccs1271/ccs/tools/compiler/ti-cgt-arm_20.2.7.LTS/include" --reread_libs --diag_wrap=off --display_error_number --warn_sections --xml_link_info="lab_5_linkInfo.xml" --rom_model -o "lab_5.out" "./Timer.obj" "./handle_data.obj" "./handle_scan.obj" "./lcd.obj" "./main.obj" "./movement.obj" "./open_interface.obj" "./tm4c123gh6pm_startup_ccs.obj" "../libcybotScan.lib" "../libcybotUART.lib" "../tm4c123gh6pm.cmd"  -llibc.a -l"C:/ti/TivaWare_C_Series-2.2.0.295/driverlib/ccs/Debug/driverlib.lib" 
<Linking>
Finished building target: "lab_5.out"
 

**** Build Finished ****

**** Build of configuration Debug for project lab_5 ****

"C:\\ti\\ccs1271\\ccs\\utils\\bin\\gmake" -k -j 20 all -O 
 
Building file: "../movement.c"
Invoking: Arm Compiler
"C:/ti/ccs1271/ccs/tools/compiler/ti-cgt-arm_20.2.7.LTS/bin/armcl" -mv7M4 --code_state=16 --float_support=FPv4SPD16 -me --include_path="U:/CprE288/lab_5" --include_path="C:/ti/TivaWare_C_Series-2.2.0.295" --include_path="C:/ti/ccs1271/ccs/tools/compiler/ti-cgt-arm_20.2.7.LTS/include" --define=ccs="ccs" --define=PART_TM4C123GH6PM -g --gcc --diag_warning=225 --diag_wrap=off --display_error_number --abi=eabi --preproc_with_compile --preproc_dependency="movement.d_raw"  "../movement.c"
Finished building: "../movement.c"
 
Building target: "lab_5.out"
Invoking: Arm Linker
"C:/ti/ccs1271/ccs/tools/compiler/ti-cgt-arm_20.2.7.LTS/bin/armcl" -mv7M4 --code_state=16 --float_support=FPv4SPD16 -me --define=ccs="ccs" --define=PART_TM4C123GH6PM -g --gcc --diag_warning=225 --diag_wrap=off --display_error_number --abi=eabi -z -m"lab_5.map" --heap_size=1024 --stack_size=2048 -i"C:/ti/ccs1271/ccs/tools/compiler/ti-cgt-arm_20.2.7.LTS/lib" -i"C:/ti/ccs1271/ccs/tools/compiler/ti-cgt-arm_20.2.7.LTS/include" --reread_libs --diag_wrap=off --display_error_number --warn_sections --xml_link_info="lab_5_linkInfo.xml" --rom_model -o "lab_5.out" "./Timer.obj" "./handle_data.obj" "./handle_scan.obj" "./lcd.obj" "./main.obj" "./movement.obj" "./open_interface.obj" "./tm4c123gh6pm_startup_ccs.obj" "../libcybotScan.lib" "../libcybotUART.lib" "../tm4c123gh6pm.cmd"  -llibc.a -l"C:/ti/TivaWare_C_Series-2.2.0.295/driverlib/ccs/Debug/driverlib.lib" 
<Linking>
Finished building target: "lab_5.out"
 

**** Build Finished ****

**** Build of configuration Debug for project lab_5 ****

"C:\\ti\\ccs1271\\ccs\\utils\\bin\\gmake" -k -j 20 all -O 
 
Building file: "../movement.c"
Invoking: Arm Compiler
"C:/ti/ccs1271/ccs/tools/compiler/ti-cgt-arm_20.2.7.LTS/bin/armcl" -mv7M4 --code_state=16 --float_support=FPv4SPD16 -me --include_path="U:/CprE288/lab_5" --include_path="C:/ti/TivaWare_C_Series-2.2.0.295" --include_path="C:/ti/ccs1271/ccs/tools/compiler/ti-cgt-arm_20.2.7.LTS/include" --define=ccs="ccs" --define=PART_TM4C123GH6PM -g --gcc --diag_warning=225 --diag_wrap=off --display_error_number --abi=eabi --preproc_with_compile --preproc_dependency="movement.d_raw"  "../movement.c"
Finished building: "../movement.c"
 
Building target: "lab_5.out"
Invoking: Arm Linker
"C:/ti/ccs1271/ccs/tools/compiler/ti-cgt-arm_20.2.7.LTS/bin/armcl" -mv7M4 --code_state=16 --float_support=FPv4SPD16 -me --define=ccs="ccs" --define=PART_TM4C123GH6PM -g --gcc --diag_warning=225 --diag_wrap=off --display_error_number --abi=eabi -z -m"lab_5.map" --heap_size=1024 --stack_size=2048 -i"C:/ti/ccs1271/ccs/tools/compiler/ti-cgt-arm_20.2.7.LTS/lib" -i"C:/ti/ccs1271/ccs/tools/compiler/ti-cgt-arm_20.2.7.LTS/include" --reread_libs --diag_wrap=off --display_error_number --warn_sections --xml_link_info="lab_5_linkInfo.xml" --rom_model -o "lab_5.out" "./Timer.obj" "./handle_data.obj" "./handle_scan.obj" "./lcd.obj" "./main.obj" "./movement.obj" "./open_interface.obj" "./tm4c123gh6pm_startup_ccs.obj" "../libcybotScan.lib" "../libcybotUART.lib" "../tm4c123gh6pm.cmd"  -llibc.a -l"C:/ti/TivaWare_C_Series-2.2.0.295/driverlib/ccs/Debug/driverlib.lib" 
<Linking>
Finished building target: "lab_5.out"
 

**** Build Finished ****

**** Build of configuration Debug for project lab_5 ****

"C:\\ti\\ccs1271\\ccs\\utils\\bin\\gmake" -k -j 20 all -O 
 
Building file: "../movement.c"
Invoking: Arm Compiler
"C:/ti/ccs1271/ccs/tools/compiler/ti-cgt-arm_20.2.7.LTS/bin/armcl" -mv7M4 --code_state=16 --float_support=FPv4SPD16 -me --include_path="U:/CprE288/lab_5" --include_path="C:/ti/TivaWare_C_Series-2.2.0.295" --include_path="C:/ti/ccs1271/ccs/tools/compiler/ti-cgt-arm_20.2.7.LTS/include" --define=ccs="ccs" --define=PART_TM4C123GH6PM -g --gcc --diag_warning=225 --diag_wrap=off --display_error_number --abi=eabi --preproc_with_compile --preproc_dependency="movement.d_raw"  "../movement.c"
Finished building: "../movement.c"
 
Building target: "lab_5.out"
Invoking: Arm Linker
"C:/ti/ccs1271/ccs/tools/compiler/ti-cgt-arm_20.2.7.LTS/bin/armcl" -mv7M4 --code_state=16 --float_support=FPv4SPD16 -me --define=ccs="ccs" --define=PART_TM4C123GH6PM -g --gcc --diag_warning=225 --diag_wrap=off --display_error_number --abi=eabi -z -m"lab_5.map" --heap_size=1024 --stack_size=2048 -i"C:/ti/ccs1271/ccs/tools/compiler/ti-cgt-arm_20.2.7.LTS/lib" -i"C:/ti/ccs1271/ccs/tools/compiler/ti-cgt-arm_20.2.7.LTS/include" --reread_libs --diag_wrap=off --display_error_number --warn_sections --xml_link_info="lab_5_linkInfo.xml" --rom_model -o "lab_5.out" "./Timer.obj" "./handle_data.obj" "./handle_scan.obj" "./lcd.obj" "./main.obj" "./movement.obj" "./open_interface.obj" "./tm4c123gh6pm_startup_ccs.obj" "../libcybotScan.lib" "../libcybotUART.lib" "../tm4c123gh6pm.cmd"  -llibc.a -l"C:/ti/TivaWare_C_Series-2.2.0.295/driverlib/ccs/Debug/driverlib.lib" 
<Linking>
Finished building target: "lab_5.out"
 

**** Build Finished ****

**** Build of configuration Debug for project lab_5 ****

"C:\\ti\\ccs1271\\ccs\\utils\\bin\\gmake" -k -j 20 all -O 
 
Building file: "../movement.c"
Invoking: Arm Compiler
"C:/ti/ccs1271/ccs/tools/compiler/ti-cgt-arm_20.2.7.LTS/bin/armcl" -mv7M4 --code_state=16 --float_support=FPv4SPD16 -me --include_path="U:/CprE288/lab_5" --include_path="C:/ti/TivaWare_C_Series-2.2.0.295" --include_path="C:/ti/ccs1271/ccs/tools/compiler/ti-cgt-arm_20.2.7.LTS/include" --define=ccs="ccs" --define=PART_TM4C123GH6PM -g --gcc --diag_warning=225 --diag_wrap=off --display_error_number --abi=eabi --preproc_with_compile --preproc_dependency="movement.d_raw"  "../movement.c"
Finished building: "../movement.c"
 
Building target: "lab_5.out"
Invoking: Arm Linker
"C:/ti/ccs1271/ccs/tools/compiler/ti-cgt-arm_20.2.7.LTS/bin/armcl" -mv7M4 --code_state=16 --float_support=FPv4SPD16 -me --define=ccs="ccs" --define=PART_TM4C123GH6PM -g --gcc --diag_warning=225 --diag_wrap=off --display_error_number --abi=eabi -z -m"lab_5.map" --heap_size=1024 --stack_size=2048 -i"C:/ti/ccs1271/ccs/tools/compiler/ti-cgt-arm_20.2.7.LTS/lib" -i"C:/ti/ccs1271/ccs/tools/compiler/ti-cgt-arm_20.2.7.LTS/include" --reread_libs --diag_wrap=off --display_error_number --warn_sections --xml_link_info="lab_5_linkInfo.xml" --rom_model -o "lab_5.out" "./Timer.obj" "./handle_data.obj" "./handle_scan.obj" "./lcd.obj" "./main.obj" "./movement.obj" "./open_interface.obj" "./tm4c123gh6pm_startup_ccs.obj" "../libcybotScan.lib" "../libcybotUART.lib" "../tm4c123gh6pm.cmd"  -llibc.a -l"C:/ti/TivaWare_C_Series-2.2.0.295/driverlib/ccs/Debug/driverlib.lib" 
<Linking>
Finished building target: "lab_5.out"
 

**** Build Finished ****

**** Build of configuration Debug for project lab_5 ****

"C:\\ti\\ccs1271\\ccs\\utils\\bin\\gmake" -k -j 20 all -O 
 
Building file: "../movement.c"
Invoking: Arm Compiler
"C:/ti/ccs1271/ccs/tools/compiler/ti-cgt-arm_20.2.7.LTS/bin/armcl" -mv7M4 --code_state=16 --float_support=FPv4SPD16 -me --include_path="U:/CprE288/lab_5" --include_path="C:/ti/TivaWare_C_Series-2.2.0.295" --include_path="C:/ti/ccs1271/ccs/tools/compiler/ti-cgt-arm_20.2.7.LTS/include" --define=ccs="ccs" --define=PART_TM4C123GH6PM -g --gcc --diag_warning=225 --diag_wrap=off --display_error_number --abi=eabi --preproc_with_compile --preproc_dependency="movement.d_raw"  "../movement.c"
Finished building: "../movement.c"
 
Building target: "lab_5.out"
Invoking: Arm Linker
"C:/ti/ccs1271/ccs/tools/compiler/ti-cgt-arm_20.2.7.LTS/bin/armcl" -mv7M4 --code_state=16 --float_support=FPv4SPD16 -me --define=ccs="ccs" --define=PART_TM4C123GH6PM -g --gcc --diag_warning=225 --diag_wrap=off --display_error_number --abi=eabi -z -m"lab_5.map" --heap_size=1024 --stack_size=2048 -i"C:/ti/ccs1271/ccs/tools/compiler/ti-cgt-arm_20.2.7.LTS/lib" -i"C:/ti/ccs1271/ccs/tools/compiler/ti-cgt-arm_20.2.7.LTS/include" --reread_libs --diag_wrap=off --display_error_number --warn_sections --xml_link_info="lab_5_linkInfo.xml" --rom_model -o "lab_5.out" "./Timer.obj" "./handle_data.obj" "./handle_scan.obj" "./lcd.obj" "./main.obj" "./movement.obj" "./open_interface.obj" "./tm4c123gh6pm_startup_ccs.obj" "../libcybotScan.lib" "../libcybotUART.lib" "../tm4c123gh6pm.cmd"  -llibc.a -l"C:/ti/TivaWare_C_Series-2.2.0.295/driverlib/ccs/Debug/driverlib.lib" 
<Linking>
Finished building target: "lab_5.out"
 

**** Build Finished ****

**** Build of configuration Debug for project lab_5 ****

"C:\\ti\\ccs1271\\ccs\\utils\\bin\\gmake" -k -j 20 all -O 
 
Building file: "../movement.c"
Invoking: Arm Compiler
"C:/ti/ccs1271/ccs/tools/compiler/ti-cgt-arm_20.2.7.LTS/bin/armcl" -mv7M4 --code_state=16 --float_support=FPv4SPD16 -me --include_path="U:/CprE288/lab_5" --include_path="C:/ti/TivaWare_C_Series-2.2.0.295" --include_path="C:/ti/ccs1271/ccs/tools/compiler/ti-cgt-arm_20.2.7.LTS/include" --define=ccs="ccs" --define=PART_TM4C123GH6PM -g --gcc --diag_warning=225 --diag_wrap=off --display_error_number --abi=eabi --preproc_with_compile --preproc_dependency="movement.d_raw"  "../movement.c"
Finished building: "../movement.c"
 
Building target: "lab_5.out"
Invoking: Arm Linker
"C:/ti/ccs1271/ccs/tools/compiler/ti-cgt-arm_20.2.7.LTS/bin/armcl" -mv7M4 --code_state=16 --float_support=FPv4SPD16 -me --define=ccs="ccs" --define=PART_TM4C123GH6PM -g --gcc --diag_warning=225 --diag_wrap=off --display_error_number --abi=eabi -z -m"lab_5.map" --heap_size=1024 --stack_size=2048 -i"C:/ti/ccs1271/ccs/tools/compiler/ti-cgt-arm_20.2.7.LTS/lib" -i"C:/ti/ccs1271/ccs/tools/compiler/ti-cgt-arm_20.2.7.LTS/include" --reread_libs --diag_wrap=off --display_error_number --warn_sections --xml_link_info="lab_5_linkInfo.xml" --rom_model -o "lab_5.out" "./Timer.obj" "./handle_data.obj" "./handle_scan.obj" "./lcd.obj" "./main.obj" "./movement.obj" "./open_interface.obj" "./tm4c123gh6pm_startup_ccs.obj" "../libcybotScan.lib" "../libcybotUART.lib" "../tm4c123gh6pm.cmd"  -llibc.a -l"C:/ti/TivaWare_C_Series-2.2.0.295/driverlib/ccs/Debug/driverlib.lib" 
<Linking>
Finished building target: "lab_5.out"
 

**** Build Finished ****

**** Build of configuration Debug for project lab_5 ****

"C:\\ti\\ccs1271\\ccs\\utils\\bin\\gmake" -k -j 20 all -O 
 
Building file: "../movement.c"
Invoking: Arm Compiler
"C:/ti/ccs1271/ccs/tools/compiler/ti-cgt-arm_20.2.7.LTS/bin/armcl" -mv7M4 --code_state=16 --float_support=FPv4SPD16 -me --include_path="U:/CprE288/lab_5" --include_path="C:/ti/TivaWare_C_Series-2.2.0.295" --include_path="C:/ti/ccs1271/ccs/tools/compiler/ti-cgt-arm_20.2.7.LTS/include" --define=ccs="ccs" --define=PART_TM4C123GH6PM -g --gcc --diag_warning=225 --diag_wrap=off --display_error_number --abi=eabi --preproc_with_compile --preproc_dependency="movement.d_raw"  "../movement.c"
Finished building: "../movement.c"
 
Building target: "lab_5.out"
Invoking: Arm Linker
"C:/ti/ccs1271/ccs/tools/compiler/ti-cgt-arm_20.2.7.LTS/bin/armcl" -mv7M4 --code_state=16 --float_support=FPv4SPD16 -me --define=ccs="ccs" --define=PART_TM4C123GH6PM -g --gcc --diag_warning=225 --diag_wrap=off --display_error_number --abi=eabi -z -m"lab_5.map" --heap_size=1024 --stack_size=2048 -i"C:/ti/ccs1271/ccs/tools/compiler/ti-cgt-arm_20.2.7.LTS/lib" -i"C:/ti/ccs1271/ccs/tools/compiler/ti-cgt-arm_20.2.7.LTS/include" --reread_libs --diag_wrap=off --display_error_number --warn_sections --xml_link_info="lab_5_linkInfo.xml" --rom_model -o "lab_5.out" "./Timer.obj" "./handle_data.obj" "./handle_scan.obj" "./lcd.obj" "./main.obj" "./movement.obj" "./open_interface.obj" "./tm4c123gh6pm_startup_ccs.obj" "../libcybotScan.lib" "../libcybotUART.lib" "../tm4c123gh6pm.cmd"  -llibc.a -l"C:/ti/TivaWare_C_Series-2.2.0.295/driverlib/ccs/Debug/driverlib.lib" 
<Linking>
Finished building target: "lab_5.out"
 

**** Build Finished ****

**** Build of configuration Debug for project lab_5 ****

"C:\\ti\\ccs1271\\ccs\\utils\\bin\\gmake" -k -j 20 all -O 
 
Building file: "../main.c"
Invoking: Arm Compiler
"C:/ti/ccs1271/ccs/tools/compiler/ti-cgt-arm_20.2.7.LTS/bin/armcl" -mv7M4 --code_state=16 --float_support=FPv4SPD16 -me --include_path="U:/CprE288/lab_5" --include_path="C:/ti/TivaWare_C_Series-2.2.0.295" --include_path="C:/ti/ccs1271/ccs/tools/compiler/ti-cgt-arm_20.2.7.LTS/include" --define=ccs="ccs" --define=PART_TM4C123GH6PM -g --gcc --diag_warning=225 --diag_wrap=off --display_error_number --abi=eabi --preproc_with_compile --preproc_dependency="main.d_raw"  "../main.c"
"..\handle_scan.h", line 24: warning #1-D: last line of file ends without a newline
"../main.c", line 95: warning #227-D: the format string ends before this argument
Finished building: "../main.c"
 
Building file: "../movement.c"
Invoking: Arm Compiler
"C:/ti/ccs1271/ccs/tools/compiler/ti-cgt-arm_20.2.7.LTS/bin/armcl" -mv7M4 --code_state=16 --float_support=FPv4SPD16 -me --include_path="U:/CprE288/lab_5" --include_path="C:/ti/TivaWare_C_Series-2.2.0.295" --include_path="C:/ti/ccs1271/ccs/tools/compiler/ti-cgt-arm_20.2.7.LTS/include" --define=ccs="ccs" --define=PART_TM4C123GH6PM -g --gcc --diag_warning=225 --diag_wrap=off --display_error_number --abi=eabi --preproc_with_compile --preproc_dependency="movement.d_raw"  "../movement.c"
Finished building: "../movement.c"
 
Building target: "lab_5.out"
Invoking: Arm Linker
"C:/ti/ccs1271/ccs/tools/compiler/ti-cgt-arm_20.2.7.LTS/bin/armcl" -mv7M4 --code_state=16 --float_support=FPv4SPD16 -me --define=ccs="ccs" --define=PART_TM4C123GH6PM -g --gcc --diag_warning=225 --diag_wrap=off --display_error_number --abi=eabi -z -m"lab_5.map" --heap_size=1024 --stack_size=2048 -i"C:/ti/ccs1271/ccs/tools/compiler/ti-cgt-arm_20.2.7.LTS/lib" -i"C:/ti/ccs1271/ccs/tools/compiler/ti-cgt-arm_20.2.7.LTS/include" --reread_libs --diag_wrap=off --display_error_number --warn_sections --xml_link_info="lab_5_linkInfo.xml" --rom_model -o "lab_5.out" "./Timer.obj" "./handle_data.obj" "./handle_scan.obj" "./lcd.obj" "./main.obj" "./movement.obj" "./open_interface.obj" "./tm4c123gh6pm_startup_ccs.obj" "../libcybotScan.lib" "../libcybotUART.lib" "../tm4c123gh6pm.cmd"  -llibc.a -l"C:/ti/TivaWare_C_Series-2.2.0.295/driverlib/ccs/Debug/driverlib.lib" 
<Linking>
Finished building target: "lab_5.out"
 

**** Build Finished ****

**** Build of configuration Debug for project lab_5 ****

"C:\\ti\\ccs1271\\ccs\\utils\\bin\\gmake" -k -j 20 all -O 
 
Building file: "../movement.c"
Invoking: Arm Compiler
"C:/ti/ccs1271/ccs/tools/compiler/ti-cgt-arm_20.2.7.LTS/bin/armcl" -mv7M4 --code_state=16 --float_support=FPv4SPD16 -me --include_path="U:/CprE288/lab_5" --include_path="C:/ti/TivaWare_C_Series-2.2.0.295" --include_path="C:/ti/ccs1271/ccs/tools/compiler/ti-cgt-arm_20.2.7.LTS/include" --define=ccs="ccs" --define=PART_TM4C123GH6PM -g --gcc --diag_warning=225 --diag_wrap=off --display_error_number --abi=eabi --preproc_with_compile --preproc_dependency="movement.d_raw"  "../movement.c"
Finished building: "../movement.c"
 
Building target: "lab_5.out"
Invoking: Arm Linker
"C:/ti/ccs1271/ccs/tools/compiler/ti-cgt-arm_20.2.7.LTS/bin/armcl" -mv7M4 --code_state=16 --float_support=FPv4SPD16 -me --define=ccs="ccs" --define=PART_TM4C123GH6PM -g --gcc --diag_warning=225 --diag_wrap=off --display_error_number --abi=eabi -z -m"lab_5.map" --heap_size=1024 --stack_size=2048 -i"C:/ti/ccs1271/ccs/tools/compiler/ti-cgt-arm_20.2.7.LTS/lib" -i"C:/ti/ccs1271/ccs/tools/compiler/ti-cgt-arm_20.2.7.LTS/include" --reread_libs --diag_wrap=off --display_error_number --warn_sections --xml_link_info="lab_5_linkInfo.xml" --rom_model -o "lab_5.out" "./Timer.obj" "./handle_data.obj" "./handle_scan.obj" "./lcd.obj" "./main.obj" "./movement.obj" "./open_interface.obj" "./tm4c123gh6pm_startup_ccs.obj" "../libcybotScan.lib" "../libcybotUART.lib" "../tm4c123gh6pm.cmd"  -llibc.a -l"C:/ti/TivaWare_C_Series-2.2.0.295/driverlib/ccs/Debug/driverlib.lib" 
<Linking>
Finished building target: "lab_5.out"
 

**** Build Finished ****

**** Build of configuration Debug for project lab_5 ****

"C:\\ti\\ccs1271\\ccs\\utils\\bin\\gmake" -k -j 20 all -O 
 
Building file: "../movement.c"
Invoking: Arm Compiler
"C:/ti/ccs1271/ccs/tools/compiler/ti-cgt-arm_20.2.7.LTS/bin/armcl" -mv7M4 --code_state=16 --float_support=FPv4SPD16 -me --include_path="U:/CprE288/lab_5" --include_path="C:/ti/TivaWare_C_Series-2.2.0.295" --include_path="C:/ti/ccs1271/ccs/tools/compiler/ti-cgt-arm_20.2.7.LTS/include" --define=ccs="ccs" --define=PART_TM4C123GH6PM -g --gcc --diag_warning=225 --diag_wrap=off --display_error_number --abi=eabi --preproc_with_compile --preproc_dependency="movement.d_raw"  "../movement.c"
Finished building: "../movement.c"
 
Building target: "lab_5.out"
Invoking: Arm Linker
"C:/ti/ccs1271/ccs/tools/compiler/ti-cgt-arm_20.2.7.LTS/bin/armcl" -mv7M4 --code_state=16 --float_support=FPv4SPD16 -me --define=ccs="ccs" --define=PART_TM4C123GH6PM -g --gcc --diag_warning=225 --diag_wrap=off --display_error_number --abi=eabi -z -m"lab_5.map" --heap_size=1024 --stack_size=2048 -i"C:/ti/ccs1271/ccs/tools/compiler/ti-cgt-arm_20.2.7.LTS/lib" -i"C:/ti/ccs1271/ccs/tools/compiler/ti-cgt-arm_20.2.7.LTS/include" --reread_libs --diag_wrap=off --display_error_number --warn_sections --xml_link_info="lab_5_linkInfo.xml" --rom_model -o "lab_5.out" "./Timer.obj" "./handle_data.obj" "./handle_scan.obj" "./lcd.obj" "./main.obj" "./movement.obj" "./open_interface.obj" "./tm4c123gh6pm_startup_ccs.obj" "../libcybotScan.lib" "../libcybotUART.lib" "../tm4c123gh6pm.cmd"  -llibc.a -l"C:/ti/TivaWare_C_Series-2.2.0.295/driverlib/ccs/Debug/driverlib.lib" 
<Linking>
Finished building target: "lab_5.out"
 

**** Build Finished ****

**** Build of configuration Debug for project lab_5 ****

"C:\\ti\\ccs1271\\ccs\\utils\\bin\\gmake" -k -j 20 all -O 
 
Building file: "../movement.c"
Invoking: Arm Compiler
"C:/ti/ccs1271/ccs/tools/compiler/ti-cgt-arm_20.2.7.LTS/bin/armcl" -mv7M4 --code_state=16 --float_support=FPv4SPD16 -me --include_path="U:/CprE288/lab_5" --include_path="C:/ti/TivaWare_C_Series-2.2.0.295" --include_path="C:/ti/ccs1271/ccs/tools/compiler/ti-cgt-arm_20.2.7.LTS/include" --define=ccs="ccs" --define=PART_TM4C123GH6PM -g --gcc --diag_warning=225 --diag_wrap=off --display_error_number --abi=eabi --preproc_with_compile --preproc_dependency="movement.d_raw"  "../movement.c"
Finished building: "../movement.c"
 
Building target: "lab_5.out"
Invoking: Arm Linker
"C:/ti/ccs1271/ccs/tools/compiler/ti-cgt-arm_20.2.7.LTS/bin/armcl" -mv7M4 --code_state=16 --float_support=FPv4SPD16 -me --define=ccs="ccs" --define=PART_TM4C123GH6PM -g --gcc --diag_warning=225 --diag_wrap=off --display_error_number --abi=eabi -z -m"lab_5.map" --heap_size=1024 --stack_size=2048 -i"C:/ti/ccs1271/ccs/tools/compiler/ti-cgt-arm_20.2.7.LTS/lib" -i"C:/ti/ccs1271/ccs/tools/compiler/ti-cgt-arm_20.2.7.LTS/include" --reread_libs --diag_wrap=off --display_error_number --warn_sections --xml_link_info="lab_5_linkInfo.xml" --rom_model -o "lab_5.out" "./Timer.obj" "./handle_data.obj" "./handle_scan.obj" "./lcd.obj" "./main.obj" "./movement.obj" "./open_interface.obj" "./tm4c123gh6pm_startup_ccs.obj" "../libcybotScan.lib" "../libcybotUART.lib" "../tm4c123gh6pm.cmd"  -llibc.a -l"C:/ti/TivaWare_C_Series-2.2.0.295/driverlib/ccs/Debug/driverlib.lib" 
<Linking>
Finished building target: "lab_5.out"
 

**** Build Finished ****

**** Build of configuration Debug for project lab_5 ****

"C:\\ti\\ccs1271\\ccs\\utils\\bin\\gmake" -k -j 20 all -O 
 
Building file: "../movement.c"
Invoking: Arm Compiler
"C:/ti/ccs1271/ccs/tools/compiler/ti-cgt-arm_20.2.7.LTS/bin/armcl" -mv7M4 --code_state=16 --float_support=FPv4SPD16 -me --include_path="U:/CprE288/lab_5" --include_path="C:/ti/TivaWare_C_Series-2.2.0.295" --include_path="C:/ti/ccs1271/ccs/tools/compiler/ti-cgt-arm_20.2.7.LTS/include" --define=ccs="ccs" --define=PART_TM4C123GH6PM -g --gcc --diag_warning=225 --diag_wrap=off --display_error_number --abi=eabi --preproc_with_compile --preproc_dependency="movement.d_raw"  "../movement.c"
Finished building: "../movement.c"
 
Building target: "lab_5.out"
Invoking: Arm Linker
"C:/ti/ccs1271/ccs/tools/compiler/ti-cgt-arm_20.2.7.LTS/bin/armcl" -mv7M4 --code_state=16 --float_support=FPv4SPD16 -me --define=ccs="ccs" --define=PART_TM4C123GH6PM -g --gcc --diag_warning=225 --diag_wrap=off --display_error_number --abi=eabi -z -m"lab_5.map" --heap_size=1024 --stack_size=2048 -i"C:/ti/ccs1271/ccs/tools/compiler/ti-cgt-arm_20.2.7.LTS/lib" -i"C:/ti/ccs1271/ccs/tools/compiler/ti-cgt-arm_20.2.7.LTS/include" --reread_libs --diag_wrap=off --display_error_number --warn_sections --xml_link_info="lab_5_linkInfo.xml" --rom_model -o "lab_5.out" "./Timer.obj" "./handle_data.obj" "./handle_scan.obj" "./lcd.obj" "./main.obj" "./movement.obj" "./open_interface.obj" "./tm4c123gh6pm_startup_ccs.obj" "../libcybotScan.lib" "../libcybotUART.lib" "../tm4c123gh6pm.cmd"  -llibc.a -l"C:/ti/TivaWare_C_Series-2.2.0.295/driverlib/ccs/Debug/driverlib.lib" 
<Linking>
Finished building target: "lab_5.out"
 

**** Build Finished ****

**** Build of configuration Debug for project lab_5 ****

"C:\\ti\\ccs1271\\ccs\\utils\\bin\\gmake" -k -j 20 all -O 
 
Building file: "../movement.c"
Invoking: Arm Compiler
"C:/ti/ccs1271/ccs/tools/compiler/ti-cgt-arm_20.2.7.LTS/bin/armcl" -mv7M4 --code_state=16 --float_support=FPv4SPD16 -me --include_path="U:/CprE288/lab_5" --include_path="C:/ti/TivaWare_C_Series-2.2.0.295" --include_path="C:/ti/ccs1271/ccs/tools/compiler/ti-cgt-arm_20.2.7.LTS/include" --define=ccs="ccs" --define=PART_TM4C123GH6PM -g --gcc --diag_warning=225 --diag_wrap=off --display_error_number --abi=eabi --preproc_with_compile --preproc_dependency="movement.d_raw"  "../movement.c"
Finished building: "../movement.c"
 
Building target: "lab_5.out"
Invoking: Arm Linker
"C:/ti/ccs1271/ccs/tools/compiler/ti-cgt-arm_20.2.7.LTS/bin/armcl" -mv7M4 --code_state=16 --float_support=FPv4SPD16 -me --define=ccs="ccs" --define=PART_TM4C123GH6PM -g --gcc --diag_warning=225 --diag_wrap=off --display_error_number --abi=eabi -z -m"lab_5.map" --heap_size=1024 --stack_size=2048 -i"C:/ti/ccs1271/ccs/tools/compiler/ti-cgt-arm_20.2.7.LTS/lib" -i"C:/ti/ccs1271/ccs/tools/compiler/ti-cgt-arm_20.2.7.LTS/include" --reread_libs --diag_wrap=off --display_error_number --warn_sections --xml_link_info="lab_5_linkInfo.xml" --rom_model -o "lab_5.out" "./Timer.obj" "./handle_data.obj" "./handle_scan.obj" "./lcd.obj" "./main.obj" "./movement.obj" "./open_interface.obj" "./tm4c123gh6pm_startup_ccs.obj" "../libcybotScan.lib" "../libcybotUART.lib" "../tm4c123gh6pm.cmd"  -llibc.a -l"C:/ti/TivaWare_C_Series-2.2.0.295/driverlib/ccs/Debug/driverlib.lib" 
<Linking>
Finished building target: "lab_5.out"
 

**** Build Finished ****

**** Build of configuration Debug for project lab_5 ****

"C:\\ti\\ccs1271\\ccs\\utils\\bin\\gmake" -k -j 20 all -O 
 
Building file: "../movement.c"
Invoking: Arm Compiler
"C:/ti/ccs1271/ccs/tools/compiler/ti-cgt-arm_20.2.7.LTS/bin/armcl" -mv7M4 --code_state=16 --float_support=FPv4SPD16 -me --include_path="U:/CprE288/lab_5" --include_path="C:/ti/TivaWare_C_Series-2.2.0.295" --include_path="C:/ti/ccs1271/ccs/tools/compiler/ti-cgt-arm_20.2.7.LTS/include" --define=ccs="ccs" --define=PART_TM4C123GH6PM -g --gcc --diag_warning=225 --diag_wrap=off --display_error_number --abi=eabi --preproc_with_compile --preproc_dependency="movement.d_raw"  "../movement.c"
Finished building: "../movement.c"
 
Building target: "lab_5.out"
Invoking: Arm Linker
"C:/ti/ccs1271/ccs/tools/compiler/ti-cgt-arm_20.2.7.LTS/bin/armcl" -mv7M4 --code_state=16 --float_support=FPv4SPD16 -me --define=ccs="ccs" --define=PART_TM4C123GH6PM -g --gcc --diag_warning=225 --diag_wrap=off --display_error_number --abi=eabi -z -m"lab_5.map" --heap_size=1024 --stack_size=2048 -i"C:/ti/ccs1271/ccs/tools/compiler/ti-cgt-arm_20.2.7.LTS/lib" -i"C:/ti/ccs1271/ccs/tools/compiler/ti-cgt-arm_20.2.7.LTS/include" --reread_libs --diag_wrap=off --display_error_number --warn_sections --xml_link_info="lab_5_linkInfo.xml" --rom_model -o "lab_5.out" "./Timer.obj" "./handle_data.obj" "./handle_scan.obj" "./lcd.obj" "./main.obj" "./movement.obj" "./open_interface.obj" "./tm4c123gh6pm_startup_ccs.obj" "../libcybotScan.lib" "../libcybotUART.lib" "../tm4c123gh6pm.cmd"  -llibc.a -l"C:/ti/TivaWare_C_Series-2.2.0.295/driverlib/ccs/Debug/driverlib.lib" 
<Linking>
Finished building target: "lab_5.out"
 

**** Build Finished ****

**** Build of configuration Debug for project lab_5 ****

"C:\\ti\\ccs1271\\ccs\\utils\\bin\\gmake" -k -j 20 all -O 
 
Building file: "../movement.c"
Invoking: Arm Compiler
"C:/ti/ccs1271/ccs/tools/compiler/ti-cgt-arm_20.2.7.LTS/bin/armcl" -mv7M4 --code_state=16 --float_support=FPv4SPD16 -me --include_path="U:/CprE288/lab_5" --include_path="C:/ti/TivaWare_C_Series-2.2.0.295" --include_path="C:/ti/ccs1271/ccs/tools/compiler/ti-cgt-arm_20.2.7.LTS/include" --define=ccs="ccs" --define=PART_TM4C123GH6PM -g --gcc --diag_warning=225 --diag_wrap=off --display_error_number --abi=eabi --preproc_with_compile --preproc_dependency="movement.d_raw"  "../movement.c"
Finished building: "../movement.c"
 
Building target: "lab_5.out"
Invoking: Arm Linker
"C:/ti/ccs1271/ccs/tools/compiler/ti-cgt-arm_20.2.7.LTS/bin/armcl" -mv7M4 --code_state=16 --float_support=FPv4SPD16 -me --define=ccs="ccs" --define=PART_TM4C123GH6PM -g --gcc --diag_warning=225 --diag_wrap=off --display_error_number --abi=eabi -z -m"lab_5.map" --heap_size=1024 --stack_size=2048 -i"C:/ti/ccs1271/ccs/tools/compiler/ti-cgt-arm_20.2.7.LTS/lib" -i"C:/ti/ccs1271/ccs/tools/compiler/ti-cgt-arm_20.2.7.LTS/include" --reread_libs --diag_wrap=off --display_error_number --warn_sections --xml_link_info="lab_5_linkInfo.xml" --rom_model -o "lab_5.out" "./Timer.obj" "./handle_data.obj" "./handle_scan.obj" "./lcd.obj" "./main.obj" "./movement.obj" "./open_interface.obj" "./tm4c123gh6pm_startup_ccs.obj" "../libcybotScan.lib" "../libcybotUART.lib" "../tm4c123gh6pm.cmd"  -llibc.a -l"C:/ti/TivaWare_C_Series-2.2.0.295/driverlib/ccs/Debug/driverlib.lib" 
<Linking>
Finished building target: "lab_5.out"
 

**** Build Finished ****

**** Build of configuration Debug for project lab_5 ****

"C:\\ti\\ccs1271\\ccs\\utils\\bin\\gmake" -k -j 20 all -O 
 
Building file: "../movement.c"
Invoking: Arm Compiler
"C:/ti/ccs1271/ccs/tools/compiler/ti-cgt-arm_20.2.7.LTS/bin/armcl" -mv7M4 --code_state=16 --float_support=FPv4SPD16 -me --include_path="U:/CprE288/lab_5" --include_path="C:/ti/TivaWare_C_Series-2.2.0.295" --include_path="C:/ti/ccs1271/ccs/tools/compiler/ti-cgt-arm_20.2.7.LTS/include" --define=ccs="ccs" --define=PART_TM4C123GH6PM -g --gcc --diag_warning=225 --diag_wrap=off --display_error_number --abi=eabi --preproc_with_compile --preproc_dependency="movement.d_raw"  "../movement.c"
 
>> Compilation failure
subdir_rules.mk:9: recipe for target 'movement.obj' failed
"../movement.c", line 93: error #167: too few arguments in function call
1 error detected in the compilation of "../movement.c".
gmake: *** [movement.obj] Error 1
gmake: Target 'all' not remade because of errors.

**** Build Finished ****

**** Build of configuration Debug for project lab_5 ****

"C:\\ti\\ccs1271\\ccs\\utils\\bin\\gmake" -k -j 20 all -O 
 
Building file: "../movement.c"
Invoking: Arm Compiler
"C:/ti/ccs1271/ccs/tools/compiler/ti-cgt-arm_20.2.7.LTS/bin/armcl" -mv7M4 --code_state=16 --float_support=FPv4SPD16 -me --include_path="U:/CprE288/lab_5" --include_path="C:/ti/TivaWare_C_Series-2.2.0.295" --include_path="C:/ti/ccs1271/ccs/tools/compiler/ti-cgt-arm_20.2.7.LTS/include" --define=ccs="ccs" --define=PART_TM4C123GH6PM -g --gcc --diag_warning=225 --diag_wrap=off --display_error_number --abi=eabi --preproc_with_compile --preproc_dependency="movement.d_raw"  "../movement.c"
Finished building: "../movement.c"
 
Building target: "lab_5.out"
Invoking: Arm Linker
"C:/ti/ccs1271/ccs/tools/compiler/ti-cgt-arm_20.2.7.LTS/bin/armcl" -mv7M4 --code_state=16 --float_support=FPv4SPD16 -me --define=ccs="ccs" --define=PART_TM4C123GH6PM -g --gcc --diag_warning=225 --diag_wrap=off --display_error_number --abi=eabi -z -m"lab_5.map" --heap_size=1024 --stack_size=2048 -i"C:/ti/ccs1271/ccs/tools/compiler/ti-cgt-arm_20.2.7.LTS/lib" -i"C:/ti/ccs1271/ccs/tools/compiler/ti-cgt-arm_20.2.7.LTS/include" --reread_libs --diag_wrap=off --display_error_number --warn_sections --xml_link_info="lab_5_linkInfo.xml" --rom_model -o "lab_5.out" "./Timer.obj" "./handle_data.obj" "./handle_scan.obj" "./lcd.obj" "./main.obj" "./movement.obj" "./open_interface.obj" "./tm4c123gh6pm_startup_ccs.obj" "../libcybotScan.lib" "../libcybotUART.lib" "../tm4c123gh6pm.cmd"  -llibc.a -l"C:/ti/TivaWare_C_Series-2.2.0.295/driverlib/ccs/Debug/driverlib.lib" 
<Linking>
Finished building target: "lab_5.out"
 

**** Build Finished ****

**** Build of configuration Debug for project lab_5 ****

"C:\\ti\\ccs1271\\ccs\\utils\\bin\\gmake" -k -j 20 all -O 
 
Building file: "../movement.c"
Invoking: Arm Compiler
"C:/ti/ccs1271/ccs/tools/compiler/ti-cgt-arm_20.2.7.LTS/bin/armcl" -mv7M4 --code_state=16 --float_support=FPv4SPD16 -me --include_path="U:/CprE288/lab_5" --include_path="C:/ti/TivaWare_C_Series-2.2.0.295" --include_path="C:/ti/ccs1271/ccs/tools/compiler/ti-cgt-arm_20.2.7.LTS/include" --define=ccs="ccs" --define=PART_TM4C123GH6PM -g --gcc --diag_warning=225 --diag_wrap=off --display_error_number --abi=eabi --preproc_with_compile --preproc_dependency="movement.d_raw"  "../movement.c"
Finished building: "../movement.c"
 
Building target: "lab_5.out"
Invoking: Arm Linker
"C:/ti/ccs1271/ccs/tools/compiler/ti-cgt-arm_20.2.7.LTS/bin/armcl" -mv7M4 --code_state=16 --float_support=FPv4SPD16 -me --define=ccs="ccs" --define=PART_TM4C123GH6PM -g --gcc --diag_warning=225 --diag_wrap=off --display_error_number --abi=eabi -z -m"lab_5.map" --heap_size=1024 --stack_size=2048 -i"C:/ti/ccs1271/ccs/tools/compiler/ti-cgt-arm_20.2.7.LTS/lib" -i"C:/ti/ccs1271/ccs/tools/compiler/ti-cgt-arm_20.2.7.LTS/include" --reread_libs --diag_wrap=off --display_error_number --warn_sections --xml_link_info="lab_5_linkInfo.xml" --rom_model -o "lab_5.out" "./Timer.obj" "./handle_data.obj" "./handle_scan.obj" "./lcd.obj" "./main.obj" "./movement.obj" "./open_interface.obj" "./tm4c123gh6pm_startup_ccs.obj" "../libcybotScan.lib" "../libcybotUART.lib" "../tm4c123gh6pm.cmd"  -llibc.a -l"C:/ti/TivaWare_C_Series-2.2.0.295/driverlib/ccs/Debug/driverlib.lib" 
<Linking>
Finished building target: "lab_5.out"
 

**** Build Finished ****

**** Build of configuration Debug for project lab_5 ****

"C:\\ti\\ccs1271\\ccs\\utils\\bin\\gmake" -k -j 20 all -O 
 
Building file: "../movement.c"
Invoking: Arm Compiler
"C:/ti/ccs1271/ccs/tools/compiler/ti-cgt-arm_20.2.7.LTS/bin/armcl" -mv7M4 --code_state=16 --float_support=FPv4SPD16 -me --include_path="U:/CprE288/lab_5" --include_path="C:/ti/TivaWare_C_Series-2.2.0.295" --include_path="C:/ti/ccs1271/ccs/tools/compiler/ti-cgt-arm_20.2.7.LTS/include" --define=ccs="ccs" --define=PART_TM4C123GH6PM -g --gcc --diag_warning=225 --diag_wrap=off --display_error_number --abi=eabi --preproc_with_compile --preproc_dependency="movement.d_raw"  "../movement.c"
Finished building: "../movement.c"
 
Building target: "lab_5.out"
Invoking: Arm Linker
"C:/ti/ccs1271/ccs/tools/compiler/ti-cgt-arm_20.2.7.LTS/bin/armcl" -mv7M4 --code_state=16 --float_support=FPv4SPD16 -me --define=ccs="ccs" --define=PART_TM4C123GH6PM -g --gcc --diag_warning=225 --diag_wrap=off --display_error_number --abi=eabi -z -m"lab_5.map" --heap_size=1024 --stack_size=2048 -i"C:/ti/ccs1271/ccs/tools/compiler/ti-cgt-arm_20.2.7.LTS/lib" -i"C:/ti/ccs1271/ccs/tools/compiler/ti-cgt-arm_20.2.7.LTS/include" --reread_libs --diag_wrap=off --display_error_number --warn_sections --xml_link_info="lab_5_linkInfo.xml" --rom_model -o "lab_5.out" "./Timer.obj" "./handle_data.obj" "./handle_scan.obj" "./lcd.obj" "./main.obj" "./movement.obj" "./open_interface.obj" "./tm4c123gh6pm_startup_ccs.obj" "../libcybotScan.lib" "../libcybotUART.lib" "../tm4c123gh6pm.cmd"  -llibc.a -l"C:/ti/TivaWare_C_Series-2.2.0.295/driverlib/ccs/Debug/driverlib.lib" 
<Linking>
Finished building target: "lab_5.out"
 

**** Build Finished ****

**** Build of configuration Debug for project lab_5 ****

"C:\\ti\\ccs1271\\ccs\\utils\\bin\\gmake" -k -j 20 all -O 
 
Building file: "../movement.c"
Invoking: Arm Compiler
"C:/ti/ccs1271/ccs/tools/compiler/ti-cgt-arm_20.2.7.LTS/bin/armcl" -mv7M4 --code_state=16 --float_support=FPv4SPD16 -me --include_path="U:/CprE288/lab_5" --include_path="C:/ti/TivaWare_C_Series-2.2.0.295" --include_path="C:/ti/ccs1271/ccs/tools/compiler/ti-cgt-arm_20.2.7.LTS/include" --define=ccs="ccs" --define=PART_TM4C123GH6PM -g --gcc --diag_warning=225 --diag_wrap=off --display_error_number --abi=eabi --preproc_with_compile --preproc_dependency="movement.d_raw"  "../movement.c"
Finished building: "../movement.c"
 
Building target: "lab_5.out"
Invoking: Arm Linker
"C:/ti/ccs1271/ccs/tools/compiler/ti-cgt-arm_20.2.7.LTS/bin/armcl" -mv7M4 --code_state=16 --float_support=FPv4SPD16 -me --define=ccs="ccs" --define=PART_TM4C123GH6PM -g --gcc --diag_warning=225 --diag_wrap=off --display_error_number --abi=eabi -z -m"lab_5.map" --heap_size=1024 --stack_size=2048 -i"C:/ti/ccs1271/ccs/tools/compiler/ti-cgt-arm_20.2.7.LTS/lib" -i"C:/ti/ccs1271/ccs/tools/compiler/ti-cgt-arm_20.2.7.LTS/include" --reread_libs --diag_wrap=off --display_error_number --warn_sections --xml_link_info="lab_5_linkInfo.xml" --rom_model -o "lab_5.out" "./Timer.obj" "./handle_data.obj" "./handle_scan.obj" "./lcd.obj" "./main.obj" "./movement.obj" "./open_interface.obj" "./tm4c123gh6pm_startup_ccs.obj" "../libcybotScan.lib" "../libcybotUART.lib" "../tm4c123gh6pm.cmd"  -llibc.a -l"C:/ti/TivaWare_C_Series-2.2.0.295/driverlib/ccs/Debug/driverlib.lib" 
<Linking>
Finished building target: "lab_5.out"
 

**** Build Finished ****

**** Build of configuration Debug for project lab_5 ****

"C:\\ti\\ccs1271\\ccs\\utils\\bin\\gmake" -k -j 20 all -O 
 
Building file: "../handle_scan.c"
Invoking: Arm Compiler
"C:/ti/ccs1271/ccs/tools/compiler/ti-cgt-arm_20.2.7.LTS/bin/armcl" -mv7M4 --code_state=16 --float_support=FPv4SPD16 -me --include_path="U:/CprE288/lab_5" --include_path="C:/ti/TivaWare_C_Series-2.2.0.295" --include_path="C:/ti/ccs1271/ccs/tools/compiler/ti-cgt-arm_20.2.7.LTS/include" --define=ccs="ccs" --define=PART_TM4C123GH6PM -g --gcc --diag_warning=225 --diag_wrap=off --display_error_number --abi=eabi --preproc_with_compile --preproc_dependency="handle_scan.d_raw"  "../handle_scan.c"
"..\handle_scan.h", line 24: warning #1-D: last line of file ends without a newline
Finished building: "../handle_scan.c"
 
Building file: "../handle_data.c"
Invoking: Arm Compiler
"C:/ti/ccs1271/ccs/tools/compiler/ti-cgt-arm_20.2.7.LTS/bin/armcl" -mv7M4 --code_state=16 --float_support=FPv4SPD16 -me --include_path="U:/CprE288/lab_5" --include_path="C:/ti/TivaWare_C_Series-2.2.0.295" --include_path="C:/ti/ccs1271/ccs/tools/compiler/ti-cgt-arm_20.2.7.LTS/include" --define=ccs="ccs" --define=PART_TM4C123GH6PM -g --gcc --diag_warning=225 --diag_wrap=off --display_error_number --abi=eabi --preproc_with_compile --preproc_dependency="handle_data.d_raw"  "../handle_data.c"
"../handle_data.c", line 18: warning #552-D: variable "deg" was set but never used
"../handle_data.c", line 19: warning #552-D: variable "pre" was set but never used
"../handle_data.c", line 19: warning #552-D: variable "nxt" was set but never used
"../handle_data.c", line 20: warning #179-D: variable "pre_dt" was declared but never referenced
"../handle_data.c", line 20: warning #179-D: variable "nxt_dt" was declared but never referenced
"../handle_data.c", line 210: warning #225-D: function "cyBot_sendByte" declared implicitly
Finished building: "../handle_data.c"
 
Building file: "../main.c"
Invoking: Arm Compiler
"C:/ti/ccs1271/ccs/tools/compiler/ti-cgt-arm_20.2.7.LTS/bin/armcl" -mv7M4 --code_state=16 --float_support=FPv4SPD16 -me --include_path="U:/CprE288/lab_5" --include_path="C:/ti/TivaWare_C_Series-2.2.0.295" --include_path="C:/ti/ccs1271/ccs/tools/compiler/ti-cgt-arm_20.2.7.LTS/include" --define=ccs="ccs" --define=PART_TM4C123GH6PM -g --gcc --diag_warning=225 --diag_wrap=off --display_error_number --abi=eabi --preproc_with_compile --preproc_dependency="main.d_raw"  "../main.c"
"..\handle_scan.h", line 24: warning #1-D: last line of file ends without a newline
"../main.c", line 95: warning #227-D: the format string ends before this argument
Finished building: "../main.c"
 
Building file: "../movement.c"
Invoking: Arm Compiler
"C:/ti/ccs1271/ccs/tools/compiler/ti-cgt-arm_20.2.7.LTS/bin/armcl" -mv7M4 --code_state=16 --float_support=FPv4SPD16 -me --include_path="U:/CprE288/lab_5" --include_path="C:/ti/TivaWare_C_Series-2.2.0.295" --include_path="C:/ti/ccs1271/ccs/tools/compiler/ti-cgt-arm_20.2.7.LTS/include" --define=ccs="ccs" --define=PART_TM4C123GH6PM -g --gcc --diag_warning=225 --diag_wrap=off --display_error_number --abi=eabi --preproc_with_compile --preproc_dependency="movement.d_raw"  "../movement.c"
Finished building: "../movement.c"
 
Building file: "../open_interface.c"
Invoking: Arm Compiler
"C:/ti/ccs1271/ccs/tools/compiler/ti-cgt-arm_20.2.7.LTS/bin/armcl" -mv7M4 --code_state=16 --float_support=FPv4SPD16 -me --include_path="U:/CprE288/lab_5" --include_path="C:/ti/TivaWare_C_Series-2.2.0.295" --include_path="C:/ti/ccs1271/ccs/tools/compiler/ti-cgt-arm_20.2.7.LTS/include" --define=ccs="ccs" --define=PART_TM4C123GH6PM -g --gcc --diag_warning=225 --diag_wrap=off --display_error_number --abi=eabi --preproc_with_compile --preproc_dependency="open_interface.d_raw"  "../open_interface.c"
"../open_interface.c", line 356: warning #179-D: variable "charging_state" was declared but never referenced
Finished building: "../open_interface.c"
 
Building target: "lab_5.out"
Invoking: Arm Linker
"C:/ti/ccs1271/ccs/tools/compiler/ti-cgt-arm_20.2.7.LTS/bin/armcl" -mv7M4 --code_state=16 --float_support=FPv4SPD16 -me --define=ccs="ccs" --define=PART_TM4C123GH6PM -g --gcc --diag_warning=225 --diag_wrap=off --display_error_number --abi=eabi -z -m"lab_5.map" --heap_size=1024 --stack_size=2048 -i"C:/ti/ccs1271/ccs/tools/compiler/ti-cgt-arm_20.2.7.LTS/lib" -i"C:/ti/ccs1271/ccs/tools/compiler/ti-cgt-arm_20.2.7.LTS/include" --reread_libs --diag_wrap=off --display_error_number --warn_sections --xml_link_info="lab_5_linkInfo.xml" --rom_model -o "lab_5.out" "./Timer.obj" "./handle_data.obj" "./handle_scan.obj" "./lcd.obj" "./main.obj" "./movement.obj" "./open_interface.obj" "./tm4c123gh6pm_startup_ccs.obj" "../libcybotScan.lib" "../libcybotUART.lib" "../tm4c123gh6pm.cmd"  -llibc.a -l"C:/ti/TivaWare_C_Series-2.2.0.295/driverlib/ccs/Debug/driverlib.lib" 
<Linking>
Finished building target: "lab_5.out"
 

**** Build Finished ****

**** Build of configuration Debug for project lab_5 ****

"C:\\ti\\ccs1271\\ccs\\utils\\bin\\gmake" -k -j 20 all -O 
 
gmake[1]: 'lab_5.out' is up to date.

**** Build Finished ****

**** Build of configuration Debug for project lab_5 ****

"C:\\ti\\ccs1271\\ccs\\utils\\bin\\gmake" -k -j 20 all -O 
 
gmake[1]: 'lab_5.out' is up to date.

**** Build Finished ****

**** Build of configuration Debug for project lab_5 ****

"C:\\ti\\ccs1271\\ccs\\utils\\bin\\gmake" -k -j 20 all -O 
 
Building file: "../main.c"
Invoking: Arm Compiler
"C:/ti/ccs1271/ccs/tools/compiler/ti-cgt-arm_20.2.7.LTS/bin/armcl" -mv7M4 --code_state=16 --float_support=FPv4SPD16 -me --include_path="U:/CprE288/lab_5" --include_path="C:/ti/TivaWare_C_Series-2.2.0.295" --include_path="C:/ti/ccs1271/ccs/tools/compiler/ti-cgt-arm_20.2.7.LTS/include" --define=ccs="ccs" --define=PART_TM4C123GH6PM -g --gcc --diag_warning=225 --diag_wrap=off --display_error_number --abi=eabi --preproc_with_compile --preproc_dependency="main.d_raw"  "../main.c"
"..\handle_scan.h", line 24: warning #1-D: last line of file ends without a newline
"../main.c", line 95: warning #227-D: the format string ends before this argument
Finished building: "../main.c"
 
Building file: "../movement.c"
Invoking: Arm Compiler
"C:/ti/ccs1271/ccs/tools/compiler/ti-cgt-arm_20.2.7.LTS/bin/armcl" -mv7M4 --code_state=16 --float_support=FPv4SPD16 -me --include_path="U:/CprE288/lab_5" --include_path="C:/ti/TivaWare_C_Series-2.2.0.295" --include_path="C:/ti/ccs1271/ccs/tools/compiler/ti-cgt-arm_20.2.7.LTS/include" --define=ccs="ccs" --define=PART_TM4C123GH6PM -g --gcc --diag_warning=225 --diag_wrap=off --display_error_number --abi=eabi --preproc_with_compile --preproc_dependency="movement.d_raw"  "../movement.c"
Finished building: "../movement.c"
 
Building target: "lab_5.out"
Invoking: Arm Linker
"C:/ti/ccs1271/ccs/tools/compiler/ti-cgt-arm_20.2.7.LTS/bin/armcl" -mv7M4 --code_state=16 --float_support=FPv4SPD16 -me --define=ccs="ccs" --define=PART_TM4C123GH6PM -g --gcc --diag_warning=225 --diag_wrap=off --display_error_number --abi=eabi -z -m"lab_5.map" --heap_size=1024 --stack_size=2048 -i"C:/ti/ccs1271/ccs/tools/compiler/ti-cgt-arm_20.2.7.LTS/lib" -i"C:/ti/ccs1271/ccs/tools/compiler/ti-cgt-arm_20.2.7.LTS/include" --reread_libs --diag_wrap=off --display_error_number --warn_sections --xml_link_info="lab_5_linkInfo.xml" --rom_model -o "lab_5.out" "./Timer.obj" "./handle_data.obj" "./handle_scan.obj" "./lcd.obj" "./main.obj" "./movement.obj" "./open_interface.obj" "./tm4c123gh6pm_startup_ccs.obj" "../libcybotScan.lib" "../libcybotUART.lib" "../tm4c123gh6pm.cmd"  -llibc.a -l"C:/ti/TivaWare_C_Series-2.2.0.295/driverlib/ccs/Debug/driverlib.lib" 
<Linking>
Finished building target: "lab_5.out"
 

**** Build Finished ****

**** Build of configuration Debug for project lab_5 ****

"C:\\ti\\ccs1271\\ccs\\utils\\bin\\gmake" -k -j 20 all -O 
 
Building file: "../movement.c"
Invoking: Arm Compiler
"C:/ti/ccs1271/ccs/tools/compiler/ti-cgt-arm_20.2.7.LTS/bin/armcl" -mv7M4 --code_state=16 --float_support=FPv4SPD16 -me --include_path="U:/CprE288/lab_5" --include_path="C:/ti/TivaWare_C_Series-2.2.0.295" --include_path="C:/ti/ccs1271/ccs/tools/compiler/ti-cgt-arm_20.2.7.LTS/include" --define=ccs="ccs" --define=PART_TM4C123GH6PM -g --gcc --diag_warning=225 --diag_wrap=off --display_error_number --abi=eabi --preproc_with_compile --preproc_dependency="movement.d_raw"  "../movement.c"
Finished building: "../movement.c"
 
Building target: "lab_5.out"
Invoking: Arm Linker
"C:/ti/ccs1271/ccs/tools/compiler/ti-cgt-arm_20.2.7.LTS/bin/armcl" -mv7M4 --code_state=16 --float_support=FPv4SPD16 -me --define=ccs="ccs" --define=PART_TM4C123GH6PM -g --gcc --diag_warning=225 --diag_wrap=off --display_error_number --abi=eabi -z -m"lab_5.map" --heap_size=1024 --stack_size=2048 -i"C:/ti/ccs1271/ccs/tools/compiler/ti-cgt-arm_20.2.7.LTS/lib" -i"C:/ti/ccs1271/ccs/tools/compiler/ti-cgt-arm_20.2.7.LTS/include" --reread_libs --diag_wrap=off --display_error_number --warn_sections --xml_link_info="lab_5_linkInfo.xml" --rom_model -o "lab_5.out" "./Timer.obj" "./handle_data.obj" "./handle_scan.obj" "./lcd.obj" "./main.obj" "./movement.obj" "./open_interface.obj" "./tm4c123gh6pm_startup_ccs.obj" "../libcybotScan.lib" "../libcybotUART.lib" "../tm4c123gh6pm.cmd"  -llibc.a -l"C:/ti/TivaWare_C_Series-2.2.0.295/driverlib/ccs/Debug/driverlib.lib" 
<Linking>
Finished building target: "lab_5.out"
 

**** Build Finished ****

**** Build of configuration Debug for project lab_5 ****

"C:\\ti\\ccs1271\\ccs\\utils\\bin\\gmake" -k -j 20 all -O 
 
Building file: "../movement.c"
Invoking: Arm Compiler
"C:/ti/ccs1271/ccs/tools/compiler/ti-cgt-arm_20.2.7.LTS/bin/armcl" -mv7M4 --code_state=16 --float_support=FPv4SPD16 -me --include_path="U:/CprE288/lab_5" --include_path="C:/ti/TivaWare_C_Series-2.2.0.295" --include_path="C:/ti/ccs1271/ccs/tools/compiler/ti-cgt-arm_20.2.7.LTS/include" --define=ccs="ccs" --define=PART_TM4C123GH6PM -g --gcc --diag_warning=225 --diag_wrap=off --display_error_number --abi=eabi --preproc_with_compile --preproc_dependency="movement.d_raw"  "../movement.c"
 
>> Compilation failure
subdir_rules.mk:9: recipe for target 'movement.obj' failed
"../movement.c", line 251: error #138-D: expression must be a modifiable lvalue
1 error detected in the compilation of "../movement.c".
gmake: *** [movement.obj] Error 1
gmake: Target 'all' not remade because of errors.

**** Build Finished ****

**** Build of configuration Debug for project lab_5 ****

"C:\\ti\\ccs1271\\ccs\\utils\\bin\\gmake" -k -j 20 all -O 
 
Building file: "../movement.c"
Invoking: Arm Compiler
"C:/ti/ccs1271/ccs/tools/compiler/ti-cgt-arm_20.2.7.LTS/bin/armcl" -mv7M4 --code_state=16 --float_support=FPv4SPD16 -me --include_path="U:/CprE288/lab_5" --include_path="C:/ti/TivaWare_C_Series-2.2.0.295" --include_path="C:/ti/ccs1271/ccs/tools/compiler/ti-cgt-arm_20.2.7.LTS/include" --define=ccs="ccs" --define=PART_TM4C123GH6PM -g --gcc --diag_warning=225 --diag_wrap=off --display_error_number --abi=eabi --preproc_with_compile --preproc_dependency="movement.d_raw"  "../movement.c"
Finished building: "../movement.c"
 
Building target: "lab_5.out"
Invoking: Arm Linker
"C:/ti/ccs1271/ccs/tools/compiler/ti-cgt-arm_20.2.7.LTS/bin/armcl" -mv7M4 --code_state=16 --float_support=FPv4SPD16 -me --define=ccs="ccs" --define=PART_TM4C123GH6PM -g --gcc --diag_warning=225 --diag_wrap=off --display_error_number --abi=eabi -z -m"lab_5.map" --heap_size=1024 --stack_size=2048 -i"C:/ti/ccs1271/ccs/tools/compiler/ti-cgt-arm_20.2.7.LTS/lib" -i"C:/ti/ccs1271/ccs/tools/compiler/ti-cgt-arm_20.2.7.LTS/include" --reread_libs --diag_wrap=off --display_error_number --warn_sections --xml_link_info="lab_5_linkInfo.xml" --rom_model -o "lab_5.out" "./Timer.obj" "./handle_data.obj" "./handle_scan.obj" "./lcd.obj" "./main.obj" "./movement.obj" "./open_interface.obj" "./tm4c123gh6pm_startup_ccs.obj" "../libcybotScan.lib" "../libcybotUART.lib" "../tm4c123gh6pm.cmd"  -llibc.a -l"C:/ti/TivaWare_C_Series-2.2.0.295/driverlib/ccs/Debug/driverlib.lib" 
<Linking>
Finished building target: "lab_5.out"
 

**** Build Finished ****

**** Build of configuration Debug for project lab_5 ****

"C:\\ti\\ccs1271\\ccs\\utils\\bin\\gmake" -k -j 20 all -O 
 
Building file: "../movement.c"
Invoking: Arm Compiler
"C:/ti/ccs1271/ccs/tools/compiler/ti-cgt-arm_20.2.7.LTS/bin/armcl" -mv7M4 --code_state=16 --float_support=FPv4SPD16 -me --include_path="U:/CprE288/lab_5" --include_path="C:/ti/TivaWare_C_Series-2.2.0.295" --include_path="C:/ti/ccs1271/ccs/tools/compiler/ti-cgt-arm_20.2.7.LTS/include" --define=ccs="ccs" --define=PART_TM4C123GH6PM -g --gcc --diag_warning=225 --diag_wrap=off --display_error_number --abi=eabi --preproc_with_compile --preproc_dependency="movement.d_raw"  "../movement.c"
Finished building: "../movement.c"
 
Building target: "lab_5.out"
Invoking: Arm Linker
"C:/ti/ccs1271/ccs/tools/compiler/ti-cgt-arm_20.2.7.LTS/bin/armcl" -mv7M4 --code_state=16 --float_support=FPv4SPD16 -me --define=ccs="ccs" --define=PART_TM4C123GH6PM -g --gcc --diag_warning=225 --diag_wrap=off --display_error_number --abi=eabi -z -m"lab_5.map" --heap_size=1024 --stack_size=2048 -i"C:/ti/ccs1271/ccs/tools/compiler/ti-cgt-arm_20.2.7.LTS/lib" -i"C:/ti/ccs1271/ccs/tools/compiler/ti-cgt-arm_20.2.7.LTS/include" --reread_libs --diag_wrap=off --display_error_number --warn_sections --xml_link_info="lab_5_linkInfo.xml" --rom_model -o "lab_5.out" "./Timer.obj" "./handle_data.obj" "./handle_scan.obj" "./lcd.obj" "./main.obj" "./movement.obj" "./open_interface.obj" "./tm4c123gh6pm_startup_ccs.obj" "../libcybotScan.lib" "../libcybotUART.lib" "../tm4c123gh6pm.cmd"  -llibc.a -l"C:/ti/TivaWare_C_Series-2.2.0.295/driverlib/ccs/Debug/driverlib.lib" 
<Linking>
Finished building target: "lab_5.out"
 

**** Build Finished ****

**** Build of configuration Debug for project lab_5 ****

"C:\\ti\\ccs1271\\ccs\\utils\\bin\\gmake" -k -j 20 all -O 
 
Building file: "../movement.c"
Invoking: Arm Compiler
"C:/ti/ccs1271/ccs/tools/compiler/ti-cgt-arm_20.2.7.LTS/bin/armcl" -mv7M4 --code_state=16 --float_support=FPv4SPD16 -me --include_path="U:/CprE288/lab_5" --include_path="C:/ti/TivaWare_C_Series-2.2.0.295" --include_path="C:/ti/ccs1271/ccs/tools/compiler/ti-cgt-arm_20.2.7.LTS/include" --define=ccs="ccs" --define=PART_TM4C123GH6PM -g --gcc --diag_warning=225 --diag_wrap=off --display_error_number --abi=eabi --preproc_with_compile --preproc_dependency="movement.d_raw"  "../movement.c"
Finished building: "../movement.c"
 
Building target: "lab_5.out"
Invoking: Arm Linker
"C:/ti/ccs1271/ccs/tools/compiler/ti-cgt-arm_20.2.7.LTS/bin/armcl" -mv7M4 --code_state=16 --float_support=FPv4SPD16 -me --define=ccs="ccs" --define=PART_TM4C123GH6PM -g --gcc --diag_warning=225 --diag_wrap=off --display_error_number --abi=eabi -z -m"lab_5.map" --heap_size=1024 --stack_size=2048 -i"C:/ti/ccs1271/ccs/tools/compiler/ti-cgt-arm_20.2.7.LTS/lib" -i"C:/ti/ccs1271/ccs/tools/compiler/ti-cgt-arm_20.2.7.LTS/include" --reread_libs --diag_wrap=off --display_error_number --warn_sections --xml_link_info="lab_5_linkInfo.xml" --rom_model -o "lab_5.out" "./Timer.obj" "./handle_data.obj" "./handle_scan.obj" "./lcd.obj" "./main.obj" "./movement.obj" "./open_interface.obj" "./tm4c123gh6pm_startup_ccs.obj" "../libcybotScan.lib" "../libcybotUART.lib" "../tm4c123gh6pm.cmd"  -llibc.a -l"C:/ti/TivaWare_C_Series-2.2.0.295/driverlib/ccs/Debug/driverlib.lib" 
<Linking>
Finished building target: "lab_5.out"
 

**** Build Finished ****

**** Build of configuration Debug for project lab_5 ****

"C:\\ti\\ccs1271\\ccs\\utils\\bin\\gmake" -k -j 20 all -O 
 
Building file: "../movement.c"
Invoking: Arm Compiler
"C:/ti/ccs1271/ccs/tools/compiler/ti-cgt-arm_20.2.7.LTS/bin/armcl" -mv7M4 --code_state=16 --float_support=FPv4SPD16 -me --include_path="U:/CprE288/lab_5" --include_path="C:/ti/TivaWare_C_Series-2.2.0.295" --include_path="C:/ti/ccs1271/ccs/tools/compiler/ti-cgt-arm_20.2.7.LTS/include" --define=ccs="ccs" --define=PART_TM4C123GH6PM -g --gcc --diag_warning=225 --diag_wrap=off --display_error_number --abi=eabi --preproc_with_compile --preproc_dependency="movement.d_raw"  "../movement.c"
Finished building: "../movement.c"
 
Building target: "lab_5.out"
Invoking: Arm Linker
"C:/ti/ccs1271/ccs/tools/compiler/ti-cgt-arm_20.2.7.LTS/bin/armcl" -mv7M4 --code_state=16 --float_support=FPv4SPD16 -me --define=ccs="ccs" --define=PART_TM4C123GH6PM -g --gcc --diag_warning=225 --diag_wrap=off --display_error_number --abi=eabi -z -m"lab_5.map" --heap_size=1024 --stack_size=2048 -i"C:/ti/ccs1271/ccs/tools/compiler/ti-cgt-arm_20.2.7.LTS/lib" -i"C:/ti/ccs1271/ccs/tools/compiler/ti-cgt-arm_20.2.7.LTS/include" --reread_libs --diag_wrap=off --display_error_number --warn_sections --xml_link_info="lab_5_linkInfo.xml" --rom_model -o "lab_5.out" "./Timer.obj" "./handle_data.obj" "./handle_scan.obj" "./lcd.obj" "./main.obj" "./movement.obj" "./open_interface.obj" "./tm4c123gh6pm_startup_ccs.obj" "../libcybotScan.lib" "../libcybotUART.lib" "../tm4c123gh6pm.cmd"  -llibc.a -l"C:/ti/TivaWare_C_Series-2.2.0.295/driverlib/ccs/Debug/driverlib.lib" 
<Linking>
Finished building target: "lab_5.out"
 

**** Build Finished ****

**** Build of configuration Debug for project lab_5 ****

"C:\\ti\\ccs1271\\ccs\\utils\\bin\\gmake" -k -j 20 all -O 
 
Building file: "../movement.c"
Invoking: Arm Compiler
"C:/ti/ccs1271/ccs/tools/compiler/ti-cgt-arm_20.2.7.LTS/bin/armcl" -mv7M4 --code_state=16 --float_support=FPv4SPD16 -me --include_path="U:/CprE288/lab_5" --include_path="C:/ti/TivaWare_C_Series-2.2.0.295" --include_path="C:/ti/ccs1271/ccs/tools/compiler/ti-cgt-arm_20.2.7.LTS/include" --define=ccs="ccs" --define=PART_TM4C123GH6PM -g --gcc --diag_warning=225 --diag_wrap=off --display_error_number --abi=eabi --preproc_with_compile --preproc_dependency="movement.d_raw"  "../movement.c"
Finished building: "../movement.c"
 
Building target: "lab_5.out"
Invoking: Arm Linker
"C:/ti/ccs1271/ccs/tools/compiler/ti-cgt-arm_20.2.7.LTS/bin/armcl" -mv7M4 --code_state=16 --float_support=FPv4SPD16 -me --define=ccs="ccs" --define=PART_TM4C123GH6PM -g --gcc --diag_warning=225 --diag_wrap=off --display_error_number --abi=eabi -z -m"lab_5.map" --heap_size=1024 --stack_size=2048 -i"C:/ti/ccs1271/ccs/tools/compiler/ti-cgt-arm_20.2.7.LTS/lib" -i"C:/ti/ccs1271/ccs/tools/compiler/ti-cgt-arm_20.2.7.LTS/include" --reread_libs --diag_wrap=off --display_error_number --warn_sections --xml_link_info="lab_5_linkInfo.xml" --rom_model -o "lab_5.out" "./Timer.obj" "./handle_data.obj" "./handle_scan.obj" "./lcd.obj" "./main.obj" "./movement.obj" "./open_interface.obj" "./tm4c123gh6pm_startup_ccs.obj" "../libcybotScan.lib" "../libcybotUART.lib" "../tm4c123gh6pm.cmd"  -llibc.a -l"C:/ti/TivaWare_C_Series-2.2.0.295/driverlib/ccs/Debug/driverlib.lib" 
<Linking>
Finished building target: "lab_5.out"
 

**** Build Finished ****

**** Build of configuration Debug for project lab_5 ****

"C:\\ti\\ccs1271\\ccs\\utils\\bin\\gmake" -k -j 20 all -O 
 
Building file: "../movement.c"
Invoking: Arm Compiler
"C:/ti/ccs1271/ccs/tools/compiler/ti-cgt-arm_20.2.7.LTS/bin/armcl" -mv7M4 --code_state=16 --float_support=FPv4SPD16 -me --include_path="U:/CprE288/lab_5" --include_path="C:/ti/TivaWare_C_Series-2.2.0.295" --include_path="C:/ti/ccs1271/ccs/tools/compiler/ti-cgt-arm_20.2.7.LTS/include" --define=ccs="ccs" --define=PART_TM4C123GH6PM -g --gcc --diag_warning=225 --diag_wrap=off --display_error_number --abi=eabi --preproc_with_compile --preproc_dependency="movement.d_raw"  "../movement.c"
 
>> Compilation failure
subdir_rules.mk:9: recipe for target 'movement.obj' failed
"..\movement.h", line 6: fatal error #1965: cannot open source file "buttons.h"
1 catastrophic error detected in the compilation of "../movement.c".
Compilation terminated.
gmake: *** [movement.obj] Error 1
Building file: "../main.c"
Invoking: Arm Compiler
"C:/ti/ccs1271/ccs/tools/compiler/ti-cgt-arm_20.2.7.LTS/bin/armcl" -mv7M4 --code_state=16 --float_support=FPv4SPD16 -me --include_path="U:/CprE288/lab_5" --include_path="C:/ti/TivaWare_C_Series-2.2.0.295" --include_path="C:/ti/ccs1271/ccs/tools/compiler/ti-cgt-arm_20.2.7.LTS/include" --define=ccs="ccs" --define=PART_TM4C123GH6PM -g --gcc --diag_warning=225 --diag_wrap=off --display_error_number --abi=eabi --preproc_with_compile --preproc_dependency="main.d_raw"  "../main.c"
 
>> Compilation failure
subdir_rules.mk:9: recipe for target 'main.obj' failed
"..\handle_scan.h", line 24: warning #1-D: last line of file ends without a newline
"..\movement.h", line 6: fatal error #1965: cannot open source file "buttons.h"
1 catastrophic error detected in the compilation of "../main.c".
Compilation terminated.
gmake: *** [main.obj] Error 1
Building file: "../button.c"
Invoking: Arm Compiler
"C:/ti/ccs1271/ccs/tools/compiler/ti-cgt-arm_20.2.7.LTS/bin/armcl" -mv7M4 --code_state=16 --float_support=FPv4SPD16 -me --include_path="U:/CprE288/lab_5" --include_path="C:/ti/TivaWare_C_Series-2.2.0.295" --include_path="C:/ti/ccs1271/ccs/tools/compiler/ti-cgt-arm_20.2.7.LTS/include" --define=ccs="ccs" --define=PART_TM4C123GH6PM -g --gcc --diag_warning=225 --diag_wrap=off --display_error_number --abi=eabi --preproc_with_compile --preproc_dependency="button.d_raw"  "../button.c"
Finished building: "../button.c"
 
gmake: Target 'all' not remade because of errors.

**** Build Finished ****

**** Build of configuration Debug for project lab_5 ****

"C:\\ti\\ccs1271\\ccs\\utils\\bin\\gmake" -k -j 20 all -O 
 
Building file: "../main.c"
Invoking: Arm Compiler
"C:/ti/ccs1271/ccs/tools/compiler/ti-cgt-arm_20.2.7.LTS/bin/armcl" -mv7M4 --code_state=16 --float_support=FPv4SPD16 -me --include_path="U:/CprE288/lab_5" --include_path="C:/ti/TivaWare_C_Series-2.2.0.295" --include_path="C:/ti/ccs1271/ccs/tools/compiler/ti-cgt-arm_20.2.7.LTS/include" --define=ccs="ccs" --define=PART_TM4C123GH6PM -g --gcc --diag_warning=225 --diag_wrap=off --display_error_number --abi=eabi --preproc_with_compile --preproc_dependency="main.d_raw"  "../main.c"
"..\handle_scan.h", line 24: warning #1-D: last line of file ends without a newline
"../main.c", line 97: warning #227-D: the format string ends before this argument
Finished building: "../main.c"
 
Building file: "../movement.c"
Invoking: Arm Compiler
"C:/ti/ccs1271/ccs/tools/compiler/ti-cgt-arm_20.2.7.LTS/bin/armcl" -mv7M4 --code_state=16 --float_support=FPv4SPD16 -me --include_path="U:/CprE288/lab_5" --include_path="C:/ti/TivaWare_C_Series-2.2.0.295" --include_path="C:/ti/ccs1271/ccs/tools/compiler/ti-cgt-arm_20.2.7.LTS/include" --define=ccs="ccs" --define=PART_TM4C123GH6PM -g --gcc --diag_warning=225 --diag_wrap=off --display_error_number --abi=eabi --preproc_with_compile --preproc_dependency="movement.d_raw"  "../movement.c"
Finished building: "../movement.c"
 
Building target: "lab_5.out"
Invoking: Arm Linker
"C:/ti/ccs1271/ccs/tools/compiler/ti-cgt-arm_20.2.7.LTS/bin/armcl" -mv7M4 --code_state=16 --float_support=FPv4SPD16 -me --define=ccs="ccs" --define=PART_TM4C123GH6PM -g --gcc --diag_warning=225 --diag_wrap=off --display_error_number --abi=eabi -z -m"lab_5.map" --heap_size=1024 --stack_size=2048 -i"C:/ti/ccs1271/ccs/tools/compiler/ti-cgt-arm_20.2.7.LTS/lib" -i"C:/ti/ccs1271/ccs/tools/compiler/ti-cgt-arm_20.2.7.LTS/include" --reread_libs --diag_wrap=off --display_error_number --warn_sections --xml_link_info="lab_5_linkInfo.xml" --rom_model -o "lab_5.out" "./Timer.obj" "./button.obj" "./handle_data.obj" "./handle_scan.obj" "./lcd.obj" "./main.obj" "./movement.obj" "./open_interface.obj" "./tm4c123gh6pm_startup_ccs.obj" "../libcybotScan.lib" "../libcybotUART.lib" "../tm4c123gh6pm.cmd"  -llibc.a -l"C:/ti/TivaWare_C_Series-2.2.0.295/driverlib/ccs/Debug/driverlib.lib" 
<Linking>
Finished building target: "lab_5.out"
 

**** Build Finished ****

**** Build of configuration Debug for project lab_5 ****

"C:\\ti\\ccs1271\\ccs\\utils\\bin\\gmake" -k -j 20 all -O 
 
Building file: "../main.c"
Invoking: Arm Compiler
"C:/ti/ccs1271/ccs/tools/compiler/ti-cgt-arm_20.2.7.LTS/bin/armcl" -mv7M4 --code_state=16 --float_support=FPv4SPD16 -me --include_path="U:/CprE288/lab_5" --include_path="C:/ti/TivaWare_C_Series-2.2.0.295" --include_path="C:/ti/ccs1271/ccs/tools/compiler/ti-cgt-arm_20.2.7.LTS/include" --define=ccs="ccs" --define=PART_TM4C123GH6PM -g --gcc --diag_warning=225 --diag_wrap=off --display_error_number --abi=eabi --preproc_with_compile --preproc_dependency="main.d_raw"  "../main.c"
"..\handle_scan.h", line 24: warning #1-D: last line of file ends without a newline
"../main.c", line 97: warning #227-D: the format string ends before this argument
Finished building: "../main.c"
 
Building file: "../movement.c"
Invoking: Arm Compiler
"C:/ti/ccs1271/ccs/tools/compiler/ti-cgt-arm_20.2.7.LTS/bin/armcl" -mv7M4 --code_state=16 --float_support=FPv4SPD16 -me --include_path="U:/CprE288/lab_5" --include_path="C:/ti/TivaWare_C_Series-2.2.0.295" --include_path="C:/ti/ccs1271/ccs/tools/compiler/ti-cgt-arm_20.2.7.LTS/include" --define=ccs="ccs" --define=PART_TM4C123GH6PM -g --gcc --diag_warning=225 --diag_wrap=off --display_error_number --abi=eabi --preproc_with_compile --preproc_dependency="movement.d_raw"  "../movement.c"
Finished building: "../movement.c"
 
Building target: "lab_5.out"
Invoking: Arm Linker
"C:/ti/ccs1271/ccs/tools/compiler/ti-cgt-arm_20.2.7.LTS/bin/armcl" -mv7M4 --code_state=16 --float_support=FPv4SPD16 -me --define=ccs="ccs" --define=PART_TM4C123GH6PM -g --gcc --diag_warning=225 --diag_wrap=off --display_error_number --abi=eabi -z -m"lab_5.map" --heap_size=1024 --stack_size=2048 -i"C:/ti/ccs1271/ccs/tools/compiler/ti-cgt-arm_20.2.7.LTS/lib" -i"C:/ti/ccs1271/ccs/tools/compiler/ti-cgt-arm_20.2.7.LTS/include" --reread_libs --diag_wrap=off --display_error_number --warn_sections --xml_link_info="lab_5_linkInfo.xml" --rom_model -o "lab_5.out" "./Timer.obj" "./button.obj" "./handle_data.obj" "./handle_scan.obj" "./lcd.obj" "./main.obj" "./movement.obj" "./open_interface.obj" "./tm4c123gh6pm_startup_ccs.obj" "../libcybotScan.lib" "../libcybotUART.lib" "../tm4c123gh6pm.cmd"  -llibc.a -l"C:/ti/TivaWare_C_Series-2.2.0.295/driverlib/ccs/Debug/driverlib.lib" 
<Linking>
Finished building target: "lab_5.out"
 

**** Build Finished ****

**** Build of configuration Debug for project lab_5 ****

"C:\\ti\\ccs1271\\ccs\\utils\\bin\\gmake" -k -j 20 all -O 
 
Building file: "../movement.c"
Invoking: Arm Compiler
"C:/ti/ccs1271/ccs/tools/compiler/ti-cgt-arm_20.2.7.LTS/bin/armcl" -mv7M4 --code_state=16 --float_support=FPv4SPD16 -me --include_path="U:/CprE288/lab_5" --include_path="C:/ti/TivaWare_C_Series-2.2.0.295" --include_path="C:/ti/ccs1271/ccs/tools/compiler/ti-cgt-arm_20.2.7.LTS/include" --define=ccs="ccs" --define=PART_TM4C123GH6PM -g --gcc --diag_warning=225 --diag_wrap=off --display_error_number --abi=eabi --preproc_with_compile --preproc_dependency="movement.d_raw"  "../movement.c"
Finished building: "../movement.c"
 
Building target: "lab_5.out"
Invoking: Arm Linker
"C:/ti/ccs1271/ccs/tools/compiler/ti-cgt-arm_20.2.7.LTS/bin/armcl" -mv7M4 --code_state=16 --float_support=FPv4SPD16 -me --define=ccs="ccs" --define=PART_TM4C123GH6PM -g --gcc --diag_warning=225 --diag_wrap=off --display_error_number --abi=eabi -z -m"lab_5.map" --heap_size=1024 --stack_size=2048 -i"C:/ti/ccs1271/ccs/tools/compiler/ti-cgt-arm_20.2.7.LTS/lib" -i"C:/ti/ccs1271/ccs/tools/compiler/ti-cgt-arm_20.2.7.LTS/include" --reread_libs --diag_wrap=off --display_error_number --warn_sections --xml_link_info="lab_5_linkInfo.xml" --rom_model -o "lab_5.out" "./Timer.obj" "./button.obj" "./handle_data.obj" "./handle_scan.obj" "./lcd.obj" "./main.obj" "./movement.obj" "./open_interface.obj" "./tm4c123gh6pm_startup_ccs.obj" "../libcybotScan.lib" "../libcybotUART.lib" "../tm4c123gh6pm.cmd"  -llibc.a -l"C:/ti/TivaWare_C_Series-2.2.0.295/driverlib/ccs/Debug/driverlib.lib" 
<Linking>
Finished building target: "lab_5.out"
 

**** Build Finished ****

**** Build of configuration Debug for project lab_5 ****

"C:\\ti\\ccs1271\\ccs\\utils\\bin\\gmake" -k -j 20 all -O 
 
Building file: "../movement.c"
Invoking: Arm Compiler
"C:/ti/ccs1271/ccs/tools/compiler/ti-cgt-arm_20.2.7.LTS/bin/armcl" -mv7M4 --code_state=16 --float_support=FPv4SPD16 -me --include_path="U:/CprE288/lab_5" --include_path="C:/ti/TivaWare_C_Series-2.2.0.295" --include_path="C:/ti/ccs1271/ccs/tools/compiler/ti-cgt-arm_20.2.7.LTS/include" --define=ccs="ccs" --define=PART_TM4C123GH6PM -g --gcc --diag_warning=225 --diag_wrap=off --display_error_number --abi=eabi --preproc_with_compile --preproc_dependency="movement.d_raw"  "../movement.c"
Finished building: "../movement.c"
 
Building target: "lab_5.out"
Invoking: Arm Linker
"C:/ti/ccs1271/ccs/tools/compiler/ti-cgt-arm_20.2.7.LTS/bin/armcl" -mv7M4 --code_state=16 --float_support=FPv4SPD16 -me --define=ccs="ccs" --define=PART_TM4C123GH6PM -g --gcc --diag_warning=225 --diag_wrap=off --display_error_number --abi=eabi -z -m"lab_5.map" --heap_size=1024 --stack_size=2048 -i"C:/ti/ccs1271/ccs/tools/compiler/ti-cgt-arm_20.2.7.LTS/lib" -i"C:/ti/ccs1271/ccs/tools/compiler/ti-cgt-arm_20.2.7.LTS/include" --reread_libs --diag_wrap=off --display_error_number --warn_sections --xml_link_info="lab_5_linkInfo.xml" --rom_model -o "lab_5.out" "./Timer.obj" "./button.obj" "./handle_data.obj" "./handle_scan.obj" "./lcd.obj" "./main.obj" "./movement.obj" "./open_interface.obj" "./tm4c123gh6pm_startup_ccs.obj" "../libcybotScan.lib" "../libcybotUART.lib" "../tm4c123gh6pm.cmd"  -llibc.a -l"C:/ti/TivaWare_C_Series-2.2.0.295/driverlib/ccs/Debug/driverlib.lib" 
<Linking>
Finished building target: "lab_5.out"
 

**** Build Finished ****

**** Build of configuration Debug for project lab_5 ****

"C:\\ti\\ccs1271\\ccs\\utils\\bin\\gmake" -k -j 20 all -O 
 
Building file: "../movement.c"
Invoking: Arm Compiler
"C:/ti/ccs1271/ccs/tools/compiler/ti-cgt-arm_20.2.7.LTS/bin/armcl" -mv7M4 --code_state=16 --float_support=FPv4SPD16 -me --include_path="U:/CprE288/lab_5" --include_path="C:/ti/TivaWare_C_Series-2.2.0.295" --include_path="C:/ti/ccs1271/ccs/tools/compiler/ti-cgt-arm_20.2.7.LTS/include" --define=ccs="ccs" --define=PART_TM4C123GH6PM -g --gcc --diag_warning=225 --diag_wrap=off --display_error_number --abi=eabi --preproc_with_compile --preproc_dependency="movement.d_raw"  "../movement.c"
Finished building: "../movement.c"
 
Building target: "lab_5.out"
Invoking: Arm Linker
"C:/ti/ccs1271/ccs/tools/compiler/ti-cgt-arm_20.2.7.LTS/bin/armcl" -mv7M4 --code_state=16 --float_support=FPv4SPD16 -me --define=ccs="ccs" --define=PART_TM4C123GH6PM -g --gcc --diag_warning=225 --diag_wrap=off --display_error_number --abi=eabi -z -m"lab_5.map" --heap_size=1024 --stack_size=2048 -i"C:/ti/ccs1271/ccs/tools/compiler/ti-cgt-arm_20.2.7.LTS/lib" -i"C:/ti/ccs1271/ccs/tools/compiler/ti-cgt-arm_20.2.7.LTS/include" --reread_libs --diag_wrap=off --display_error_number --warn_sections --xml_link_info="lab_5_linkInfo.xml" --rom_model -o "lab_5.out" "./Timer.obj" "./button.obj" "./handle_data.obj" "./handle_scan.obj" "./lcd.obj" "./main.obj" "./movement.obj" "./open_interface.obj" "./tm4c123gh6pm_startup_ccs.obj" "../libcybotScan.lib" "../libcybotUART.lib" "../tm4c123gh6pm.cmd"  -llibc.a -l"C:/ti/TivaWare_C_Series-2.2.0.295/driverlib/ccs/Debug/driverlib.lib" 
<Linking>
Finished building target: "lab_5.out"
 

**** Build Finished ****

**** Build of configuration Debug for project lab_5 ****

"C:\\ti\\ccs1271\\ccs\\utils\\bin\\gmake" -k -j 20 all -O 
 
Building file: "../movement.c"
Invoking: Arm Compiler
"C:/ti/ccs1271/ccs/tools/compiler/ti-cgt-arm_20.2.7.LTS/bin/armcl" -mv7M4 --code_state=16 --float_support=FPv4SPD16 -me --include_path="U:/CprE288/lab_5" --include_path="C:/ti/TivaWare_C_Series-2.2.0.295" --include_path="C:/ti/ccs1271/ccs/tools/compiler/ti-cgt-arm_20.2.7.LTS/include" --define=ccs="ccs" --define=PART_TM4C123GH6PM -g --gcc --diag_warning=225 --diag_wrap=off --display_error_number --abi=eabi --preproc_with_compile --preproc_dependency="movement.d_raw"  "../movement.c"
Finished building: "../movement.c"
 
Building target: "lab_5.out"
Invoking: Arm Linker
"C:/ti/ccs1271/ccs/tools/compiler/ti-cgt-arm_20.2.7.LTS/bin/armcl" -mv7M4 --code_state=16 --float_support=FPv4SPD16 -me --define=ccs="ccs" --define=PART_TM4C123GH6PM -g --gcc --diag_warning=225 --diag_wrap=off --display_error_number --abi=eabi -z -m"lab_5.map" --heap_size=1024 --stack_size=2048 -i"C:/ti/ccs1271/ccs/tools/compiler/ti-cgt-arm_20.2.7.LTS/lib" -i"C:/ti/ccs1271/ccs/tools/compiler/ti-cgt-arm_20.2.7.LTS/include" --reread_libs --diag_wrap=off --display_error_number --warn_sections --xml_link_info="lab_5_linkInfo.xml" --rom_model -o "lab_5.out" "./Timer.obj" "./button.obj" "./handle_data.obj" "./handle_scan.obj" "./lcd.obj" "./main.obj" "./movement.obj" "./open_interface.obj" "./tm4c123gh6pm_startup_ccs.obj" "../libcybotScan.lib" "../libcybotUART.lib" "../tm4c123gh6pm.cmd"  -llibc.a -l"C:/ti/TivaWare_C_Series-2.2.0.295/driverlib/ccs/Debug/driverlib.lib" 
<Linking>
Finished building target: "lab_5.out"
 

**** Build Finished ****

**** Build of configuration Debug for project lab_5 ****

"C:\\ti\\ccs1271\\ccs\\utils\\bin\\gmake" -k -j 20 all -O 
 
Building file: "../main.c"
Invoking: Arm Compiler
"C:/ti/ccs1271/ccs/tools/compiler/ti-cgt-arm_20.2.7.LTS/bin/armcl" -mv7M4 --code_state=16 --float_support=FPv4SPD16 -me --include_path="U:/CprE288/lab_5" --include_path="C:/ti/TivaWare_C_Series-2.2.0.295" --include_path="C:/ti/ccs1271/ccs/tools/compiler/ti-cgt-arm_20.2.7.LTS/include" --define=ccs="ccs" --define=PART_TM4C123GH6PM -g --gcc --diag_warning=225 --diag_wrap=off --display_error_number --abi=eabi --preproc_with_compile --preproc_dependency="main.d_raw"  "../main.c"
"..\handle_scan.h", line 24: warning #1-D: last line of file ends without a newline
"../main.c", line 97: warning #227-D: the format string ends before this argument
Finished building: "../main.c"
 
Building file: "../movement.c"
Invoking: Arm Compiler
"C:/ti/ccs1271/ccs/tools/compiler/ti-cgt-arm_20.2.7.LTS/bin/armcl" -mv7M4 --code_state=16 --float_support=FPv4SPD16 -me --include_path="U:/CprE288/lab_5" --include_path="C:/ti/TivaWare_C_Series-2.2.0.295" --include_path="C:/ti/ccs1271/ccs/tools/compiler/ti-cgt-arm_20.2.7.LTS/include" --define=ccs="ccs" --define=PART_TM4C123GH6PM -g --gcc --diag_warning=225 --diag_wrap=off --display_error_number --abi=eabi --preproc_with_compile --preproc_dependency="movement.d_raw"  "../movement.c"
Finished building: "../movement.c"
 
Building target: "lab_5.out"
Invoking: Arm Linker
"C:/ti/ccs1271/ccs/tools/compiler/ti-cgt-arm_20.2.7.LTS/bin/armcl" -mv7M4 --code_state=16 --float_support=FPv4SPD16 -me --define=ccs="ccs" --define=PART_TM4C123GH6PM -g --gcc --diag_warning=225 --diag_wrap=off --display_error_number --abi=eabi -z -m"lab_5.map" --heap_size=1024 --stack_size=2048 -i"C:/ti/ccs1271/ccs/tools/compiler/ti-cgt-arm_20.2.7.LTS/lib" -i"C:/ti/ccs1271/ccs/tools/compiler/ti-cgt-arm_20.2.7.LTS/include" --reread_libs --diag_wrap=off --display_error_number --warn_sections --xml_link_info="lab_5_linkInfo.xml" --rom_model -o "lab_5.out" "./Timer.obj" "./button.obj" "./handle_data.obj" "./handle_scan.obj" "./lcd.obj" "./main.obj" "./movement.obj" "./open_interface.obj" "./tm4c123gh6pm_startup_ccs.obj" "../libcybotScan.lib" "../libcybotUART.lib" "../tm4c123gh6pm.cmd"  -llibc.a -l"C:/ti/TivaWare_C_Series-2.2.0.295/driverlib/ccs/Debug/driverlib.lib" 
<Linking>
Finished building target: "lab_5.out"
 

**** Build Finished ****

**** Build of configuration Debug for project lab_5 ****

"C:\\ti\\ccs1271\\ccs\\utils\\bin\\gmake" -k -j 20 all -O 
 
Building file: "../main.c"
Invoking: Arm Compiler
"C:/ti/ccs1271/ccs/tools/compiler/ti-cgt-arm_20.2.7.LTS/bin/armcl" -mv7M4 --code_state=16 --float_support=FPv4SPD16 -me --include_path="U:/CprE288/lab_5" --include_path="C:/ti/TivaWare_C_Series-2.2.0.295" --include_path="C:/ti/ccs1271/ccs/tools/compiler/ti-cgt-arm_20.2.7.LTS/include" --define=ccs="ccs" --define=PART_TM4C123GH6PM -g --gcc --diag_warning=225 --diag_wrap=off --display_error_number --abi=eabi --preproc_with_compile --preproc_dependency="main.d_raw"  "../main.c"
"..\handle_scan.h", line 24: warning #1-D: last line of file ends without a newline
"../main.c", line 97: warning #227-D: the format string ends before this argument
Finished building: "../main.c"
 
Building file: "../movement.c"
Invoking: Arm Compiler
"C:/ti/ccs1271/ccs/tools/compiler/ti-cgt-arm_20.2.7.LTS/bin/armcl" -mv7M4 --code_state=16 --float_support=FPv4SPD16 -me --include_path="U:/CprE288/lab_5" --include_path="C:/ti/TivaWare_C_Series-2.2.0.295" --include_path="C:/ti/ccs1271/ccs/tools/compiler/ti-cgt-arm_20.2.7.LTS/include" --define=ccs="ccs" --define=PART_TM4C123GH6PM -g --gcc --diag_warning=225 --diag_wrap=off --display_error_number --abi=eabi --preproc_with_compile --preproc_dependency="movement.d_raw"  "../movement.c"
Finished building: "../movement.c"
 
Building target: "lab_5.out"
Invoking: Arm Linker
"C:/ti/ccs1271/ccs/tools/compiler/ti-cgt-arm_20.2.7.LTS/bin/armcl" -mv7M4 --code_state=16 --float_support=FPv4SPD16 -me --define=ccs="ccs" --define=PART_TM4C123GH6PM -g --gcc --diag_warning=225 --diag_wrap=off --display_error_number --abi=eabi -z -m"lab_5.map" --heap_size=1024 --stack_size=2048 -i"C:/ti/ccs1271/ccs/tools/compiler/ti-cgt-arm_20.2.7.LTS/lib" -i"C:/ti/ccs1271/ccs/tools/compiler/ti-cgt-arm_20.2.7.LTS/include" --reread_libs --diag_wrap=off --display_error_number --warn_sections --xml_link_info="lab_5_linkInfo.xml" --rom_model -o "lab_5.out" "./Timer.obj" "./button.obj" "./handle_data.obj" "./handle_scan.obj" "./lcd.obj" "./main.obj" "./movement.obj" "./open_interface.obj" "./tm4c123gh6pm_startup_ccs.obj" "../libcybotScan.lib" "../libcybotUART.lib" "../tm4c123gh6pm.cmd"  -llibc.a -l"C:/ti/TivaWare_C_Series-2.2.0.295/driverlib/ccs/Debug/driverlib.lib" 
<Linking>
Finished building target: "lab_5.out"
 

**** Build Finished ****

**** Build of configuration Debug for project lab_5 ****

"C:\\ti\\ccs1271\\ccs\\utils\\bin\\gmake" -k -j 20 all -O 
 
Building file: "../main.c"
Invoking: Arm Compiler
"C:/ti/ccs1271/ccs/tools/compiler/ti-cgt-arm_20.2.7.LTS/bin/armcl" -mv7M4 --code_state=16 --float_support=FPv4SPD16 -me --include_path="U:/CprE288/lab_5" --include_path="C:/ti/TivaWare_C_Series-2.2.0.295" --include_path="C:/ti/ccs1271/ccs/tools/compiler/ti-cgt-arm_20.2.7.LTS/include" --define=ccs="ccs" --define=PART_TM4C123GH6PM -g --gcc --diag_warning=225 --diag_wrap=off --display_error_number --abi=eabi --preproc_with_compile --preproc_dependency="main.d_raw"  "../main.c"
"..\handle_scan.h", line 24: warning #1-D: last line of file ends without a newline
"../main.c", line 97: warning #227-D: the format string ends before this argument
Finished building: "../main.c"
 
Building target: "lab_5.out"
Invoking: Arm Linker
"C:/ti/ccs1271/ccs/tools/compiler/ti-cgt-arm_20.2.7.LTS/bin/armcl" -mv7M4 --code_state=16 --float_support=FPv4SPD16 -me --define=ccs="ccs" --define=PART_TM4C123GH6PM -g --gcc --diag_warning=225 --diag_wrap=off --display_error_number --abi=eabi -z -m"lab_5.map" --heap_size=1024 --stack_size=2048 -i"C:/ti/ccs1271/ccs/tools/compiler/ti-cgt-arm_20.2.7.LTS/lib" -i"C:/ti/ccs1271/ccs/tools/compiler/ti-cgt-arm_20.2.7.LTS/include" --reread_libs --diag_wrap=off --display_error_number --warn_sections --xml_link_info="lab_5_linkInfo.xml" --rom_model -o "lab_5.out" "./Timer.obj" "./button.obj" "./handle_data.obj" "./handle_scan.obj" "./lcd.obj" "./main.obj" "./movement.obj" "./open_interface.obj" "./tm4c123gh6pm_startup_ccs.obj" "../libcybotScan.lib" "../libcybotUART.lib" "../tm4c123gh6pm.cmd"  -llibc.a -l"C:/ti/TivaWare_C_Series-2.2.0.295/driverlib/ccs/Debug/driverlib.lib" 
<Linking>
Finished building target: "lab_5.out"
 

**** Build Finished ****

**** Build of configuration Debug for project lab_5 ****

"C:\\ti\\ccs1271\\ccs\\utils\\bin\\gmake" -k -j 20 all -O 
 
Building file: "../main.c"
Invoking: Arm Compiler
"C:/ti/ccs1271/ccs/tools/compiler/ti-cgt-arm_20.2.7.LTS/bin/armcl" -mv7M4 --code_state=16 --float_support=FPv4SPD16 -me --include_path="U:/CprE288/lab_5" --include_path="C:/ti/TivaWare_C_Series-2.2.0.295" --include_path="C:/ti/ccs1271/ccs/tools/compiler/ti-cgt-arm_20.2.7.LTS/include" --define=ccs="ccs" --define=PART_TM4C123GH6PM -g --gcc --diag_warning=225 --diag_wrap=off --display_error_number --abi=eabi --preproc_with_compile --preproc_dependency="main.d_raw"  "../main.c"
"..\handle_scan.h", line 24: warning #1-D: last line of file ends without a newline
"../main.c", line 97: warning #227-D: the format string ends before this argument
Finished building: "../main.c"
 
Building file: "../movement.c"
Invoking: Arm Compiler
"C:/ti/ccs1271/ccs/tools/compiler/ti-cgt-arm_20.2.7.LTS/bin/armcl" -mv7M4 --code_state=16 --float_support=FPv4SPD16 -me --include_path="U:/CprE288/lab_5" --include_path="C:/ti/TivaWare_C_Series-2.2.0.295" --include_path="C:/ti/ccs1271/ccs/tools/compiler/ti-cgt-arm_20.2.7.LTS/include" --define=ccs="ccs" --define=PART_TM4C123GH6PM -g --gcc --diag_warning=225 --diag_wrap=off --display_error_number --abi=eabi --preproc_with_compile --preproc_dependency="movement.d_raw"  "../movement.c"
Finished building: "../movement.c"
 
Building target: "lab_5.out"
Invoking: Arm Linker
"C:/ti/ccs1271/ccs/tools/compiler/ti-cgt-arm_20.2.7.LTS/bin/armcl" -mv7M4 --code_state=16 --float_support=FPv4SPD16 -me --define=ccs="ccs" --define=PART_TM4C123GH6PM -g --gcc --diag_warning=225 --diag_wrap=off --display_error_number --abi=eabi -z -m"lab_5.map" --heap_size=1024 --stack_size=2048 -i"C:/ti/ccs1271/ccs/tools/compiler/ti-cgt-arm_20.2.7.LTS/lib" -i"C:/ti/ccs1271/ccs/tools/compiler/ti-cgt-arm_20.2.7.LTS/include" --reread_libs --diag_wrap=off --display_error_number --warn_sections --xml_link_info="lab_5_linkInfo.xml" --rom_model -o "lab_5.out" "./Timer.obj" "./button.obj" "./handle_data.obj" "./handle_scan.obj" "./lcd.obj" "./main.obj" "./movement.obj" "./open_interface.obj" "./tm4c123gh6pm_startup_ccs.obj" "../libcybotScan.lib" "../libcybotUART.lib" "../tm4c123gh6pm.cmd"  -llibc.a -l"C:/ti/TivaWare_C_Series-2.2.0.295/driverlib/ccs/Debug/driverlib.lib" 
<Linking>
Finished building target: "lab_5.out"
 

**** Build Finished ****

**** Build of configuration Debug for project lab_5 ****

"C:\\ti\\ccs1271\\ccs\\utils\\bin\\gmake" -k -j 20 all -O 
 
Building file: "../main.c"
Invoking: Arm Compiler
"C:/ti/ccs1271/ccs/tools/compiler/ti-cgt-arm_20.2.7.LTS/bin/armcl" -mv7M4 --code_state=16 --float_support=FPv4SPD16 -me --include_path="U:/CprE288/lab_5" --include_path="C:/ti/TivaWare_C_Series-2.2.0.295" --include_path="C:/ti/ccs1271/ccs/tools/compiler/ti-cgt-arm_20.2.7.LTS/include" --define=ccs="ccs" --define=PART_TM4C123GH6PM -g --gcc --diag_warning=225 --diag_wrap=off --display_error_number --abi=eabi --preproc_with_compile --preproc_dependency="main.d_raw"  "../main.c"
"..\handle_scan.h", line 24: warning #1-D: last line of file ends without a newline
"../main.c", line 97: warning #227-D: the format string ends before this argument
Finished building: "../main.c"
 
Building file: "../movement.c"
Invoking: Arm Compiler
"C:/ti/ccs1271/ccs/tools/compiler/ti-cgt-arm_20.2.7.LTS/bin/armcl" -mv7M4 --code_state=16 --float_support=FPv4SPD16 -me --include_path="U:/CprE288/lab_5" --include_path="C:/ti/TivaWare_C_Series-2.2.0.295" --include_path="C:/ti/ccs1271/ccs/tools/compiler/ti-cgt-arm_20.2.7.LTS/include" --define=ccs="ccs" --define=PART_TM4C123GH6PM -g --gcc --diag_warning=225 --diag_wrap=off --display_error_number --abi=eabi --preproc_with_compile --preproc_dependency="movement.d_raw"  "../movement.c"
Finished building: "../movement.c"
 
Building target: "lab_5.out"
Invoking: Arm Linker
"C:/ti/ccs1271/ccs/tools/compiler/ti-cgt-arm_20.2.7.LTS/bin/armcl" -mv7M4 --code_state=16 --float_support=FPv4SPD16 -me --define=ccs="ccs" --define=PART_TM4C123GH6PM -g --gcc --diag_warning=225 --diag_wrap=off --display_error_number --abi=eabi -z -m"lab_5.map" --heap_size=1024 --stack_size=2048 -i"C:/ti/ccs1271/ccs/tools/compiler/ti-cgt-arm_20.2.7.LTS/lib" -i"C:/ti/ccs1271/ccs/tools/compiler/ti-cgt-arm_20.2.7.LTS/include" --reread_libs --diag_wrap=off --display_error_number --warn_sections --xml_link_info="lab_5_linkInfo.xml" --rom_model -o "lab_5.out" "./Timer.obj" "./button.obj" "./handle_data.obj" "./handle_scan.obj" "./lcd.obj" "./main.obj" "./movement.obj" "./open_interface.obj" "./tm4c123gh6pm_startup_ccs.obj" "../libcybotScan.lib" "../libcybotUART.lib" "../tm4c123gh6pm.cmd"  -llibc.a -l"C:/ti/TivaWare_C_Series-2.2.0.295/driverlib/ccs/Debug/driverlib.lib" 
<Linking>
Finished building target: "lab_5.out"
 

**** Build Finished ****

**** Build of configuration Debug for project lab_5 ****

"C:\\ti\\ccs1271\\ccs\\utils\\bin\\gmake" -k -j 20 all -O 
 
Building file: "../main.c"
Invoking: Arm Compiler
"C:/ti/ccs1271/ccs/tools/compiler/ti-cgt-arm_20.2.7.LTS/bin/armcl" -mv7M4 --code_state=16 --float_support=FPv4SPD16 -me --include_path="U:/CprE288/lab_5" --include_path="C:/ti/TivaWare_C_Series-2.2.0.295" --include_path="C:/ti/ccs1271/ccs/tools/compiler/ti-cgt-arm_20.2.7.LTS/include" --define=ccs="ccs" --define=PART_TM4C123GH6PM -g --gcc --diag_warning=225 --diag_wrap=off --display_error_number --abi=eabi --preproc_with_compile --preproc_dependency="main.d_raw"  "../main.c"
"..\handle_scan.h", line 24: warning #1-D: last line of file ends without a newline
"../main.c", line 97: warning #227-D: the format string ends before this argument
Finished building: "../main.c"
 
Building file: "../movement.c"
Invoking: Arm Compiler
"C:/ti/ccs1271/ccs/tools/compiler/ti-cgt-arm_20.2.7.LTS/bin/armcl" -mv7M4 --code_state=16 --float_support=FPv4SPD16 -me --include_path="U:/CprE288/lab_5" --include_path="C:/ti/TivaWare_C_Series-2.2.0.295" --include_path="C:/ti/ccs1271/ccs/tools/compiler/ti-cgt-arm_20.2.7.LTS/include" --define=ccs="ccs" --define=PART_TM4C123GH6PM -g --gcc --diag_warning=225 --diag_wrap=off --display_error_number --abi=eabi --preproc_with_compile --preproc_dependency="movement.d_raw"  "../movement.c"
Finished building: "../movement.c"
 
Building target: "lab_5.out"
Invoking: Arm Linker
"C:/ti/ccs1271/ccs/tools/compiler/ti-cgt-arm_20.2.7.LTS/bin/armcl" -mv7M4 --code_state=16 --float_support=FPv4SPD16 -me --define=ccs="ccs" --define=PART_TM4C123GH6PM -g --gcc --diag_warning=225 --diag_wrap=off --display_error_number --abi=eabi -z -m"lab_5.map" --heap_size=1024 --stack_size=2048 -i"C:/ti/ccs1271/ccs/tools/compiler/ti-cgt-arm_20.2.7.LTS/lib" -i"C:/ti/ccs1271/ccs/tools/compiler/ti-cgt-arm_20.2.7.LTS/include" --reread_libs --diag_wrap=off --display_error_number --warn_sections --xml_link_info="lab_5_linkInfo.xml" --rom_model -o "lab_5.out" "./Timer.obj" "./button.obj" "./handle_data.obj" "./handle_scan.obj" "./lcd.obj" "./main.obj" "./movement.obj" "./open_interface.obj" "./tm4c123gh6pm_startup_ccs.obj" "../libcybotScan.lib" "../libcybotUART.lib" "../tm4c123gh6pm.cmd"  -llibc.a -l"C:/ti/TivaWare_C_Series-2.2.0.295/driverlib/ccs/Debug/driverlib.lib" 
<Linking>
Finished building target: "lab_5.out"
 

**** Build Finished ****

**** Build of configuration Debug for project lab_5 ****

"C:\\ti\\ccs1271\\ccs\\utils\\bin\\gmake" -k -j 20 all -O 
 
Building file: "../movement.c"
Invoking: Arm Compiler
"C:/ti/ccs1271/ccs/tools/compiler/ti-cgt-arm_20.2.7.LTS/bin/armcl" -mv7M4 --code_state=16 --float_support=FPv4SPD16 -me --include_path="U:/CprE288/lab_5" --include_path="C:/ti/TivaWare_C_Series-2.2.0.295" --include_path="C:/ti/ccs1271/ccs/tools/compiler/ti-cgt-arm_20.2.7.LTS/include" --define=ccs="ccs" --define=PART_TM4C123GH6PM -g --gcc --diag_warning=225 --diag_wrap=off --display_error_number --abi=eabi --preproc_with_compile --preproc_dependency="movement.d_raw"  "../movement.c"
Finished building: "../movement.c"
 
Building target: "lab_5.out"
Invoking: Arm Linker
"C:/ti/ccs1271/ccs/tools/compiler/ti-cgt-arm_20.2.7.LTS/bin/armcl" -mv7M4 --code_state=16 --float_support=FPv4SPD16 -me --define=ccs="ccs" --define=PART_TM4C123GH6PM -g --gcc --diag_warning=225 --diag_wrap=off --display_error_number --abi=eabi -z -m"lab_5.map" --heap_size=1024 --stack_size=2048 -i"C:/ti/ccs1271/ccs/tools/compiler/ti-cgt-arm_20.2.7.LTS/lib" -i"C:/ti/ccs1271/ccs/tools/compiler/ti-cgt-arm_20.2.7.LTS/include" --reread_libs --diag_wrap=off --display_error_number --warn_sections --xml_link_info="lab_5_linkInfo.xml" --rom_model -o "lab_5.out" "./Timer.obj" "./button.obj" "./handle_data.obj" "./handle_scan.obj" "./lcd.obj" "./main.obj" "./movement.obj" "./open_interface.obj" "./tm4c123gh6pm_startup_ccs.obj" "../libcybotScan.lib" "../libcybotUART.lib" "../tm4c123gh6pm.cmd"  -llibc.a -l"C:/ti/TivaWare_C_Series-2.2.0.295/driverlib/ccs/Debug/driverlib.lib" 
<Linking>
Finished building target: "lab_5.out"
 

**** Build Finished ****

**** Build of configuration Debug for project lab_5 ****

"C:\\ti\\ccs1271\\ccs\\utils\\bin\\gmake" -k -j 20 all -O 
 
Building file: "../movement.c"
Invoking: Arm Compiler
"C:/ti/ccs1271/ccs/tools/compiler/ti-cgt-arm_20.2.7.LTS/bin/armcl" -mv7M4 --code_state=16 --float_support=FPv4SPD16 -me --include_path="U:/CprE288/lab_5" --include_path="C:/ti/TivaWare_C_Series-2.2.0.295" --include_path="C:/ti/ccs1271/ccs/tools/compiler/ti-cgt-arm_20.2.7.LTS/include" --define=ccs="ccs" --define=PART_TM4C123GH6PM -g --gcc --diag_warning=225 --diag_wrap=off --display_error_number --abi=eabi --preproc_with_compile --preproc_dependency="movement.d_raw"  "../movement.c"
Finished building: "../movement.c"
 
Building target: "lab_5.out"
Invoking: Arm Linker
"C:/ti/ccs1271/ccs/tools/compiler/ti-cgt-arm_20.2.7.LTS/bin/armcl" -mv7M4 --code_state=16 --float_support=FPv4SPD16 -me --define=ccs="ccs" --define=PART_TM4C123GH6PM -g --gcc --diag_warning=225 --diag_wrap=off --display_error_number --abi=eabi -z -m"lab_5.map" --heap_size=1024 --stack_size=2048 -i"C:/ti/ccs1271/ccs/tools/compiler/ti-cgt-arm_20.2.7.LTS/lib" -i"C:/ti/ccs1271/ccs/tools/compiler/ti-cgt-arm_20.2.7.LTS/include" --reread_libs --diag_wrap=off --display_error_number --warn_sections --xml_link_info="lab_5_linkInfo.xml" --rom_model -o "lab_5.out" "./Timer.obj" "./button.obj" "./handle_data.obj" "./handle_scan.obj" "./lcd.obj" "./main.obj" "./movement.obj" "./open_interface.obj" "./tm4c123gh6pm_startup_ccs.obj" "../libcybotScan.lib" "../libcybotUART.lib" "../tm4c123gh6pm.cmd"  -llibc.a -l"C:/ti/TivaWare_C_Series-2.2.0.295/driverlib/ccs/Debug/driverlib.lib" 
<Linking>
Finished building target: "lab_5.out"
 

**** Build Finished ****

**** Build of configuration Debug for project lab_5 ****

"C:\\ti\\ccs1271\\ccs\\utils\\bin\\gmake" -k -j 20 all -O 
 
Building file: "../movement.c"
Invoking: Arm Compiler
"C:/ti/ccs1271/ccs/tools/compiler/ti-cgt-arm_20.2.7.LTS/bin/armcl" -mv7M4 --code_state=16 --float_support=FPv4SPD16 -me --include_path="U:/CprE288/lab_5" --include_path="C:/ti/TivaWare_C_Series-2.2.0.295" --include_path="C:/ti/ccs1271/ccs/tools/compiler/ti-cgt-arm_20.2.7.LTS/include" --define=ccs="ccs" --define=PART_TM4C123GH6PM -g --gcc --diag_warning=225 --diag_wrap=off --display_error_number --abi=eabi --preproc_with_compile --preproc_dependency="movement.d_raw"  "../movement.c"
Finished building: "../movement.c"
 
Building target: "lab_5.out"
Invoking: Arm Linker
"C:/ti/ccs1271/ccs/tools/compiler/ti-cgt-arm_20.2.7.LTS/bin/armcl" -mv7M4 --code_state=16 --float_support=FPv4SPD16 -me --define=ccs="ccs" --define=PART_TM4C123GH6PM -g --gcc --diag_warning=225 --diag_wrap=off --display_error_number --abi=eabi -z -m"lab_5.map" --heap_size=1024 --stack_size=2048 -i"C:/ti/ccs1271/ccs/tools/compiler/ti-cgt-arm_20.2.7.LTS/lib" -i"C:/ti/ccs1271/ccs/tools/compiler/ti-cgt-arm_20.2.7.LTS/include" --reread_libs --diag_wrap=off --display_error_number --warn_sections --xml_link_info="lab_5_linkInfo.xml" --rom_model -o "lab_5.out" "./Timer.obj" "./button.obj" "./handle_data.obj" "./handle_scan.obj" "./lcd.obj" "./main.obj" "./movement.obj" "./open_interface.obj" "./tm4c123gh6pm_startup_ccs.obj" "../libcybotScan.lib" "../libcybotUART.lib" "../tm4c123gh6pm.cmd"  -llibc.a -l"C:/ti/TivaWare_C_Series-2.2.0.295/driverlib/ccs/Debug/driverlib.lib" 
<Linking>
Finished building target: "lab_5.out"
 

**** Build Finished ****

**** Build of configuration Debug for project lab_5 ****

"C:\\ti\\ccs1271\\ccs\\utils\\bin\\gmake" -k -j 20 all -O 
 
Building file: "../movement.c"
Invoking: Arm Compiler
"C:/ti/ccs1271/ccs/tools/compiler/ti-cgt-arm_20.2.7.LTS/bin/armcl" -mv7M4 --code_state=16 --float_support=FPv4SPD16 -me --include_path="U:/CprE288/lab_5" --include_path="C:/ti/TivaWare_C_Series-2.2.0.295" --include_path="C:/ti/ccs1271/ccs/tools/compiler/ti-cgt-arm_20.2.7.LTS/include" --define=ccs="ccs" --define=PART_TM4C123GH6PM -g --gcc --diag_warning=225 --diag_wrap=off --display_error_number --abi=eabi --preproc_with_compile --preproc_dependency="movement.d_raw"  "../movement.c"
Finished building: "../movement.c"
 
Building target: "lab_5.out"
Invoking: Arm Linker
"C:/ti/ccs1271/ccs/tools/compiler/ti-cgt-arm_20.2.7.LTS/bin/armcl" -mv7M4 --code_state=16 --float_support=FPv4SPD16 -me --define=ccs="ccs" --define=PART_TM4C123GH6PM -g --gcc --diag_warning=225 --diag_wrap=off --display_error_number --abi=eabi -z -m"lab_5.map" --heap_size=1024 --stack_size=2048 -i"C:/ti/ccs1271/ccs/tools/compiler/ti-cgt-arm_20.2.7.LTS/lib" -i"C:/ti/ccs1271/ccs/tools/compiler/ti-cgt-arm_20.2.7.LTS/include" --reread_libs --diag_wrap=off --display_error_number --warn_sections --xml_link_info="lab_5_linkInfo.xml" --rom_model -o "lab_5.out" "./Timer.obj" "./button.obj" "./handle_data.obj" "./handle_scan.obj" "./lcd.obj" "./main.obj" "./movement.obj" "./open_interface.obj" "./tm4c123gh6pm_startup_ccs.obj" "../libcybotScan.lib" "../libcybotUART.lib" "../tm4c123gh6pm.cmd"  -llibc.a -l"C:/ti/TivaWare_C_Series-2.2.0.295/driverlib/ccs/Debug/driverlib.lib" 
<Linking>
Finished building target: "lab_5.out"
 

**** Build Finished ****

**** Build of configuration Debug for project lab_5 ****

"C:\\ti\\ccs1271\\ccs\\utils\\bin\\gmake" -k -j 20 all -O 
 
Building file: "../main.c"
Invoking: Arm Compiler
"C:/ti/ccs1271/ccs/tools/compiler/ti-cgt-arm_20.2.7.LTS/bin/armcl" -mv7M4 --code_state=16 --float_support=FPv4SPD16 -me --include_path="U:/CprE288/lab_5" --include_path="C:/ti/TivaWare_C_Series-2.2.0.295" --include_path="C:/ti/ccs1271/ccs/tools/compiler/ti-cgt-arm_20.2.7.LTS/include" --define=ccs="ccs" --define=PART_TM4C123GH6PM -g --gcc --diag_warning=225 --diag_wrap=off --display_error_number --abi=eabi --preproc_with_compile --preproc_dependency="main.d_raw"  "../main.c"
"..\handle_scan.h", line 24: warning #1-D: last line of file ends without a newline
"../main.c", line 97: warning #227-D: the format string ends before this argument
Finished building: "../main.c"
 
Building file: "../movement.c"
Invoking: Arm Compiler
"C:/ti/ccs1271/ccs/tools/compiler/ti-cgt-arm_20.2.7.LTS/bin/armcl" -mv7M4 --code_state=16 --float_support=FPv4SPD16 -me --include_path="U:/CprE288/lab_5" --include_path="C:/ti/TivaWare_C_Series-2.2.0.295" --include_path="C:/ti/ccs1271/ccs/tools/compiler/ti-cgt-arm_20.2.7.LTS/include" --define=ccs="ccs" --define=PART_TM4C123GH6PM -g --gcc --diag_warning=225 --diag_wrap=off --display_error_number --abi=eabi --preproc_with_compile --preproc_dependency="movement.d_raw"  "../movement.c"
Finished building: "../movement.c"
 
Building target: "lab_5.out"
Invoking: Arm Linker
"C:/ti/ccs1271/ccs/tools/compiler/ti-cgt-arm_20.2.7.LTS/bin/armcl" -mv7M4 --code_state=16 --float_support=FPv4SPD16 -me --define=ccs="ccs" --define=PART_TM4C123GH6PM -g --gcc --diag_warning=225 --diag_wrap=off --display_error_number --abi=eabi -z -m"lab_5.map" --heap_size=1024 --stack_size=2048 -i"C:/ti/ccs1271/ccs/tools/compiler/ti-cgt-arm_20.2.7.LTS/lib" -i"C:/ti/ccs1271/ccs/tools/compiler/ti-cgt-arm_20.2.7.LTS/include" --reread_libs --diag_wrap=off --display_error_number --warn_sections --xml_link_info="lab_5_linkInfo.xml" --rom_model -o "lab_5.out" "./Timer.obj" "./button.obj" "./handle_data.obj" "./handle_scan.obj" "./lcd.obj" "./main.obj" "./movement.obj" "./open_interface.obj" "./tm4c123gh6pm_startup_ccs.obj" "../libcybotScan.lib" "../libcybotUART.lib" "../tm4c123gh6pm.cmd"  -llibc.a -l"C:/ti/TivaWare_C_Series-2.2.0.295/driverlib/ccs/Debug/driverlib.lib" 
<Linking>
Finished building target: "lab_5.out"
 

**** Build Finished ****

**** Build of configuration Debug for project lab_5 ****

"C:\\ti\\ccs1271\\ccs\\utils\\bin\\gmake" -k -j 20 all -O 
 
Building file: "../movement.c"
Invoking: Arm Compiler
"C:/ti/ccs1271/ccs/tools/compiler/ti-cgt-arm_20.2.7.LTS/bin/armcl" -mv7M4 --code_state=16 --float_support=FPv4SPD16 -me --include_path="U:/CprE288/lab_5" --include_path="C:/ti/TivaWare_C_Series-2.2.0.295" --include_path="C:/ti/ccs1271/ccs/tools/compiler/ti-cgt-arm_20.2.7.LTS/include" --define=ccs="ccs" --define=PART_TM4C123GH6PM -g --gcc --diag_warning=225 --diag_wrap=off --display_error_number --abi=eabi --preproc_with_compile --preproc_dependency="movement.d_raw"  "../movement.c"
Finished building: "../movement.c"
 
Building target: "lab_5.out"
Invoking: Arm Linker
"C:/ti/ccs1271/ccs/tools/compiler/ti-cgt-arm_20.2.7.LTS/bin/armcl" -mv7M4 --code_state=16 --float_support=FPv4SPD16 -me --define=ccs="ccs" --define=PART_TM4C123GH6PM -g --gcc --diag_warning=225 --diag_wrap=off --display_error_number --abi=eabi -z -m"lab_5.map" --heap_size=1024 --stack_size=2048 -i"C:/ti/ccs1271/ccs/tools/compiler/ti-cgt-arm_20.2.7.LTS/lib" -i"C:/ti/ccs1271/ccs/tools/compiler/ti-cgt-arm_20.2.7.LTS/include" --reread_libs --diag_wrap=off --display_error_number --warn_sections --xml_link_info="lab_5_linkInfo.xml" --rom_model -o "lab_5.out" "./Timer.obj" "./button.obj" "./handle_data.obj" "./handle_scan.obj" "./lcd.obj" "./main.obj" "./movement.obj" "./open_interface.obj" "./tm4c123gh6pm_startup_ccs.obj" "../libcybotScan.lib" "../libcybotUART.lib" "../tm4c123gh6pm.cmd"  -llibc.a -l"C:/ti/TivaWare_C_Series-2.2.0.295/driverlib/ccs/Debug/driverlib.lib" 
<Linking>
Finished building target: "lab_5.out"
 

**** Build Finished ****

**** Build of configuration Debug for project lab_5 ****

"C:\\ti\\ccs1271\\ccs\\utils\\bin\\gmake" -k -j 20 all -O 
 
Building file: "../movement.c"
Invoking: Arm Compiler
"C:/ti/ccs1271/ccs/tools/compiler/ti-cgt-arm_20.2.7.LTS/bin/armcl" -mv7M4 --code_state=16 --float_support=FPv4SPD16 -me --include_path="U:/CprE288/lab_5" --include_path="C:/ti/TivaWare_C_Series-2.2.0.295" --include_path="C:/ti/ccs1271/ccs/tools/compiler/ti-cgt-arm_20.2.7.LTS/include" --define=ccs="ccs" --define=PART_TM4C123GH6PM -g --gcc --diag_warning=225 --diag_wrap=off --display_error_number --abi=eabi --preproc_with_compile --preproc_dependency="movement.d_raw"  "../movement.c"
Finished building: "../movement.c"
 
Building target: "lab_5.out"
Invoking: Arm Linker
"C:/ti/ccs1271/ccs/tools/compiler/ti-cgt-arm_20.2.7.LTS/bin/armcl" -mv7M4 --code_state=16 --float_support=FPv4SPD16 -me --define=ccs="ccs" --define=PART_TM4C123GH6PM -g --gcc --diag_warning=225 --diag_wrap=off --display_error_number --abi=eabi -z -m"lab_5.map" --heap_size=1024 --stack_size=2048 -i"C:/ti/ccs1271/ccs/tools/compiler/ti-cgt-arm_20.2.7.LTS/lib" -i"C:/ti/ccs1271/ccs/tools/compiler/ti-cgt-arm_20.2.7.LTS/include" --reread_libs --diag_wrap=off --display_error_number --warn_sections --xml_link_info="lab_5_linkInfo.xml" --rom_model -o "lab_5.out" "./Timer.obj" "./button.obj" "./handle_data.obj" "./handle_scan.obj" "./lcd.obj" "./main.obj" "./movement.obj" "./open_interface.obj" "./tm4c123gh6pm_startup_ccs.obj" "../libcybotScan.lib" "../libcybotUART.lib" "../tm4c123gh6pm.cmd"  -llibc.a -l"C:/ti/TivaWare_C_Series-2.2.0.295/driverlib/ccs/Debug/driverlib.lib" 
<Linking>
Finished building target: "lab_5.out"
 

**** Build Finished ****

**** Build of configuration Debug for project lab_5 ****

"C:\\ti\\ccs1271\\ccs\\utils\\bin\\gmake" -k -j 20 all -O 
 
Building file: "../movement.c"
Invoking: Arm Compiler
"C:/ti/ccs1271/ccs/tools/compiler/ti-cgt-arm_20.2.7.LTS/bin/armcl" -mv7M4 --code_state=16 --float_support=FPv4SPD16 -me --include_path="U:/CprE288/lab_5" --include_path="C:/ti/TivaWare_C_Series-2.2.0.295" --include_path="C:/ti/ccs1271/ccs/tools/compiler/ti-cgt-arm_20.2.7.LTS/include" --define=ccs="ccs" --define=PART_TM4C123GH6PM -g --gcc --diag_warning=225 --diag_wrap=off --display_error_number --abi=eabi --preproc_with_compile --preproc_dependency="movement.d_raw"  "../movement.c"
Finished building: "../movement.c"
 
Building target: "lab_5.out"
Invoking: Arm Linker
"C:/ti/ccs1271/ccs/tools/compiler/ti-cgt-arm_20.2.7.LTS/bin/armcl" -mv7M4 --code_state=16 --float_support=FPv4SPD16 -me --define=ccs="ccs" --define=PART_TM4C123GH6PM -g --gcc --diag_warning=225 --diag_wrap=off --display_error_number --abi=eabi -z -m"lab_5.map" --heap_size=1024 --stack_size=2048 -i"C:/ti/ccs1271/ccs/tools/compiler/ti-cgt-arm_20.2.7.LTS/lib" -i"C:/ti/ccs1271/ccs/tools/compiler/ti-cgt-arm_20.2.7.LTS/include" --reread_libs --diag_wrap=off --display_error_number --warn_sections --xml_link_info="lab_5_linkInfo.xml" --rom_model -o "lab_5.out" "./Timer.obj" "./button.obj" "./handle_data.obj" "./handle_scan.obj" "./lcd.obj" "./main.obj" "./movement.obj" "./open_interface.obj" "./tm4c123gh6pm_startup_ccs.obj" "../libcybotScan.lib" "../libcybotUART.lib" "../tm4c123gh6pm.cmd"  -llibc.a -l"C:/ti/TivaWare_C_Series-2.2.0.295/driverlib/ccs/Debug/driverlib.lib" 
<Linking>
Finished building target: "lab_5.out"
 

**** Build Finished ****

**** Build of configuration Debug for project lab_5 ****

"C:\\ti\\ccs1271\\ccs\\utils\\bin\\gmake" -k -j 20 all -O 
 
Building file: "../movement.c"
Invoking: Arm Compiler
"C:/ti/ccs1271/ccs/tools/compiler/ti-cgt-arm_20.2.7.LTS/bin/armcl" -mv7M4 --code_state=16 --float_support=FPv4SPD16 -me --include_path="U:/CprE288/lab_5" --include_path="C:/ti/TivaWare_C_Series-2.2.0.295" --include_path="C:/ti/ccs1271/ccs/tools/compiler/ti-cgt-arm_20.2.7.LTS/include" --define=ccs="ccs" --define=PART_TM4C123GH6PM -g --gcc --diag_warning=225 --diag_wrap=off --display_error_number --abi=eabi --preproc_with_compile --preproc_dependency="movement.d_raw"  "../movement.c"
Finished building: "../movement.c"
 
Building target: "lab_5.out"
Invoking: Arm Linker
"C:/ti/ccs1271/ccs/tools/compiler/ti-cgt-arm_20.2.7.LTS/bin/armcl" -mv7M4 --code_state=16 --float_support=FPv4SPD16 -me --define=ccs="ccs" --define=PART_TM4C123GH6PM -g --gcc --diag_warning=225 --diag_wrap=off --display_error_number --abi=eabi -z -m"lab_5.map" --heap_size=1024 --stack_size=2048 -i"C:/ti/ccs1271/ccs/tools/compiler/ti-cgt-arm_20.2.7.LTS/lib" -i"C:/ti/ccs1271/ccs/tools/compiler/ti-cgt-arm_20.2.7.LTS/include" --reread_libs --diag_wrap=off --display_error_number --warn_sections --xml_link_info="lab_5_linkInfo.xml" --rom_model -o "lab_5.out" "./Timer.obj" "./button.obj" "./handle_data.obj" "./handle_scan.obj" "./lcd.obj" "./main.obj" "./movement.obj" "./open_interface.obj" "./tm4c123gh6pm_startup_ccs.obj" "../libcybotScan.lib" "../libcybotUART.lib" "../tm4c123gh6pm.cmd"  -llibc.a -l"C:/ti/TivaWare_C_Series-2.2.0.295/driverlib/ccs/Debug/driverlib.lib" 
<Linking>
Finished building target: "lab_5.out"
 

**** Build Finished ****

**** Build of configuration Debug for project lab_5 ****

"C:\\ti\\ccs1271\\ccs\\utils\\bin\\gmake" -k -j 20 all -O 
 
Building file: "../movement.c"
Invoking: Arm Compiler
"C:/ti/ccs1271/ccs/tools/compiler/ti-cgt-arm_20.2.7.LTS/bin/armcl" -mv7M4 --code_state=16 --float_support=FPv4SPD16 -me --include_path="U:/CprE288/lab_5" --include_path="C:/ti/TivaWare_C_Series-2.2.0.295" --include_path="C:/ti/ccs1271/ccs/tools/compiler/ti-cgt-arm_20.2.7.LTS/include" --define=ccs="ccs" --define=PART_TM4C123GH6PM -g --gcc --diag_warning=225 --diag_wrap=off --display_error_number --abi=eabi --preproc_with_compile --preproc_dependency="movement.d_raw"  "../movement.c"
Finished building: "../movement.c"
 
Building target: "lab_5.out"
Invoking: Arm Linker
"C:/ti/ccs1271/ccs/tools/compiler/ti-cgt-arm_20.2.7.LTS/bin/armcl" -mv7M4 --code_state=16 --float_support=FPv4SPD16 -me --define=ccs="ccs" --define=PART_TM4C123GH6PM -g --gcc --diag_warning=225 --diag_wrap=off --display_error_number --abi=eabi -z -m"lab_5.map" --heap_size=1024 --stack_size=2048 -i"C:/ti/ccs1271/ccs/tools/compiler/ti-cgt-arm_20.2.7.LTS/lib" -i"C:/ti/ccs1271/ccs/tools/compiler/ti-cgt-arm_20.2.7.LTS/include" --reread_libs --diag_wrap=off --display_error_number --warn_sections --xml_link_info="lab_5_linkInfo.xml" --rom_model -o "lab_5.out" "./Timer.obj" "./button.obj" "./handle_data.obj" "./handle_scan.obj" "./lcd.obj" "./main.obj" "./movement.obj" "./open_interface.obj" "./tm4c123gh6pm_startup_ccs.obj" "../libcybotScan.lib" "../libcybotUART.lib" "../tm4c123gh6pm.cmd"  -llibc.a -l"C:/ti/TivaWare_C_Series-2.2.0.295/driverlib/ccs/Debug/driverlib.lib" 
<Linking>
Finished building target: "lab_5.out"
 

**** Build Finished ****

**** Build of configuration Debug for project lab_5 ****

"C:\\ti\\ccs1271\\ccs\\utils\\bin\\gmake" -k -j 20 all -O 
 
Building file: "../main.c"
Invoking: Arm Compiler
"C:/ti/ccs1271/ccs/tools/compiler/ti-cgt-arm_20.2.7.LTS/bin/armcl" -mv7M4 --code_state=16 --float_support=FPv4SPD16 -me --include_path="U:/CprE288/lab_5" --include_path="C:/ti/TivaWare_C_Series-2.2.0.295" --include_path="C:/ti/ccs1271/ccs/tools/compiler/ti-cgt-arm_20.2.7.LTS/include" --define=ccs="ccs" --define=PART_TM4C123GH6PM -g --gcc --diag_warning=225 --diag_wrap=off --display_error_number --abi=eabi --preproc_with_compile --preproc_dependency="main.d_raw"  "../main.c"
"..\handle_scan.h", line 24: warning #1-D: last line of file ends without a newline
"../main.c", line 97: warning #227-D: the format string ends before this argument
Finished building: "../main.c"
 
Building target: "lab_5.out"
Invoking: Arm Linker
"C:/ti/ccs1271/ccs/tools/compiler/ti-cgt-arm_20.2.7.LTS/bin/armcl" -mv7M4 --code_state=16 --float_support=FPv4SPD16 -me --define=ccs="ccs" --define=PART_TM4C123GH6PM -g --gcc --diag_warning=225 --diag_wrap=off --display_error_number --abi=eabi -z -m"lab_5.map" --heap_size=1024 --stack_size=2048 -i"C:/ti/ccs1271/ccs/tools/compiler/ti-cgt-arm_20.2.7.LTS/lib" -i"C:/ti/ccs1271/ccs/tools/compiler/ti-cgt-arm_20.2.7.LTS/include" --reread_libs --diag_wrap=off --display_error_number --warn_sections --xml_link_info="lab_5_linkInfo.xml" --rom_model -o "lab_5.out" "./Timer.obj" "./button.obj" "./handle_data.obj" "./handle_scan.obj" "./lcd.obj" "./main.obj" "./movement.obj" "./open_interface.obj" "./tm4c123gh6pm_startup_ccs.obj" "../libcybotScan.lib" "../libcybotUART.lib" "../tm4c123gh6pm.cmd"  -llibc.a -l"C:/ti/TivaWare_C_Series-2.2.0.295/driverlib/ccs/Debug/driverlib.lib" 
<Linking>
Finished building target: "lab_5.out"
 

**** Build Finished ****

**** Build of configuration Debug for project lab_5 ****

"C:\\ti\\ccs1271\\ccs\\utils\\bin\\gmake" -k -j 20 all -O 
 
gmake[1]: 'lab_5.out' is up to date.

**** Build Finished ****

**** Build of configuration Debug for project lab_5 ****

"C:\\ti\\ccs1271\\ccs\\utils\\bin\\gmake" -k -j 20 all -O 
 
Building file: "../main.c"
Invoking: Arm Compiler
"C:/ti/ccs1271/ccs/tools/compiler/ti-cgt-arm_20.2.7.LTS/bin/armcl" -mv7M4 --code_state=16 --float_support=FPv4SPD16 -me --include_path="U:/CprE288/lab_5" --include_path="C:/ti/TivaWare_C_Series-2.2.0.295" --include_path="C:/ti/ccs1271/ccs/tools/compiler/ti-cgt-arm_20.2.7.LTS/include" --define=ccs="ccs" --define=PART_TM4C123GH6PM -g --gcc --diag_warning=225 --diag_wrap=off --display_error_number --abi=eabi --preproc_with_compile --preproc_dependency="main.d_raw"  "../main.c"
"..\handle_scan.h", line 24: warning #1-D: last line of file ends without a newline
"../main.c", line 97: warning #227-D: the format string ends before this argument
Finished building: "../main.c"
 
Building target: "lab_5.out"
Invoking: Arm Linker
"C:/ti/ccs1271/ccs/tools/compiler/ti-cgt-arm_20.2.7.LTS/bin/armcl" -mv7M4 --code_state=16 --float_support=FPv4SPD16 -me --define=ccs="ccs" --define=PART_TM4C123GH6PM -g --gcc --diag_warning=225 --diag_wrap=off --display_error_number --abi=eabi -z -m"lab_5.map" --heap_size=1024 --stack_size=2048 -i"C:/ti/ccs1271/ccs/tools/compiler/ti-cgt-arm_20.2.7.LTS/lib" -i"C:/ti/ccs1271/ccs/tools/compiler/ti-cgt-arm_20.2.7.LTS/include" --reread_libs --diag_wrap=off --display_error_number --warn_sections --xml_link_info="lab_5_linkInfo.xml" --rom_model -o "lab_5.out" "./Timer.obj" "./button.obj" "./handle_data.obj" "./handle_scan.obj" "./lcd.obj" "./main.obj" "./movement.obj" "./open_interface.obj" "./tm4c123gh6pm_startup_ccs.obj" "../libcybotScan.lib" "../libcybotUART.lib" "../tm4c123gh6pm.cmd"  -llibc.a -l"C:/ti/TivaWare_C_Series-2.2.0.295/driverlib/ccs/Debug/driverlib.lib" 
<Linking>
Finished building target: "lab_5.out"
 

**** Build Finished ****

**** Build of configuration Debug for project lab_5 ****

"C:\\ti\\ccs1271\\ccs\\utils\\bin\\gmake" -k -j 20 all -O 
 
Building file: "../main.c"
Invoking: Arm Compiler
"C:/ti/ccs1271/ccs/tools/compiler/ti-cgt-arm_20.2.7.LTS/bin/armcl" -mv7M4 --code_state=16 --float_support=FPv4SPD16 -me --include_path="U:/CprE288/lab_5" --include_path="C:/ti/TivaWare_C_Series-2.2.0.295" --include_path="C:/ti/ccs1271/ccs/tools/compiler/ti-cgt-arm_20.2.7.LTS/include" --define=ccs="ccs" --define=PART_TM4C123GH6PM -g --gcc --diag_warning=225 --diag_wrap=off --display_error_number --abi=eabi --preproc_with_compile --preproc_dependency="main.d_raw"  "../main.c"
"..\handle_scan.h", line 24: warning #1-D: last line of file ends without a newline
"../main.c", line 97: warning #227-D: the format string ends before this argument
Finished building: "../main.c"
 
Building file: "../movement.c"
Invoking: Arm Compiler
"C:/ti/ccs1271/ccs/tools/compiler/ti-cgt-arm_20.2.7.LTS/bin/armcl" -mv7M4 --code_state=16 --float_support=FPv4SPD16 -me --include_path="U:/CprE288/lab_5" --include_path="C:/ti/TivaWare_C_Series-2.2.0.295" --include_path="C:/ti/ccs1271/ccs/tools/compiler/ti-cgt-arm_20.2.7.LTS/include" --define=ccs="ccs" --define=PART_TM4C123GH6PM -g --gcc --diag_warning=225 --diag_wrap=off --display_error_number --abi=eabi --preproc_with_compile --preproc_dependency="movement.d_raw"  "../movement.c"
Finished building: "../movement.c"
 
Building target: "lab_5.out"
Invoking: Arm Linker
"C:/ti/ccs1271/ccs/tools/compiler/ti-cgt-arm_20.2.7.LTS/bin/armcl" -mv7M4 --code_state=16 --float_support=FPv4SPD16 -me --define=ccs="ccs" --define=PART_TM4C123GH6PM -g --gcc --diag_warning=225 --diag_wrap=off --display_error_number --abi=eabi -z -m"lab_5.map" --heap_size=1024 --stack_size=2048 -i"C:/ti/ccs1271/ccs/tools/compiler/ti-cgt-arm_20.2.7.LTS/lib" -i"C:/ti/ccs1271/ccs/tools/compiler/ti-cgt-arm_20.2.7.LTS/include" --reread_libs --diag_wrap=off --display_error_number --warn_sections --xml_link_info="lab_5_linkInfo.xml" --rom_model -o "lab_5.out" "./Timer.obj" "./button.obj" "./handle_data.obj" "./handle_scan.obj" "./lcd.obj" "./main.obj" "./movement.obj" "./open_interface.obj" "./tm4c123gh6pm_startup_ccs.obj" "../libcybotScan.lib" "../libcybotUART.lib" "../tm4c123gh6pm.cmd"  -llibc.a -l"C:/ti/TivaWare_C_Series-2.2.0.295/driverlib/ccs/Debug/driverlib.lib" 
<Linking>
Finished building target: "lab_5.out"
 

**** Build Finished ****

**** Build of configuration Debug for project lab_5 ****

"C:\\ti\\ccs1271\\ccs\\utils\\bin\\gmake" -k -j 20 all -O 
 
Building file: "../main.c"
Invoking: Arm Compiler
"C:/ti/ccs1271/ccs/tools/compiler/ti-cgt-arm_20.2.7.LTS/bin/armcl" -mv7M4 --code_state=16 --float_support=FPv4SPD16 -me --include_path="U:/CprE288/lab_5" --include_path="C:/ti/TivaWare_C_Series-2.2.0.295" --include_path="C:/ti/ccs1271/ccs/tools/compiler/ti-cgt-arm_20.2.7.LTS/include" --define=ccs="ccs" --define=PART_TM4C123GH6PM -g --gcc --diag_warning=225 --diag_wrap=off --display_error_number --abi=eabi --preproc_with_compile --preproc_dependency="main.d_raw"  "../main.c"
"..\handle_scan.h", line 24: warning #1-D: last line of file ends without a newline
"../main.c", line 99: warning #227-D: the format string ends before this argument
Finished building: "../main.c"
 
Building target: "lab_5.out"
Invoking: Arm Linker
"C:/ti/ccs1271/ccs/tools/compiler/ti-cgt-arm_20.2.7.LTS/bin/armcl" -mv7M4 --code_state=16 --float_support=FPv4SPD16 -me --define=ccs="ccs" --define=PART_TM4C123GH6PM -g --gcc --diag_warning=225 --diag_wrap=off --display_error_number --abi=eabi -z -m"lab_5.map" --heap_size=1024 --stack_size=2048 -i"C:/ti/ccs1271/ccs/tools/compiler/ti-cgt-arm_20.2.7.LTS/lib" -i"C:/ti/ccs1271/ccs/tools/compiler/ti-cgt-arm_20.2.7.LTS/include" --reread_libs --diag_wrap=off --display_error_number --warn_sections --xml_link_info="lab_5_linkInfo.xml" --rom_model -o "lab_5.out" "./Timer.obj" "./button.obj" "./handle_data.obj" "./handle_scan.obj" "./lcd.obj" "./main.obj" "./movement.obj" "./open_interface.obj" "./tm4c123gh6pm_startup_ccs.obj" "../libcybotScan.lib" "../libcybotUART.lib" "../tm4c123gh6pm.cmd"  -llibc.a -l"C:/ti/TivaWare_C_Series-2.2.0.295/driverlib/ccs/Debug/driverlib.lib" 
<Linking>
Finished building target: "lab_5.out"
 

**** Build Finished ****

**** Build of configuration Debug for project lab_5 ****

"C:\\ti\\ccs1271\\ccs\\utils\\bin\\gmake" -k -j 20 all -O 
 
Building file: "../main.c"
Invoking: Arm Compiler
"C:/ti/ccs1271/ccs/tools/compiler/ti-cgt-arm_20.2.7.LTS/bin/armcl" -mv7M4 --code_state=16 --float_support=FPv4SPD16 -me --include_path="U:/CprE288/lab_5" --include_path="C:/ti/TivaWare_C_Series-2.2.0.295" --include_path="C:/ti/ccs1271/ccs/tools/compiler/ti-cgt-arm_20.2.7.LTS/include" --define=ccs="ccs" --define=PART_TM4C123GH6PM -g --gcc --diag_warning=225 --diag_wrap=off --display_error_number --abi=eabi --preproc_with_compile --preproc_dependency="main.d_raw"  "../main.c"
"..\handle_scan.h", line 24: warning #1-D: last line of file ends without a newline
"../main.c", line 102: warning #227-D: the format string ends before this argument
Finished building: "../main.c"
 
Building target: "lab_5.out"
Invoking: Arm Linker
"C:/ti/ccs1271/ccs/tools/compiler/ti-cgt-arm_20.2.7.LTS/bin/armcl" -mv7M4 --code_state=16 --float_support=FPv4SPD16 -me --define=ccs="ccs" --define=PART_TM4C123GH6PM -g --gcc --diag_warning=225 --diag_wrap=off --display_error_number --abi=eabi -z -m"lab_5.map" --heap_size=1024 --stack_size=2048 -i"C:/ti/ccs1271/ccs/tools/compiler/ti-cgt-arm_20.2.7.LTS/lib" -i"C:/ti/ccs1271/ccs/tools/compiler/ti-cgt-arm_20.2.7.LTS/include" --reread_libs --diag_wrap=off --display_error_number --warn_sections --xml_link_info="lab_5_linkInfo.xml" --rom_model -o "lab_5.out" "./Timer.obj" "./button.obj" "./handle_data.obj" "./handle_scan.obj" "./lcd.obj" "./main.obj" "./movement.obj" "./open_interface.obj" "./tm4c123gh6pm_startup_ccs.obj" "../libcybotScan.lib" "../libcybotUART.lib" "../tm4c123gh6pm.cmd"  -llibc.a -l"C:/ti/TivaWare_C_Series-2.2.0.295/driverlib/ccs/Debug/driverlib.lib" 
<Linking>
Finished building target: "lab_5.out"
 

**** Build Finished ****

**** Build of configuration Debug for project lab_5 ****

"C:\\ti\\ccs1271\\ccs\\utils\\bin\\gmake" -k -j 20 all -O 
 
Building file: "../main.c"
Invoking: Arm Compiler
"C:/ti/ccs1271/ccs/tools/compiler/ti-cgt-arm_20.2.7.LTS/bin/armcl" -mv7M4 --code_state=16 --float_support=FPv4SPD16 -me --include_path="U:/CprE288/lab_5" --include_path="C:/ti/TivaWare_C_Series-2.2.0.295" --include_path="C:/ti/ccs1271/ccs/tools/compiler/ti-cgt-arm_20.2.7.LTS/include" --define=ccs="ccs" --define=PART_TM4C123GH6PM -g --gcc --diag_warning=225 --diag_wrap=off --display_error_number --abi=eabi --preproc_with_compile --preproc_dependency="main.d_raw"  "../main.c"
"..\handle_scan.h", line 24: warning #1-D: last line of file ends without a newline
"../main.c", line 99: warning #227-D: the format string ends before this argument
Finished building: "../main.c"
 
Building target: "lab_5.out"
Invoking: Arm Linker
"C:/ti/ccs1271/ccs/tools/compiler/ti-cgt-arm_20.2.7.LTS/bin/armcl" -mv7M4 --code_state=16 --float_support=FPv4SPD16 -me --define=ccs="ccs" --define=PART_TM4C123GH6PM -g --gcc --diag_warning=225 --diag_wrap=off --display_error_number --abi=eabi -z -m"lab_5.map" --heap_size=1024 --stack_size=2048 -i"C:/ti/ccs1271/ccs/tools/compiler/ti-cgt-arm_20.2.7.LTS/lib" -i"C:/ti/ccs1271/ccs/tools/compiler/ti-cgt-arm_20.2.7.LTS/include" --reread_libs --diag_wrap=off --display_error_number --warn_sections --xml_link_info="lab_5_linkInfo.xml" --rom_model -o "lab_5.out" "./Timer.obj" "./button.obj" "./handle_data.obj" "./handle_scan.obj" "./lcd.obj" "./main.obj" "./movement.obj" "./open_interface.obj" "./tm4c123gh6pm_startup_ccs.obj" "../libcybotScan.lib" "../libcybotUART.lib" "../tm4c123gh6pm.cmd"  -llibc.a -l"C:/ti/TivaWare_C_Series-2.2.0.295/driverlib/ccs/Debug/driverlib.lib" 
<Linking>
Finished building target: "lab_5.out"
 

**** Build Finished ****

**** Build of configuration Debug for project lab_5 ****

"C:\\ti\\ccs1271\\ccs\\utils\\bin\\gmake" -k -j 20 all -O 
 
Building file: "../handle_data.c"
Invoking: Arm Compiler
"C:/ti/ccs1271/ccs/tools/compiler/ti-cgt-arm_20.2.7.LTS/bin/armcl" -mv7M4 --code_state=16 --float_support=FPv4SPD16 -me --include_path="U:/CprE288/lab_5" --include_path="C:/ti/TivaWare_C_Series-2.2.0.295" --include_path="C:/ti/ccs1271/ccs/tools/compiler/ti-cgt-arm_20.2.7.LTS/include" --define=ccs="ccs" --define=PART_TM4C123GH6PM -g --gcc --diag_warning=225 --diag_wrap=off --display_error_number --abi=eabi --preproc_with_compile --preproc_dependency="handle_data.d_raw"  "../handle_data.c"
"../handle_data.c", line 18: warning #552-D: variable "deg" was set but never used
"../handle_data.c", line 19: warning #552-D: variable "pre" was set but never used
"../handle_data.c", line 19: warning #552-D: variable "nxt" was set but never used
"../handle_data.c", line 20: warning #179-D: variable "pre_dt" was declared but never referenced
"../handle_data.c", line 20: warning #179-D: variable "nxt_dt" was declared but never referenced
"../handle_data.c", line 210: warning #225-D: function "cyBot_sendByte" declared implicitly
Finished building: "../handle_data.c"
 
Building file: "../handle_scan.c"
Invoking: Arm Compiler
"C:/ti/ccs1271/ccs/tools/compiler/ti-cgt-arm_20.2.7.LTS/bin/armcl" -mv7M4 --code_state=16 --float_support=FPv4SPD16 -me --include_path="U:/CprE288/lab_5" --include_path="C:/ti/TivaWare_C_Series-2.2.0.295" --include_path="C:/ti/ccs1271/ccs/tools/compiler/ti-cgt-arm_20.2.7.LTS/include" --define=ccs="ccs" --define=PART_TM4C123GH6PM -g --gcc --diag_warning=225 --diag_wrap=off --display_error_number --abi=eabi --preproc_with_compile --preproc_dependency="handle_scan.d_raw"  "../handle_scan.c"
"..\handle_scan.h", line 24: warning #1-D: last line of file ends without a newline
Finished building: "../handle_scan.c"
 
Building file: "../main.c"
Invoking: Arm Compiler
"C:/ti/ccs1271/ccs/tools/compiler/ti-cgt-arm_20.2.7.LTS/bin/armcl" -mv7M4 --code_state=16 --float_support=FPv4SPD16 -me --include_path="U:/CprE288/lab_5" --include_path="C:/ti/TivaWare_C_Series-2.2.0.295" --include_path="C:/ti/ccs1271/ccs/tools/compiler/ti-cgt-arm_20.2.7.LTS/include" --define=ccs="ccs" --define=PART_TM4C123GH6PM -g --gcc --diag_warning=225 --diag_wrap=off --display_error_number --abi=eabi --preproc_with_compile --preproc_dependency="main.d_raw"  "../main.c"
"..\handle_scan.h", line 24: warning #1-D: last line of file ends without a newline
"../main.c", line 99: warning #227-D: the format string ends before this argument
Finished building: "../main.c"
 
Building file: "../movement.c"
Invoking: Arm Compiler
"C:/ti/ccs1271/ccs/tools/compiler/ti-cgt-arm_20.2.7.LTS/bin/armcl" -mv7M4 --code_state=16 --float_support=FPv4SPD16 -me --include_path="U:/CprE288/lab_5" --include_path="C:/ti/TivaWare_C_Series-2.2.0.295" --include_path="C:/ti/ccs1271/ccs/tools/compiler/ti-cgt-arm_20.2.7.LTS/include" --define=ccs="ccs" --define=PART_TM4C123GH6PM -g --gcc --diag_warning=225 --diag_wrap=off --display_error_number --abi=eabi --preproc_with_compile --preproc_dependency="movement.d_raw"  "../movement.c"
Finished building: "../movement.c"
 
Building target: "lab_5.out"
Invoking: Arm Linker
"C:/ti/ccs1271/ccs/tools/compiler/ti-cgt-arm_20.2.7.LTS/bin/armcl" -mv7M4 --code_state=16 --float_support=FPv4SPD16 -me --define=ccs="ccs" --define=PART_TM4C123GH6PM -g --gcc --diag_warning=225 --diag_wrap=off --display_error_number --abi=eabi -z -m"lab_5.map" --heap_size=1024 --stack_size=2048 -i"C:/ti/ccs1271/ccs/tools/compiler/ti-cgt-arm_20.2.7.LTS/lib" -i"C:/ti/ccs1271/ccs/tools/compiler/ti-cgt-arm_20.2.7.LTS/include" --reread_libs --diag_wrap=off --display_error_number --warn_sections --xml_link_info="lab_5_linkInfo.xml" --rom_model -o "lab_5.out" "./Timer.obj" "./button.obj" "./handle_data.obj" "./handle_scan.obj" "./lcd.obj" "./main.obj" "./movement.obj" "./open_interface.obj" "./tm4c123gh6pm_startup_ccs.obj" "../libcybotScan.lib" "../libcybotUART.lib" "../tm4c123gh6pm.cmd"  -llibc.a -l"C:/ti/TivaWare_C_Series-2.2.0.295/driverlib/ccs/Debug/driverlib.lib" 
<Linking>
Finished building target: "lab_5.out"
 

**** Build Finished ****

**** Build of configuration Debug for project lab_5 ****

"C:\\ti\\ccs1271\\ccs\\utils\\bin\\gmake" -k -j 20 all -O 
 
Building file: "../button.c"
Invoking: Arm Compiler
"C:/ti/ccs1271/ccs/tools/compiler/ti-cgt-arm_20.2.7.LTS/bin/armcl" -mv7M4 --code_state=16 --float_support=FPv4SPD16 -me --include_path="U:/CprE288/lab_5" --include_path="C:/ti/TivaWare_C_Series-2.2.0.295" --include_path="C:/ti/ccs1271/ccs/tools/compiler/ti-cgt-arm_20.2.7.LTS/include" --define=ccs="ccs" --define=PART_TM4C123GH6PM -g --gcc --diag_warning=225 --diag_wrap=off --display_error_number --abi=eabi --preproc_with_compile --preproc_dependency="button.d_raw"  "../button.c"
Finished building: "../button.c"
 
Building file: "../handle_scan.c"
Invoking: Arm Compiler
"C:/ti/ccs1271/ccs/tools/compiler/ti-cgt-arm_20.2.7.LTS/bin/armcl" -mv7M4 --code_state=16 --float_support=FPv4SPD16 -me --include_path="U:/CprE288/lab_5" --include_path="C:/ti/TivaWare_C_Series-2.2.0.295" --include_path="C:/ti/ccs1271/ccs/tools/compiler/ti-cgt-arm_20.2.7.LTS/include" --define=ccs="ccs" --define=PART_TM4C123GH6PM -g --gcc --diag_warning=225 --diag_wrap=off --display_error_number --abi=eabi --preproc_with_compile --preproc_dependency="handle_scan.d_raw"  "../handle_scan.c"
"..\handle_scan.h", line 24: warning #1-D: last line of file ends without a newline
Finished building: "../handle_scan.c"
 
Building file: "../handle_data.c"
Invoking: Arm Compiler
"C:/ti/ccs1271/ccs/tools/compiler/ti-cgt-arm_20.2.7.LTS/bin/armcl" -mv7M4 --code_state=16 --float_support=FPv4SPD16 -me --include_path="U:/CprE288/lab_5" --include_path="C:/ti/TivaWare_C_Series-2.2.0.295" --include_path="C:/ti/ccs1271/ccs/tools/compiler/ti-cgt-arm_20.2.7.LTS/include" --define=ccs="ccs" --define=PART_TM4C123GH6PM -g --gcc --diag_warning=225 --diag_wrap=off --display_error_number --abi=eabi --preproc_with_compile --preproc_dependency="handle_data.d_raw"  "../handle_data.c"
"../handle_data.c", line 18: warning #552-D: variable "deg" was set but never used
"../handle_data.c", line 19: warning #552-D: variable "pre" was set but never used
"../handle_data.c", line 19: warning #552-D: variable "nxt" was set but never used
"../handle_data.c", line 20: warning #179-D: variable "pre_dt" was declared but never referenced
"../handle_data.c", line 20: warning #179-D: variable "nxt_dt" was declared but never referenced
"../handle_data.c", line 208: warning #225-D: function "cyBot_sendByte" declared implicitly
Finished building: "../handle_data.c"
 
Building file: "../main.c"
Invoking: Arm Compiler
"C:/ti/ccs1271/ccs/tools/compiler/ti-cgt-arm_20.2.7.LTS/bin/armcl" -mv7M4 --code_state=16 --float_support=FPv4SPD16 -me --include_path="U:/CprE288/lab_5" --include_path="C:/ti/TivaWare_C_Series-2.2.0.295" --include_path="C:/ti/ccs1271/ccs/tools/compiler/ti-cgt-arm_20.2.7.LTS/include" --define=ccs="ccs" --define=PART_TM4C123GH6PM -g --gcc --diag_warning=225 --diag_wrap=off --display_error_number --abi=eabi --preproc_with_compile --preproc_dependency="main.d_raw"  "../main.c"
"..\handle_scan.h", line 24: warning #1-D: last line of file ends without a newline
"../main.c", line 131: warning #169-D: argument of type "SensorData_t **" is incompatible with parameter of type "struct SensorData *"
"../main.c", line 136: warning #169-D: argument of type "SensorData_t **" is incompatible with parameter of type "struct SensorData *"
"../main.c", line 138: warning #169-D: argument of type "SensorData_t **" is incompatible with parameter of type "SensorData_t *"
"../main.c", line 142: warning #169-D: argument of type "SensorData_t **" is incompatible with parameter of type "struct SensorData *"
"../main.c", line 145: warning #169-D: argument of type "SensorData_t **" is incompatible with parameter of type "SensorData_t *"
"../main.c", line 145: warning #169-D: argument of type "ObjectInfo_t **" is incompatible with parameter of type "ObjectInfo_t *"
"../main.c", line 148: warning #169-D: argument of type "ObjectInfo_t **" is incompatible with parameter of type "ObjectInfo_t *"
"../main.c", line 150: warning #169-D: argument of type "ObjectInfo_t **" is incompatible with parameter of type "ObjectInfo_t *"
"../main.c", line 165: warning #227-D: the format string ends before this argument
"../main.c", line 19: warning #179-D: variable "target_position" was declared but never referenced
Finished building: "../main.c"
 
Building file: "../open_interface.c"
Invoking: Arm Compiler
"C:/ti/ccs1271/ccs/tools/compiler/ti-cgt-arm_20.2.7.LTS/bin/armcl" -mv7M4 --code_state=16 --float_support=FPv4SPD16 -me --include_path="U:/CprE288/lab_5" --include_path="C:/ti/TivaWare_C_Series-2.2.0.295" --include_path="C:/ti/ccs1271/ccs/tools/compiler/ti-cgt-arm_20.2.7.LTS/include" --define=ccs="ccs" --define=PART_TM4C123GH6PM -g --gcc --diag_warning=225 --diag_wrap=off --display_error_number --abi=eabi --preproc_with_compile --preproc_dependency="open_interface.d_raw"  "../open_interface.c"
"../open_interface.c", line 356: warning #179-D: variable "charging_state" was declared but never referenced
Finished building: "../open_interface.c"
 
Building file: "../movement.c"
Invoking: Arm Compiler
"C:/ti/ccs1271/ccs/tools/compiler/ti-cgt-arm_20.2.7.LTS/bin/armcl" -mv7M4 --code_state=16 --float_support=FPv4SPD16 -me --include_path="U:/CprE288/lab_5" --include_path="C:/ti/TivaWare_C_Series-2.2.0.295" --include_path="C:/ti/ccs1271/ccs/tools/compiler/ti-cgt-arm_20.2.7.LTS/include" --define=ccs="ccs" --define=PART_TM4C123GH6PM -g --gcc --diag_warning=225 --diag_wrap=off --display_error_number --abi=eabi --preproc_with_compile --preproc_dependency="movement.d_raw"  "../movement.c"
"../movement.c", line 115: warning #225-D: function "getLeftEncoder" declared implicitly
"../movement.c", line 116: warning #225-D: function "getRightEncoder" declared implicitly
"../movement.c", line 50: warning #552-D: variable "target_pos" was set but never used
Finished building: "../movement.c"
 
Building target: "lab_5.out"
Invoking: Arm Linker
"C:/ti/ccs1271/ccs/tools/compiler/ti-cgt-arm_20.2.7.LTS/bin/armcl" -mv7M4 --code_state=16 --float_support=FPv4SPD16 -me --define=ccs="ccs" --define=PART_TM4C123GH6PM -g --gcc --diag_warning=225 --diag_wrap=off --display_error_number --abi=eabi -z -m"lab_5.map" --heap_size=1024 --stack_size=2048 -i"C:/ti/ccs1271/ccs/tools/compiler/ti-cgt-arm_20.2.7.LTS/lib" -i"C:/ti/ccs1271/ccs/tools/compiler/ti-cgt-arm_20.2.7.LTS/include" --reread_libs --diag_wrap=off --display_error_number --warn_sections --xml_link_info="lab_5_linkInfo.xml" --rom_model -o "lab_5.out" "./Timer.obj" "./button.obj" "./handle_data.obj" "./handle_scan.obj" "./lcd.obj" "./main.obj" "./movement.obj" "./open_interface.obj" "./tm4c123gh6pm_startup_ccs.obj" "../libcybotScan.lib" "../libcybotUART.lib" "../tm4c123gh6pm.cmd"  -llibc.a -l"C:/ti/TivaWare_C_Series-2.2.0.295/driverlib/ccs/Debug/driverlib.lib" 
<Linking>
 
 undefined       first referenced
 
  symbol             in file     
>> Compilation failure
makefile:146: recipe for target 'lab_5.out' failed
 ---------       ----------------
 getLeftEncoder  ./movement.obj  
 getRightEncoder ./movement.obj  
 
error #10234-D: unresolved symbols remain
error #10010: errors encountered during linking; "lab_5.out" not built
gmake[1]: *** [lab_5.out] Error 1
gmake: *** [all] Error 2
makefile:142: recipe for target 'all' failed

**** Build Finished ****

**** Build of configuration Debug for project lab_5 ****

"C:\\ti\\ccs1271\\ccs\\utils\\bin\\gmake" -k -j 20 all -O 
 
Building file: "../movement.c"
Invoking: Arm Compiler
"C:/ti/ccs1271/ccs/tools/compiler/ti-cgt-arm_20.2.7.LTS/bin/armcl" -mv7M4 --code_state=16 --float_support=FPv4SPD16 -me --include_path="U:/CprE288/lab_5" --include_path="C:/ti/TivaWare_C_Series-2.2.0.295" --include_path="C:/ti/ccs1271/ccs/tools/compiler/ti-cgt-arm_20.2.7.LTS/include" --define=ccs="ccs" --define=PART_TM4C123GH6PM -g --gcc --diag_warning=225 --diag_wrap=off --display_error_number --abi=eabi --preproc_with_compile --preproc_dependency="movement.d_raw"  "../movement.c"
 
>> Compilation failure
subdir_rules.mk:9: recipe for target 'movement.obj' failed
"../movement.c", line 110: error #20: identifier "target_pos" is undefined
"../movement.c", line 252: error #20: identifier "target_pos" is undefined
2 errors detected in the compilation of "../movement.c".
gmake: *** [movement.obj] Error 1
gmake: Target 'all' not remade because of errors.

**** Build Finished ****

**** Build of configuration Debug for project lab_5 ****

"C:\\ti\\ccs1271\\ccs\\utils\\bin\\gmake" -k -j 20 all -O 
 
Building file: "../movement.c"
Invoking: Arm Compiler
"C:/ti/ccs1271/ccs/tools/compiler/ti-cgt-arm_20.2.7.LTS/bin/armcl" -mv7M4 --code_state=16 --float_support=FPv4SPD16 -me --include_path="U:/CprE288/lab_5" --include_path="C:/ti/TivaWare_C_Series-2.2.0.295" --include_path="C:/ti/ccs1271/ccs/tools/compiler/ti-cgt-arm_20.2.7.LTS/include" --define=ccs="ccs" --define=PART_TM4C123GH6PM -g --gcc --diag_warning=225 --diag_wrap=off --display_error_number --abi=eabi --preproc_with_compile --preproc_dependency="movement.d_raw"  "../movement.c"
"../movement.c", line 50: warning #552-D: variable "target_pos" was set but never used
Finished building: "../movement.c"
 
Building target: "lab_5.out"
Invoking: Arm Linker
"C:/ti/ccs1271/ccs/tools/compiler/ti-cgt-arm_20.2.7.LTS/bin/armcl" -mv7M4 --code_state=16 --float_support=FPv4SPD16 -me --define=ccs="ccs" --define=PART_TM4C123GH6PM -g --gcc --diag_warning=225 --diag_wrap=off --display_error_number --abi=eabi -z -m"lab_5.map" --heap_size=1024 --stack_size=2048 -i"C:/ti/ccs1271/ccs/tools/compiler/ti-cgt-arm_20.2.7.LTS/lib" -i"C:/ti/ccs1271/ccs/tools/compiler/ti-cgt-arm_20.2.7.LTS/include" --reread_libs --diag_wrap=off --display_error_number --warn_sections --xml_link_info="lab_5_linkInfo.xml" --rom_model -o "lab_5.out" "./Timer.obj" "./button.obj" "./handle_data.obj" "./handle_scan.obj" "./lcd.obj" "./main.obj" "./movement.obj" "./open_interface.obj" "./tm4c123gh6pm_startup_ccs.obj" "../libcybotScan.lib" "../libcybotUART.lib" "../tm4c123gh6pm.cmd"  -llibc.a -l"C:/ti/TivaWare_C_Series-2.2.0.295/driverlib/ccs/Debug/driverlib.lib" 
<Linking>
Finished building target: "lab_5.out"
 

**** Build Finished ****

**** Build of configuration Debug for project lab_5 ****

"C:\\ti\\ccs1271\\ccs\\utils\\bin\\gmake" -k -j 20 all -O 
 
gmake[1]: 'lab_5.out' is up to date.

**** Build Finished ****

**** Build of configuration Debug for project lab_5 ****

"C:\\ti\\ccs1271\\ccs\\utils\\bin\\gmake" -k -j 20 all -O 
 
Building file: "../main.c"
Invoking: Arm Compiler
"C:/ti/ccs1271/ccs/tools/compiler/ti-cgt-arm_20.2.7.LTS/bin/armcl" -mv7M4 --code_state=16 --float_support=FPv4SPD16 -me --include_path="U:/CprE288/lab_5" --include_path="C:/ti/TivaWare_C_Series-2.2.0.295" --include_path="C:/ti/ccs1271/ccs/tools/compiler/ti-cgt-arm_20.2.7.LTS/include" --define=ccs="ccs" --define=PART_TM4C123GH6PM -g --gcc --diag_warning=225 --diag_wrap=off --display_error_number --abi=eabi --preproc_with_compile --preproc_dependency="main.d_raw"  "../main.c"
"..\handle_scan.h", line 24: warning #1-D: last line of file ends without a newline
"../main.c", line 75: warning #169-D: argument of type "char" is incompatible with parameter of type "const char *__restrict__"
"../main.c", line 134: warning #169-D: argument of type "SensorData_t **" is incompatible with parameter of type "struct SensorData *"
"../main.c", line 139: warning #169-D: argument of type "SensorData_t **" is incompatible with parameter of type "struct SensorData *"
"../main.c", line 141: warning #169-D: argument of type "SensorData_t **" is incompatible with parameter of type "SensorData_t *"
"../main.c", line 145: warning #169-D: argument of type "SensorData_t **" is incompatible with parameter of type "struct SensorData *"
"../main.c", line 148: warning #169-D: argument of type "SensorData_t **" is incompatible with parameter of type "SensorData_t *"
"../main.c", line 148: warning #169-D: argument of type "ObjectInfo_t **" is incompatible with parameter of type "ObjectInfo_t *"
"../main.c", line 151: warning #169-D: argument of type "ObjectInfo_t **" is incompatible with parameter of type "ObjectInfo_t *"
"../main.c", line 153: warning #169-D: argument of type "ObjectInfo_t **" is incompatible with parameter of type "ObjectInfo_t *"
"../main.c", line 168: warning #227-D: the format string ends before this argument
"../main.c", line 19: warning #179-D: variable "target_position" was declared but never referenced
Finished building: "../main.c"
 
Building target: "lab_5.out"
Invoking: Arm Linker
"C:/ti/ccs1271/ccs/tools/compiler/ti-cgt-arm_20.2.7.LTS/bin/armcl" -mv7M4 --code_state=16 --float_support=FPv4SPD16 -me --define=ccs="ccs" --define=PART_TM4C123GH6PM -g --gcc --diag_warning=225 --diag_wrap=off --display_error_number --abi=eabi -z -m"lab_5.map" --heap_size=1024 --stack_size=2048 -i"C:/ti/ccs1271/ccs/tools/compiler/ti-cgt-arm_20.2.7.LTS/lib" -i"C:/ti/ccs1271/ccs/tools/compiler/ti-cgt-arm_20.2.7.LTS/include" --reread_libs --diag_wrap=off --display_error_number --warn_sections --xml_link_info="lab_5_linkInfo.xml" --rom_model -o "lab_5.out" "./Timer.obj" "./button.obj" "./handle_data.obj" "./handle_scan.obj" "./lcd.obj" "./main.obj" "./movement.obj" "./open_interface.obj" "./tm4c123gh6pm_startup_ccs.obj" "../libcybotScan.lib" "../libcybotUART.lib" "../tm4c123gh6pm.cmd"  -llibc.a -l"C:/ti/TivaWare_C_Series-2.2.0.295/driverlib/ccs/Debug/driverlib.lib" 
<Linking>
Finished building target: "lab_5.out"
 

**** Build Finished ****

**** Build of configuration Debug for project lab_5 ****

"C:\\ti\\ccs1271\\ccs\\utils\\bin\\gmake" -k -j 20 all -O 
 
Building file: "../main.c"
Invoking: Arm Compiler
"C:/ti/ccs1271/ccs/tools/compiler/ti-cgt-arm_20.2.7.LTS/bin/armcl" -mv7M4 --code_state=16 --float_support=FPv4SPD16 -me --include_path="U:/CprE288/lab_5" --include_path="C:/ti/TivaWare_C_Series-2.2.0.295" --include_path="C:/ti/ccs1271/ccs/tools/compiler/ti-cgt-arm_20.2.7.LTS/include" --define=ccs="ccs" --define=PART_TM4C123GH6PM -g --gcc --diag_warning=225 --diag_wrap=off --display_error_number --abi=eabi --preproc_with_compile --preproc_dependency="main.d_raw"  "../main.c"
"..\handle_scan.h", line 24: warning #1-D: last line of file ends without a newline
"../main.c", line 134: warning #169-D: argument of type "SensorData_t **" is incompatible with parameter of type "struct SensorData *"
"../main.c", line 139: warning #169-D: argument of type "SensorData_t **" is incompatible with parameter of type "struct SensorData *"
"../main.c", line 141: warning #169-D: argument of type "SensorData_t **" is incompatible with parameter of type "SensorData_t *"
"../main.c", line 145: warning #169-D: argument of type "SensorData_t **" is incompatible with parameter of type "struct SensorData *"
"../main.c", line 148: warning #169-D: argument of type "SensorData_t **" is incompatible with parameter of type "SensorData_t *"
"../main.c", line 148: warning #169-D: argument of type "ObjectInfo_t **" is incompatible with parameter of type "ObjectInfo_t *"
"../main.c", line 151: warning #169-D: argument of type "ObjectInfo_t **" is incompatible with parameter of type "ObjectInfo_t *"
"../main.c", line 153: warning #169-D: argument of type "ObjectInfo_t **" is incompatible with parameter of type "ObjectInfo_t *"
"../main.c", line 168: warning #227-D: the format string ends before this argument
"../main.c", line 19: warning #179-D: variable "target_position" was declared but never referenced
Finished building: "../main.c"
 
Building target: "lab_5.out"
Invoking: Arm Linker
"C:/ti/ccs1271/ccs/tools/compiler/ti-cgt-arm_20.2.7.LTS/bin/armcl" -mv7M4 --code_state=16 --float_support=FPv4SPD16 -me --define=ccs="ccs" --define=PART_TM4C123GH6PM -g --gcc --diag_warning=225 --diag_wrap=off --display_error_number --abi=eabi -z -m"lab_5.map" --heap_size=1024 --stack_size=2048 -i"C:/ti/ccs1271/ccs/tools/compiler/ti-cgt-arm_20.2.7.LTS/lib" -i"C:/ti/ccs1271/ccs/tools/compiler/ti-cgt-arm_20.2.7.LTS/include" --reread_libs --diag_wrap=off --display_error_number --warn_sections --xml_link_info="lab_5_linkInfo.xml" --rom_model -o "lab_5.out" "./Timer.obj" "./button.obj" "./handle_data.obj" "./handle_scan.obj" "./lcd.obj" "./main.obj" "./movement.obj" "./open_interface.obj" "./tm4c123gh6pm_startup_ccs.obj" "../libcybotScan.lib" "../libcybotUART.lib" "../tm4c123gh6pm.cmd"  -llibc.a -l"C:/ti/TivaWare_C_Series-2.2.0.295/driverlib/ccs/Debug/driverlib.lib" 
<Linking>
Finished building target: "lab_5.out"
 

**** Build Finished ****

**** Build of configuration Debug for project lab_5 ****

"C:\\ti\\ccs1271\\ccs\\utils\\bin\\gmake" -k -j 20 all -O 
 
Building file: "../main.c"
Invoking: Arm Compiler
"C:/ti/ccs1271/ccs/tools/compiler/ti-cgt-arm_20.2.7.LTS/bin/armcl" -mv7M4 --code_state=16 --float_support=FPv4SPD16 -me --include_path="U:/CprE288/lab_5" --include_path="C:/ti/TivaWare_C_Series-2.2.0.295" --include_path="C:/ti/ccs1271/ccs/tools/compiler/ti-cgt-arm_20.2.7.LTS/include" --define=ccs="ccs" --define=PART_TM4C123GH6PM -g --gcc --diag_warning=225 --diag_wrap=off --display_error_number --abi=eabi --preproc_with_compile --preproc_dependency="main.d_raw"  "../main.c"
 
>> Compilation failure
subdir_rules.mk:9: recipe for target 'main.obj' failed
"..\handle_scan.h", line 24: warning #1-D: last line of file ends without a newline
"../main.c", line 120: error #29: expected an expression
"../main.c", line 137: warning #169-D: argument of type "SensorData_t **" is incompatible with parameter of type "struct SensorData *"
"../main.c", line 142: warning #169-D: argument of type "SensorData_t **" is incompatible with parameter of type "struct SensorData *"
"../main.c", line 144: warning #169-D: argument of type "SensorData_t **" is incompatible with parameter of type "SensorData_t *"
"../main.c", line 148: warning #169-D: argument of type "SensorData_t **" is incompatible with parameter of type "struct SensorData *"
"../main.c", line 151: warning #169-D: argument of type "SensorData_t **" is incompatible with parameter of type "SensorData_t *"
"../main.c", line 151: warning #169-D: argument of type "ObjectInfo_t **" is incompatible with parameter of type "ObjectInfo_t *"
"../main.c", line 154: warning #169-D: argument of type "ObjectInfo_t **" is incompatible with parameter of type "ObjectInfo_t *"
"../main.c", line 156: warning #169-D: argument of type "ObjectInfo_t **" is incompatible with parameter of type "ObjectInfo_t *"
"../main.c", line 171: warning #227-D: the format string ends before this argument
"../main.c", line 19: warning #179-D: variable "target_position" was declared but never referenced
1 error detected in the compilation of "../main.c".
gmake: *** [main.obj] Error 1
gmake: Target 'all' not remade because of errors.

**** Build Finished ****

**** Build of configuration Debug for project lab_5 ****

"C:\\ti\\ccs1271\\ccs\\utils\\bin\\gmake" -k -j 20 all -O 
 
Building file: "../handle_scan.c"
Invoking: Arm Compiler
"C:/ti/ccs1271/ccs/tools/compiler/ti-cgt-arm_20.2.7.LTS/bin/armcl" -mv7M4 --code_state=16 --float_support=FPv4SPD16 -me --include_path="U:/CprE288/lab_5" --include_path="C:/ti/TivaWare_C_Series-2.2.0.295" --include_path="C:/ti/ccs1271/ccs/tools/compiler/ti-cgt-arm_20.2.7.LTS/include" --define=ccs="ccs" --define=PART_TM4C123GH6PM -g --gcc --diag_warning=225 --diag_wrap=off --display_error_number --abi=eabi --preproc_with_compile --preproc_dependency="handle_scan.d_raw"  "../handle_scan.c"
Finished building: "../handle_scan.c"
 
Building file: "../main.c"
Invoking: Arm Compiler
"C:/ti/ccs1271/ccs/tools/compiler/ti-cgt-arm_20.2.7.LTS/bin/armcl" -mv7M4 --code_state=16 --float_support=FPv4SPD16 -me --include_path="U:/CprE288/lab_5" --include_path="C:/ti/TivaWare_C_Series-2.2.0.295" --include_path="C:/ti/ccs1271/ccs/tools/compiler/ti-cgt-arm_20.2.7.LTS/include" --define=ccs="ccs" --define=PART_TM4C123GH6PM -g --gcc --diag_warning=225 --diag_wrap=off --display_error_number --abi=eabi --preproc_with_compile --preproc_dependency="main.d_raw"  "../main.c"
"../main.c", line 137: warning #169-D: argument of type "SensorData_t **" is incompatible with parameter of type "SensorData_t *"
"../main.c", line 142: warning #169-D: argument of type "SensorData_t **" is incompatible with parameter of type "SensorData_t *"
"../main.c", line 144: warning #169-D: argument of type "SensorData_t **" is incompatible with parameter of type "SensorData_t *"
"../main.c", line 148: warning #169-D: argument of type "SensorData_t **" is incompatible with parameter of type "SensorData_t *"
"../main.c", line 151: warning #169-D: argument of type "SensorData_t **" is incompatible with parameter of type "SensorData_t *"
"../main.c", line 151: warning #169-D: argument of type "ObjectInfo_t **" is incompatible with parameter of type "ObjectInfo_t *"
"../main.c", line 154: warning #169-D: argument of type "ObjectInfo_t **" is incompatible with parameter of type "ObjectInfo_t *"
"../main.c", line 156: warning #169-D: argument of type "ObjectInfo_t **" is incompatible with parameter of type "ObjectInfo_t *"
"../main.c", line 171: warning #227-D: the format string ends before this argument
"../main.c", line 19: warning #179-D: variable "target_position" was declared but never referenced
Finished building: "../main.c"
 
Building target: "lab_5.out"
Invoking: Arm Linker
"C:/ti/ccs1271/ccs/tools/compiler/ti-cgt-arm_20.2.7.LTS/bin/armcl" -mv7M4 --code_state=16 --float_support=FPv4SPD16 -me --define=ccs="ccs" --define=PART_TM4C123GH6PM -g --gcc --diag_warning=225 --diag_wrap=off --display_error_number --abi=eabi -z -m"lab_5.map" --heap_size=1024 --stack_size=2048 -i"C:/ti/ccs1271/ccs/tools/compiler/ti-cgt-arm_20.2.7.LTS/lib" -i"C:/ti/ccs1271/ccs/tools/compiler/ti-cgt-arm_20.2.7.LTS/include" --reread_libs --diag_wrap=off --display_error_number --warn_sections --xml_link_info="lab_5_linkInfo.xml" --rom_model -o "lab_5.out" "./Timer.obj" "./button.obj" "./handle_data.obj" "./handle_scan.obj" "./lcd.obj" "./main.obj" "./movement.obj" "./open_interface.obj" "./tm4c123gh6pm_startup_ccs.obj" "../libcybotScan.lib" "../libcybotUART.lib" "../tm4c123gh6pm.cmd"  -llibc.a -l"C:/ti/TivaWare_C_Series-2.2.0.295/driverlib/ccs/Debug/driverlib.lib" 
<Linking>
Finished building target: "lab_5.out"
 

**** Build Finished ****

**** Build of configuration Debug for project lab_5 ****

"C:\\ti\\ccs1271\\ccs\\utils\\bin\\gmake" -k -j 20 all -O 
 
Building file: "../main.c"
Invoking: Arm Compiler
"C:/ti/ccs1271/ccs/tools/compiler/ti-cgt-arm_20.2.7.LTS/bin/armcl" -mv7M4 --code_state=16 --float_support=FPv4SPD16 -me --include_path="U:/CprE288/lab_5" --include_path="C:/ti/TivaWare_C_Series-2.2.0.295" --include_path="C:/ti/ccs1271/ccs/tools/compiler/ti-cgt-arm_20.2.7.LTS/include" --define=ccs="ccs" --define=PART_TM4C123GH6PM -g --gcc --diag_warning=225 --diag_wrap=off --display_error_number --abi=eabi --preproc_with_compile --preproc_dependency="main.d_raw"  "../main.c"
 
>> Compilation failure
subdir_rules.mk:9: recipe for target 'main.obj' failed
"../main.c", line 167: error #45: expression must have pointer type
"../main.c", line 170: error #45: expression must have pointer type
"../main.c", line 181: warning #227-D: the format string ends before this argument
"../main.c", line 20: warning #179-D: variable "target_position" was declared but never referenced
2 errors detected in the compilation of "../main.c".
gmake: *** [main.obj] Error 1
gmake: Target 'all' not remade because of errors.

**** Build Finished ****

**** Build of configuration Debug for project lab_5 ****

"C:\\ti\\ccs1271\\ccs\\utils\\bin\\gmake" -k -j 20 all -O 
 
Building file: "../main.c"
Invoking: Arm Compiler
"C:/ti/ccs1271/ccs/tools/compiler/ti-cgt-arm_20.2.7.LTS/bin/armcl" -mv7M4 --code_state=16 --float_support=FPv4SPD16 -me --include_path="U:/CprE288/lab_5" --include_path="C:/ti/TivaWare_C_Series-2.2.0.295" --include_path="C:/ti/ccs1271/ccs/tools/compiler/ti-cgt-arm_20.2.7.LTS/include" --define=ccs="ccs" --define=PART_TM4C123GH6PM -g --gcc --diag_warning=225 --diag_wrap=off --display_error_number --abi=eabi --preproc_with_compile --preproc_dependency="main.d_raw"  "../main.c"
"../main.c", line 20: warning #179-D: variable "target_position" was declared but never referenced
Finished building: "../main.c"
 
Building target: "lab_5.out"
Invoking: Arm Linker
"C:/ti/ccs1271/ccs/tools/compiler/ti-cgt-arm_20.2.7.LTS/bin/armcl" -mv7M4 --code_state=16 --float_support=FPv4SPD16 -me --define=ccs="ccs" --define=PART_TM4C123GH6PM -g --gcc --diag_warning=225 --diag_wrap=off --display_error_number --abi=eabi -z -m"lab_5.map" --heap_size=1024 --stack_size=2048 -i"C:/ti/ccs1271/ccs/tools/compiler/ti-cgt-arm_20.2.7.LTS/lib" -i"C:/ti/ccs1271/ccs/tools/compiler/ti-cgt-arm_20.2.7.LTS/include" --reread_libs --diag_wrap=off --display_error_number --warn_sections --xml_link_info="lab_5_linkInfo.xml" --rom_model -o "lab_5.out" "./Timer.obj" "./button.obj" "./handle_data.obj" "./handle_scan.obj" "./lcd.obj" "./main.obj" "./movement.obj" "./open_interface.obj" "./tm4c123gh6pm_startup_ccs.obj" "../libcybotScan.lib" "../libcybotUART.lib" "../tm4c123gh6pm.cmd"  -llibc.a -l"C:/ti/TivaWare_C_Series-2.2.0.295/driverlib/ccs/Debug/driverlib.lib" 
<Linking>
Finished building target: "lab_5.out"
 

**** Build Finished ****

**** Build of configuration Debug for project lab_5 ****

"C:\\ti\\ccs1271\\ccs\\utils\\bin\\gmake" -k -j 20 all -O 
 
gmake[1]: 'lab_5.out' is up to date.

**** Build Finished ****

**** Build of configuration Debug for project lab_5 ****

"C:\\ti\\ccs1271\\ccs\\utils\\bin\\gmake" -k -j 20 all -O 
 
Building file: "../movement.c"
Invoking: Arm Compiler
"C:/ti/ccs1271/ccs/tools/compiler/ti-cgt-arm_20.2.7.LTS/bin/armcl" -mv7M4 --code_state=16 --float_support=FPv4SPD16 -me --include_path="U:/CprE288/lab_5" --include_path="C:/ti/TivaWare_C_Series-2.2.0.295" --include_path="C:/ti/ccs1271/ccs/tools/compiler/ti-cgt-arm_20.2.7.LTS/include" --define=ccs="ccs" --define=PART_TM4C123GH6PM -g --gcc --diag_warning=225 --diag_wrap=off --display_error_number --abi=eabi --preproc_with_compile --preproc_dependency="movement.d_raw"  "../movement.c"
"../movement.c", line 50: warning #552-D: variable "target_pos" was set but never used
Finished building: "../movement.c"
 
Building target: "lab_5.out"
Invoking: Arm Linker
"C:/ti/ccs1271/ccs/tools/compiler/ti-cgt-arm_20.2.7.LTS/bin/armcl" -mv7M4 --code_state=16 --float_support=FPv4SPD16 -me --define=ccs="ccs" --define=PART_TM4C123GH6PM -g --gcc --diag_warning=225 --diag_wrap=off --display_error_number --abi=eabi -z -m"lab_5.map" --heap_size=1024 --stack_size=2048 -i"C:/ti/ccs1271/ccs/tools/compiler/ti-cgt-arm_20.2.7.LTS/lib" -i"C:/ti/ccs1271/ccs/tools/compiler/ti-cgt-arm_20.2.7.LTS/include" --reread_libs --diag_wrap=off --display_error_number --warn_sections --xml_link_info="lab_5_linkInfo.xml" --rom_model -o "lab_5.out" "./Timer.obj" "./button.obj" "./handle_data.obj" "./handle_scan.obj" "./lcd.obj" "./main.obj" "./movement.obj" "./open_interface.obj" "./tm4c123gh6pm_startup_ccs.obj" "../libcybotScan.lib" "../libcybotUART.lib" "../tm4c123gh6pm.cmd"  -llibc.a -l"C:/ti/TivaWare_C_Series-2.2.0.295/driverlib/ccs/Debug/driverlib.lib" 
<Linking>
Finished building target: "lab_5.out"
 

**** Build Finished ****

**** Build of configuration Debug for project lab_5 ****

"C:\\ti\\ccs1271\\ccs\\utils\\bin\\gmake" -k -j 20 all -O 
 
gmake[1]: 'lab_5.out' is up to date.

**** Build Finished ****

**** Build of configuration Debug for project lab_5 ****

"C:\\ti\\ccs1271\\ccs\\utils\\bin\\gmake" -k -j 20 all -O 
 
gmake[1]: 'lab_5.out' is up to date.

**** Build Finished ****

**** Build of configuration Debug for project lab_5 ****

"C:\\ti\\ccs1271\\ccs\\utils\\bin\\gmake" -k -j 20 all -O 
 
Building file: "../main.c"
Invoking: Arm Compiler
"C:/ti/ccs1271/ccs/tools/compiler/ti-cgt-arm_20.2.7.LTS/bin/armcl" -mv7M4 --code_state=16 --float_support=FPv4SPD16 -me --include_path="U:/CprE288/lab_5" --include_path="C:/ti/TivaWare_C_Series-2.2.0.295" --include_path="C:/ti/ccs1271/ccs/tools/compiler/ti-cgt-arm_20.2.7.LTS/include" --define=ccs="ccs" --define=PART_TM4C123GH6PM -g --gcc --diag_warning=225 --diag_wrap=off --display_error_number --abi=eabi --preproc_with_compile --preproc_dependency="main.d_raw"  "../main.c"
Finished building: "../main.c"
 
Building file: "../movement.c"
Invoking: Arm Compiler
"C:/ti/ccs1271/ccs/tools/compiler/ti-cgt-arm_20.2.7.LTS/bin/armcl" -mv7M4 --code_state=16 --float_support=FPv4SPD16 -me --include_path="U:/CprE288/lab_5" --include_path="C:/ti/TivaWare_C_Series-2.2.0.295" --include_path="C:/ti/ccs1271/ccs/tools/compiler/ti-cgt-arm_20.2.7.LTS/include" --define=ccs="ccs" --define=PART_TM4C123GH6PM -g --gcc --diag_warning=225 --diag_wrap=off --display_error_number --abi=eabi --preproc_with_compile --preproc_dependency="movement.d_raw"  "../movement.c"
Finished building: "../movement.c"
 
Building target: "lab_5.out"
Invoking: Arm Linker
"C:/ti/ccs1271/ccs/tools/compiler/ti-cgt-arm_20.2.7.LTS/bin/armcl" -mv7M4 --code_state=16 --float_support=FPv4SPD16 -me --define=ccs="ccs" --define=PART_TM4C123GH6PM -g --gcc --diag_warning=225 --diag_wrap=off --display_error_number --abi=eabi -z -m"lab_5.map" --heap_size=1024 --stack_size=2048 -i"C:/ti/ccs1271/ccs/tools/compiler/ti-cgt-arm_20.2.7.LTS/lib" -i"C:/ti/ccs1271/ccs/tools/compiler/ti-cgt-arm_20.2.7.LTS/include" --reread_libs --diag_wrap=off --display_error_number --warn_sections --xml_link_info="lab_5_linkInfo.xml" --rom_model -o "lab_5.out" "./Timer.obj" "./button.obj" "./handle_data.obj" "./handle_scan.obj" "./lcd.obj" "./main.obj" "./movement.obj" "./open_interface.obj" "./tm4c123gh6pm_startup_ccs.obj" "../libcybotScan.lib" "../libcybotUART.lib" "../tm4c123gh6pm.cmd"  -llibc.a -l"C:/ti/TivaWare_C_Series-2.2.0.295/driverlib/ccs/Debug/driverlib.lib" 
<Linking>
Finished building target: "lab_5.out"
 

**** Build Finished ****

**** Build of configuration Debug for project lab_5 ****

"C:\\ti\\ccs1271\\ccs\\utils\\bin\\gmake" -k -j 20 all -O 
 
Building file: "../main.c"
Invoking: Arm Compiler
"C:/ti/ccs1271/ccs/tools/compiler/ti-cgt-arm_20.2.7.LTS/bin/armcl" -mv7M4 --code_state=16 --float_support=FPv4SPD16 -me --include_path="U:/CprE288/lab_5" --include_path="C:/ti/TivaWare_C_Series-2.2.0.295" --include_path="C:/ti/ccs1271/ccs/tools/compiler/ti-cgt-arm_20.2.7.LTS/include" --define=ccs="ccs" --define=PART_TM4C123GH6PM -g --gcc --diag_warning=225 --diag_wrap=off --display_error_number --abi=eabi --preproc_with_compile --preproc_dependency="main.d_raw"  "../main.c"
Finished building: "../main.c"
 
Building target: "lab_5.out"
Invoking: Arm Linker
"C:/ti/ccs1271/ccs/tools/compiler/ti-cgt-arm_20.2.7.LTS/bin/armcl" -mv7M4 --code_state=16 --float_support=FPv4SPD16 -me --define=ccs="ccs" --define=PART_TM4C123GH6PM -g --gcc --diag_warning=225 --diag_wrap=off --display_error_number --abi=eabi -z -m"lab_5.map" --heap_size=1024 --stack_size=2048 -i"C:/ti/ccs1271/ccs/tools/compiler/ti-cgt-arm_20.2.7.LTS/lib" -i"C:/ti/ccs1271/ccs/tools/compiler/ti-cgt-arm_20.2.7.LTS/include" --reread_libs --diag_wrap=off --display_error_number --warn_sections --xml_link_info="lab_5_linkInfo.xml" --rom_model -o "lab_5.out" "./Timer.obj" "./button.obj" "./handle_data.obj" "./handle_scan.obj" "./lcd.obj" "./main.obj" "./movement.obj" "./open_interface.obj" "./tm4c123gh6pm_startup_ccs.obj" "../libcybotScan.lib" "../libcybotUART.lib" "../tm4c123gh6pm.cmd"  -llibc.a -l"C:/ti/TivaWare_C_Series-2.2.0.295/driverlib/ccs/Debug/driverlib.lib" 
<Linking>
Finished building target: "lab_5.out"
 

**** Build Finished ****

**** Build of configuration Debug for project lab_5 ****

"C:\\ti\\ccs1271\\ccs\\utils\\bin\\gmake" -k -j 20 all -O 
 
Building file: "../movement.c"
Invoking: Arm Compiler
"C:/ti/ccs1271/ccs/tools/compiler/ti-cgt-arm_20.2.7.LTS/bin/armcl" -mv7M4 --code_state=16 --float_support=FPv4SPD16 -me --include_path="U:/CprE288/lab_5" --include_path="C:/ti/TivaWare_C_Series-2.2.0.295" --include_path="C:/ti/ccs1271/ccs/tools/compiler/ti-cgt-arm_20.2.7.LTS/include" --define=ccs="ccs" --define=PART_TM4C123GH6PM -g --gcc --diag_warning=225 --diag_wrap=off --display_error_number --abi=eabi --preproc_with_compile --preproc_dependency="movement.d_raw"  "../movement.c"
 
>> Compilation failure
subdir_rules.mk:9: recipe for target 'movement.obj' failed
"../movement.c", line 208: error #20: identifier "x" is undefined
"../movement.c", line 208: error #20: identifier "y" is undefined
2 errors detected in the compilation of "../movement.c".
gmake: *** [movement.obj] Error 1
gmake: Target 'all' not remade because of errors.

**** Build Finished ****

**** Build of configuration Debug for project lab_5 ****

"C:\\ti\\ccs1271\\ccs\\utils\\bin\\gmake" -k -j 20 all -O 
 
Building file: "../movement.c"
Invoking: Arm Compiler
"C:/ti/ccs1271/ccs/tools/compiler/ti-cgt-arm_20.2.7.LTS/bin/armcl" -mv7M4 --code_state=16 --float_support=FPv4SPD16 -me --include_path="U:/CprE288/lab_5" --include_path="C:/ti/TivaWare_C_Series-2.2.0.295" --include_path="C:/ti/ccs1271/ccs/tools/compiler/ti-cgt-arm_20.2.7.LTS/include" --define=ccs="ccs" --define=PART_TM4C123GH6PM -g --gcc --diag_warning=225 --diag_wrap=off --display_error_number --abi=eabi --preproc_with_compile --preproc_dependency="movement.d_raw"  "../movement.c"
Finished building: "../movement.c"
 
Building target: "lab_5.out"
Invoking: Arm Linker
"C:/ti/ccs1271/ccs/tools/compiler/ti-cgt-arm_20.2.7.LTS/bin/armcl" -mv7M4 --code_state=16 --float_support=FPv4SPD16 -me --define=ccs="ccs" --define=PART_TM4C123GH6PM -g --gcc --diag_warning=225 --diag_wrap=off --display_error_number --abi=eabi -z -m"lab_5.map" --heap_size=1024 --stack_size=2048 -i"C:/ti/ccs1271/ccs/tools/compiler/ti-cgt-arm_20.2.7.LTS/lib" -i"C:/ti/ccs1271/ccs/tools/compiler/ti-cgt-arm_20.2.7.LTS/include" --reread_libs --diag_wrap=off --display_error_number --warn_sections --xml_link_info="lab_5_linkInfo.xml" --rom_model -o "lab_5.out" "./Timer.obj" "./button.obj" "./handle_data.obj" "./handle_scan.obj" "./lcd.obj" "./main.obj" "./movement.obj" "./open_interface.obj" "./tm4c123gh6pm_startup_ccs.obj" "../libcybotScan.lib" "../libcybotUART.lib" "../tm4c123gh6pm.cmd"  -llibc.a -l"C:/ti/TivaWare_C_Series-2.2.0.295/driverlib/ccs/Debug/driverlib.lib" 
<Linking>
Finished building target: "lab_5.out"
 

**** Build Finished ****

**** Build of configuration Debug for project lab_5 ****

"C:\\ti\\ccs1271\\ccs\\utils\\bin\\gmake" -k -j 20 all -O 
 
Building file: "../movement.c"
Invoking: Arm Compiler
"C:/ti/ccs1271/ccs/tools/compiler/ti-cgt-arm_20.2.7.LTS/bin/armcl" -mv7M4 --code_state=16 --float_support=FPv4SPD16 -me --include_path="U:/CprE288/lab_5" --include_path="C:/ti/TivaWare_C_Series-2.2.0.295" --include_path="C:/ti/ccs1271/ccs/tools/compiler/ti-cgt-arm_20.2.7.LTS/include" --define=ccs="ccs" --define=PART_TM4C123GH6PM -g --gcc --diag_warning=225 --diag_wrap=off --display_error_number --abi=eabi --preproc_with_compile --preproc_dependency="movement.d_raw"  "../movement.c"
Finished building: "../movement.c"
 
Building target: "lab_5.out"
Invoking: Arm Linker
"C:/ti/ccs1271/ccs/tools/compiler/ti-cgt-arm_20.2.7.LTS/bin/armcl" -mv7M4 --code_state=16 --float_support=FPv4SPD16 -me --define=ccs="ccs" --define=PART_TM4C123GH6PM -g --gcc --diag_warning=225 --diag_wrap=off --display_error_number --abi=eabi -z -m"lab_5.map" --heap_size=1024 --stack_size=2048 -i"C:/ti/ccs1271/ccs/tools/compiler/ti-cgt-arm_20.2.7.LTS/lib" -i"C:/ti/ccs1271/ccs/tools/compiler/ti-cgt-arm_20.2.7.LTS/include" --reread_libs --diag_wrap=off --display_error_number --warn_sections --xml_link_info="lab_5_linkInfo.xml" --rom_model -o "lab_5.out" "./Timer.obj" "./button.obj" "./handle_data.obj" "./handle_scan.obj" "./lcd.obj" "./main.obj" "./movement.obj" "./open_interface.obj" "./tm4c123gh6pm_startup_ccs.obj" "../libcybotScan.lib" "../libcybotUART.lib" "../tm4c123gh6pm.cmd"  -llibc.a -l"C:/ti/TivaWare_C_Series-2.2.0.295/driverlib/ccs/Debug/driverlib.lib" 
<Linking>
Finished building target: "lab_5.out"
 

**** Build Finished ****

**** Build of configuration Debug for project lab_5 ****

"C:\\ti\\ccs1271\\ccs\\utils\\bin\\gmake" -k -j 20 all -O 
 
Building file: "../main.c"
Invoking: Arm Compiler
"C:/ti/ccs1271/ccs/tools/compiler/ti-cgt-arm_20.2.7.LTS/bin/armcl" -mv7M4 --code_state=16 --float_support=FPv4SPD16 -me --include_path="U:/CprE288/lab_5" --include_path="C:/ti/TivaWare_C_Series-2.2.0.295" --include_path="C:/ti/ccs1271/ccs/tools/compiler/ti-cgt-arm_20.2.7.LTS/include" --define=ccs="ccs" --define=PART_TM4C123GH6PM -g --gcc --diag_warning=225 --diag_wrap=off --display_error_number --abi=eabi --preproc_with_compile --preproc_dependency="main.d_raw"  "../main.c"
Finished building: "../main.c"
 
Building file: "../open_interface.c"
Invoking: Arm Compiler
"C:/ti/ccs1271/ccs/tools/compiler/ti-cgt-arm_20.2.7.LTS/bin/armcl" -mv7M4 --code_state=16 --float_support=FPv4SPD16 -me --include_path="U:/CprE288/lab_5" --include_path="C:/ti/TivaWare_C_Series-2.2.0.295" --include_path="C:/ti/ccs1271/ccs/tools/compiler/ti-cgt-arm_20.2.7.LTS/include" --define=ccs="ccs" --define=PART_TM4C123GH6PM -g --gcc --diag_warning=225 --diag_wrap=off --display_error_number --abi=eabi --preproc_with_compile --preproc_dependency="open_interface.d_raw"  "../open_interface.c"
"../open_interface.c", line 356: warning #179-D: variable "charging_state" was declared but never referenced
Finished building: "../open_interface.c"
 
Building file: "../movement.c"
Invoking: Arm Compiler
"C:/ti/ccs1271/ccs/tools/compiler/ti-cgt-arm_20.2.7.LTS/bin/armcl" -mv7M4 --code_state=16 --float_support=FPv4SPD16 -me --include_path="U:/CprE288/lab_5" --include_path="C:/ti/TivaWare_C_Series-2.2.0.295" --include_path="C:/ti/ccs1271/ccs/tools/compiler/ti-cgt-arm_20.2.7.LTS/include" --define=ccs="ccs" --define=PART_TM4C123GH6PM -g --gcc --diag_warning=225 --diag_wrap=off --display_error_number --abi=eabi --preproc_with_compile --preproc_dependency="movement.d_raw"  "../movement.c"
Finished building: "../movement.c"
 
Building target: "lab_5.out"
Invoking: Arm Linker
"C:/ti/ccs1271/ccs/tools/compiler/ti-cgt-arm_20.2.7.LTS/bin/armcl" -mv7M4 --code_state=16 --float_support=FPv4SPD16 -me --define=ccs="ccs" --define=PART_TM4C123GH6PM -g --gcc --diag_warning=225 --diag_wrap=off --display_error_number --abi=eabi -z -m"lab_5.map" --heap_size=1024 --stack_size=2048 -i"C:/ti/ccs1271/ccs/tools/compiler/ti-cgt-arm_20.2.7.LTS/lib" -i"C:/ti/ccs1271/ccs/tools/compiler/ti-cgt-arm_20.2.7.LTS/include" --reread_libs --diag_wrap=off --display_error_number --warn_sections --xml_link_info="lab_5_linkInfo.xml" --rom_model -o "lab_5.out" "./Timer.obj" "./button.obj" "./handle_data.obj" "./handle_scan.obj" "./lcd.obj" "./main.obj" "./movement.obj" "./open_interface.obj" "./tm4c123gh6pm_startup_ccs.obj" "../libcybotScan.lib" "../libcybotUART.lib" "../tm4c123gh6pm.cmd"  -llibc.a -l"C:/ti/TivaWare_C_Series-2.2.0.295/driverlib/ccs/Debug/driverlib.lib" 
<Linking>
Finished building target: "lab_5.out"
 

**** Build Finished ****

**** Build of configuration Debug for project lab_5 ****

"C:\\ti\\ccs1271\\ccs\\utils\\bin\\gmake" -k -j 20 all -O 
 
Building file: "../main.c"
Invoking: Arm Compiler
"C:/ti/ccs1271/ccs/tools/compiler/ti-cgt-arm_20.2.7.LTS/bin/armcl" -mv7M4 --code_state=16 --float_support=FPv4SPD16 -me --include_path="U:/CprE288/lab_5" --include_path="C:/ti/TivaWare_C_Series-2.2.0.295" --include_path="C:/ti/ccs1271/ccs/tools/compiler/ti-cgt-arm_20.2.7.LTS/include" --define=ccs="ccs" --define=PART_TM4C123GH6PM -g --gcc --diag_warning=225 --diag_wrap=off --display_error_number --abi=eabi --preproc_with_compile --preproc_dependency="main.d_raw"  "../main.c"
Finished building: "../main.c"
 
Building target: "lab_5.out"
Invoking: Arm Linker
"C:/ti/ccs1271/ccs/tools/compiler/ti-cgt-arm_20.2.7.LTS/bin/armcl" -mv7M4 --code_state=16 --float_support=FPv4SPD16 -me --define=ccs="ccs" --define=PART_TM4C123GH6PM -g --gcc --diag_warning=225 --diag_wrap=off --display_error_number --abi=eabi -z -m"lab_5.map" --heap_size=1024 --stack_size=2048 -i"C:/ti/ccs1271/ccs/tools/compiler/ti-cgt-arm_20.2.7.LTS/lib" -i"C:/ti/ccs1271/ccs/tools/compiler/ti-cgt-arm_20.2.7.LTS/include" --reread_libs --diag_wrap=off --display_error_number --warn_sections --xml_link_info="lab_5_linkInfo.xml" --rom_model -o "lab_5.out" "./Timer.obj" "./button.obj" "./handle_data.obj" "./handle_scan.obj" "./lcd.obj" "./main.obj" "./movement.obj" "./open_interface.obj" "./tm4c123gh6pm_startup_ccs.obj" "../libcybotScan.lib" "../libcybotUART.lib" "../tm4c123gh6pm.cmd"  -llibc.a -l"C:/ti/TivaWare_C_Series-2.2.0.295/driverlib/ccs/Debug/driverlib.lib" 
<Linking>
Finished building target: "lab_5.out"
 

**** Build Finished ****

**** Build of configuration Debug for project lab_5 ****

"C:\\ti\\ccs1271\\ccs\\utils\\bin\\gmake" -k -j 20 all -O 
 
Building file: "../main.c"
Invoking: Arm Compiler
"C:/ti/ccs1271/ccs/tools/compiler/ti-cgt-arm_20.2.7.LTS/bin/armcl" -mv7M4 --code_state=16 --float_support=FPv4SPD16 -me --include_path="U:/CprE288/lab_5" --include_path="C:/ti/TivaWare_C_Series-2.2.0.295" --include_path="C:/ti/ccs1271/ccs/tools/compiler/ti-cgt-arm_20.2.7.LTS/include" --define=ccs="ccs" --define=PART_TM4C123GH6PM -g --gcc --diag_warning=225 --diag_wrap=off --display_error_number --abi=eabi --preproc_with_compile --preproc_dependency="main.d_raw"  "../main.c"
Finished building: "../main.c"
 
Building target: "lab_5.out"
Invoking: Arm Linker
"C:/ti/ccs1271/ccs/tools/compiler/ti-cgt-arm_20.2.7.LTS/bin/armcl" -mv7M4 --code_state=16 --float_support=FPv4SPD16 -me --define=ccs="ccs" --define=PART_TM4C123GH6PM -g --gcc --diag_warning=225 --diag_wrap=off --display_error_number --abi=eabi -z -m"lab_5.map" --heap_size=1024 --stack_size=2048 -i"C:/ti/ccs1271/ccs/tools/compiler/ti-cgt-arm_20.2.7.LTS/lib" -i"C:/ti/ccs1271/ccs/tools/compiler/ti-cgt-arm_20.2.7.LTS/include" --reread_libs --diag_wrap=off --display_error_number --warn_sections --xml_link_info="lab_5_linkInfo.xml" --rom_model -o "lab_5.out" "./Timer.obj" "./button.obj" "./handle_data.obj" "./handle_scan.obj" "./lcd.obj" "./main.obj" "./movement.obj" "./open_interface.obj" "./tm4c123gh6pm_startup_ccs.obj" "../libcybotScan.lib" "../libcybotUART.lib" "../tm4c123gh6pm.cmd"  -llibc.a -l"C:/ti/TivaWare_C_Series-2.2.0.295/driverlib/ccs/Debug/driverlib.lib" 
<Linking>
Finished building target: "lab_5.out"
 

**** Build Finished ****

**** Build of configuration Debug for project lab_5 ****

"C:\\ti\\ccs1271\\ccs\\utils\\bin\\gmake" -k -j 20 all -O 
 
Building file: "../main.c"
Invoking: Arm Compiler
"C:/ti/ccs1271/ccs/tools/compiler/ti-cgt-arm_20.2.7.LTS/bin/armcl" -mv7M4 --code_state=16 --float_support=FPv4SPD16 -me --include_path="U:/CprE288/lab_5" --include_path="C:/ti/TivaWare_C_Series-2.2.0.295" --include_path="C:/ti/ccs1271/ccs/tools/compiler/ti-cgt-arm_20.2.7.LTS/include" --define=ccs="ccs" --define=PART_TM4C123GH6PM -g --gcc --diag_warning=225 --diag_wrap=off --display_error_number --abi=eabi --preproc_with_compile --preproc_dependency="main.d_raw"  "../main.c"
Finished building: "../main.c"
 
Building target: "lab_5.out"
Invoking: Arm Linker
"C:/ti/ccs1271/ccs/tools/compiler/ti-cgt-arm_20.2.7.LTS/bin/armcl" -mv7M4 --code_state=16 --float_support=FPv4SPD16 -me --define=ccs="ccs" --define=PART_TM4C123GH6PM -g --gcc --diag_warning=225 --diag_wrap=off --display_error_number --abi=eabi -z -m"lab_5.map" --heap_size=1024 --stack_size=2048 -i"C:/ti/ccs1271/ccs/tools/compiler/ti-cgt-arm_20.2.7.LTS/lib" -i"C:/ti/ccs1271/ccs/tools/compiler/ti-cgt-arm_20.2.7.LTS/include" --reread_libs --diag_wrap=off --display_error_number --warn_sections --xml_link_info="lab_5_linkInfo.xml" --rom_model -o "lab_5.out" "./Timer.obj" "./button.obj" "./handle_data.obj" "./handle_scan.obj" "./lcd.obj" "./main.obj" "./movement.obj" "./open_interface.obj" "./tm4c123gh6pm_startup_ccs.obj" "../libcybotScan.lib" "../libcybotUART.lib" "../tm4c123gh6pm.cmd"  -llibc.a -l"C:/ti/TivaWare_C_Series-2.2.0.295/driverlib/ccs/Debug/driverlib.lib" 
<Linking>
Finished building target: "lab_5.out"
 

**** Build Finished ****

**** Build of configuration Debug for project lab_5 ****

"C:\\ti\\ccs1271\\ccs\\utils\\bin\\gmake" -k -j 20 all -O 
 
Building file: "../main.c"
Invoking: Arm Compiler
"C:/ti/ccs1271/ccs/tools/compiler/ti-cgt-arm_20.2.7.LTS/bin/armcl" -mv7M4 --code_state=16 --float_support=FPv4SPD16 -me --include_path="U:/CprE288/lab_5" --include_path="C:/ti/TivaWare_C_Series-2.2.0.295" --include_path="C:/ti/ccs1271/ccs/tools/compiler/ti-cgt-arm_20.2.7.LTS/include" --define=ccs="ccs" --define=PART_TM4C123GH6PM -g --gcc --diag_warning=225 --diag_wrap=off --display_error_number --abi=eabi --preproc_with_compile --preproc_dependency="main.d_raw"  "../main.c"
Finished building: "../main.c"
 
Building target: "lab_5.out"
Invoking: Arm Linker
"C:/ti/ccs1271/ccs/tools/compiler/ti-cgt-arm_20.2.7.LTS/bin/armcl" -mv7M4 --code_state=16 --float_support=FPv4SPD16 -me --define=ccs="ccs" --define=PART_TM4C123GH6PM -g --gcc --diag_warning=225 --diag_wrap=off --display_error_number --abi=eabi -z -m"lab_5.map" --heap_size=1024 --stack_size=2048 -i"C:/ti/ccs1271/ccs/tools/compiler/ti-cgt-arm_20.2.7.LTS/lib" -i"C:/ti/ccs1271/ccs/tools/compiler/ti-cgt-arm_20.2.7.LTS/include" --reread_libs --diag_wrap=off --display_error_number --warn_sections --xml_link_info="lab_5_linkInfo.xml" --rom_model -o "lab_5.out" "./Timer.obj" "./button.obj" "./handle_data.obj" "./handle_scan.obj" "./lcd.obj" "./main.obj" "./movement.obj" "./open_interface.obj" "./tm4c123gh6pm_startup_ccs.obj" "../libcybotScan.lib" "../libcybotUART.lib" "../tm4c123gh6pm.cmd"  -llibc.a -l"C:/ti/TivaWare_C_Series-2.2.0.295/driverlib/ccs/Debug/driverlib.lib" 
<Linking>
Finished building target: "lab_5.out"
 

**** Build Finished ****

**** Build of configuration Debug for project lab_5 ****

"C:\\ti\\ccs1271\\ccs\\utils\\bin\\gmake" -k -j 20 all -O 
 
Building file: "../main.c"
Invoking: Arm Compiler
"C:/ti/ccs1271/ccs/tools/compiler/ti-cgt-arm_20.2.7.LTS/bin/armcl" -mv7M4 --code_state=16 --float_support=FPv4SPD16 -me --include_path="U:/CprE288/lab_5" --include_path="C:/ti/TivaWare_C_Series-2.2.0.295" --include_path="C:/ti/ccs1271/ccs/tools/compiler/ti-cgt-arm_20.2.7.LTS/include" --define=ccs="ccs" --define=PART_TM4C123GH6PM -g --gcc --diag_warning=225 --diag_wrap=off --display_error_number --abi=eabi --preproc_with_compile --preproc_dependency="main.d_raw"  "../main.c"
Finished building: "../main.c"
 
Building target: "lab_5.out"
Invoking: Arm Linker
"C:/ti/ccs1271/ccs/tools/compiler/ti-cgt-arm_20.2.7.LTS/bin/armcl" -mv7M4 --code_state=16 --float_support=FPv4SPD16 -me --define=ccs="ccs" --define=PART_TM4C123GH6PM -g --gcc --diag_warning=225 --diag_wrap=off --display_error_number --abi=eabi -z -m"lab_5.map" --heap_size=1024 --stack_size=2048 -i"C:/ti/ccs1271/ccs/tools/compiler/ti-cgt-arm_20.2.7.LTS/lib" -i"C:/ti/ccs1271/ccs/tools/compiler/ti-cgt-arm_20.2.7.LTS/include" --reread_libs --diag_wrap=off --display_error_number --warn_sections --xml_link_info="lab_5_linkInfo.xml" --rom_model -o "lab_5.out" "./Timer.obj" "./button.obj" "./handle_data.obj" "./handle_scan.obj" "./lcd.obj" "./main.obj" "./movement.obj" "./open_interface.obj" "./tm4c123gh6pm_startup_ccs.obj" "../libcybotScan.lib" "../libcybotUART.lib" "../tm4c123gh6pm.cmd"  -llibc.a -l"C:/ti/TivaWare_C_Series-2.2.0.295/driverlib/ccs/Debug/driverlib.lib" 
<Linking>
Finished building target: "lab_5.out"
 

**** Build Finished ****

**** Build of configuration Debug for project lab_5 ****

"C:\\ti\\ccs1271\\ccs\\utils\\bin\\gmake" -k -j 20 all -O 
 
gmake[1]: 'lab_5.out' is up to date.

**** Build Finished ****

**** Build of configuration Debug for project lab_5 ****

"C:\\ti\\ccs1271\\ccs\\utils\\bin\\gmake" -k -j 20 all -O 
 
gmake[1]: 'lab_5.out' is up to date.

**** Build Finished ****

**** Build of configuration Debug for project lab_5 ****

"C:\\ti\\ccs1271\\ccs\\utils\\bin\\gmake" -k -j 20 all -O 
 
Building file: "../main.c"
Invoking: Arm Compiler
"C:/ti/ccs1271/ccs/tools/compiler/ti-cgt-arm_20.2.7.LTS/bin/armcl" -mv7M4 --code_state=16 --float_support=FPv4SPD16 -me --include_path="U:/CprE288/lab_5" --include_path="C:/ti/TivaWare_C_Series-2.2.0.295" --include_path="C:/ti/ccs1271/ccs/tools/compiler/ti-cgt-arm_20.2.7.LTS/include" --define=ccs="ccs" --define=PART_TM4C123GH6PM -g --gcc --diag_warning=225 --diag_wrap=off --display_error_number --abi=eabi --preproc_with_compile --preproc_dependency="main.d_raw"  "../main.c"
Finished building: "../main.c"
 
Building target: "lab_5.out"
Invoking: Arm Linker
"C:/ti/ccs1271/ccs/tools/compiler/ti-cgt-arm_20.2.7.LTS/bin/armcl" -mv7M4 --code_state=16 --float_support=FPv4SPD16 -me --define=ccs="ccs" --define=PART_TM4C123GH6PM -g --gcc --diag_warning=225 --diag_wrap=off --display_error_number --abi=eabi -z -m"lab_5.map" --heap_size=1024 --stack_size=2048 -i"C:/ti/ccs1271/ccs/tools/compiler/ti-cgt-arm_20.2.7.LTS/lib" -i"C:/ti/ccs1271/ccs/tools/compiler/ti-cgt-arm_20.2.7.LTS/include" --reread_libs --diag_wrap=off --display_error_number --warn_sections --xml_link_info="lab_5_linkInfo.xml" --rom_model -o "lab_5.out" "./Timer.obj" "./button.obj" "./handle_data.obj" "./handle_scan.obj" "./lcd.obj" "./main.obj" "./movement.obj" "./open_interface.obj" "./tm4c123gh6pm_startup_ccs.obj" "../libcybotScan.lib" "../libcybotUART.lib" "../tm4c123gh6pm.cmd"  -llibc.a -l"C:/ti/TivaWare_C_Series-2.2.0.295/driverlib/ccs/Debug/driverlib.lib" 
<Linking>
Finished building target: "lab_5.out"
 

**** Build Finished ****

**** Build of configuration Debug for project lab_5 ****

"C:\\ti\\ccs1271\\ccs\\utils\\bin\\gmake" -k -j 20 all -O 
 
gmake[1]: 'lab_5.out' is up to date.

**** Build Finished ****

**** Build of configuration Debug for project lab_5 ****

"C:\\ti\\ccs1271\\ccs\\utils\\bin\\gmake" -k -j 20 all -O 
 
Building file: "../movement.c"
Invoking: Arm Compiler
"C:/ti/ccs1271/ccs/tools/compiler/ti-cgt-arm_20.2.7.LTS/bin/armcl" -mv7M4 --code_state=16 --float_support=FPv4SPD16 -me --include_path="U:/CprE288/lab_5" --include_path="C:/ti/TivaWare_C_Series-2.2.0.295" --include_path="C:/ti/ccs1271/ccs/tools/compiler/ti-cgt-arm_20.2.7.LTS/include" --define=ccs="ccs" --define=PART_TM4C123GH6PM -g --gcc --diag_warning=225 --diag_wrap=off --display_error_number --abi=eabi --preproc_with_compile --preproc_dependency="movement.d_raw"  "../movement.c"
Finished building: "../movement.c"
 
Building target: "lab_5.out"
Invoking: Arm Linker
"C:/ti/ccs1271/ccs/tools/compiler/ti-cgt-arm_20.2.7.LTS/bin/armcl" -mv7M4 --code_state=16 --float_support=FPv4SPD16 -me --define=ccs="ccs" --define=PART_TM4C123GH6PM -g --gcc --diag_warning=225 --diag_wrap=off --display_error_number --abi=eabi -z -m"lab_5.map" --heap_size=1024 --stack_size=2048 -i"C:/ti/ccs1271/ccs/tools/compiler/ti-cgt-arm_20.2.7.LTS/lib" -i"C:/ti/ccs1271/ccs/tools/compiler/ti-cgt-arm_20.2.7.LTS/include" --reread_libs --diag_wrap=off --display_error_number --warn_sections --xml_link_info="lab_5_linkInfo.xml" --rom_model -o "lab_5.out" "./Timer.obj" "./button.obj" "./handle_data.obj" "./handle_scan.obj" "./lcd.obj" "./main.obj" "./movement.obj" "./open_interface.obj" "./tm4c123gh6pm_startup_ccs.obj" "../libcybotScan.lib" "../libcybotUART.lib" "../tm4c123gh6pm.cmd"  -llibc.a -l"C:/ti/TivaWare_C_Series-2.2.0.295/driverlib/ccs/Debug/driverlib.lib" 
<Linking>
Finished building target: "lab_5.out"
 

**** Build Finished ****

**** Build of configuration Debug for project lab_5 ****

"C:\\ti\\ccs1271\\ccs\\utils\\bin\\gmake" -k -j 20 all -O 
 
Building file: "../movement.c"
Invoking: Arm Compiler
"C:/ti/ccs1271/ccs/tools/compiler/ti-cgt-arm_20.2.7.LTS/bin/armcl" -mv7M4 --code_state=16 --float_support=FPv4SPD16 -me --include_path="U:/CprE288/lab_5" --include_path="C:/ti/TivaWare_C_Series-2.2.0.295" --include_path="C:/ti/ccs1271/ccs/tools/compiler/ti-cgt-arm_20.2.7.LTS/include" --define=ccs="ccs" --define=PART_TM4C123GH6PM -g --gcc --diag_warning=225 --diag_wrap=off --display_error_number --abi=eabi --preproc_with_compile --preproc_dependency="movement.d_raw"  "../movement.c"
Finished building: "../movement.c"
 
Building target: "lab_5.out"
Invoking: Arm Linker
"C:/ti/ccs1271/ccs/tools/compiler/ti-cgt-arm_20.2.7.LTS/bin/armcl" -mv7M4 --code_state=16 --float_support=FPv4SPD16 -me --define=ccs="ccs" --define=PART_TM4C123GH6PM -g --gcc --diag_warning=225 --diag_wrap=off --display_error_number --abi=eabi -z -m"lab_5.map" --heap_size=1024 --stack_size=2048 -i"C:/ti/ccs1271/ccs/tools/compiler/ti-cgt-arm_20.2.7.LTS/lib" -i"C:/ti/ccs1271/ccs/tools/compiler/ti-cgt-arm_20.2.7.LTS/include" --reread_libs --diag_wrap=off --display_error_number --warn_sections --xml_link_info="lab_5_linkInfo.xml" --rom_model -o "lab_5.out" "./Timer.obj" "./button.obj" "./handle_data.obj" "./handle_scan.obj" "./lcd.obj" "./main.obj" "./movement.obj" "./open_interface.obj" "./tm4c123gh6pm_startup_ccs.obj" "../libcybotScan.lib" "../libcybotUART.lib" "../tm4c123gh6pm.cmd"  -llibc.a -l"C:/ti/TivaWare_C_Series-2.2.0.295/driverlib/ccs/Debug/driverlib.lib" 
<Linking>
Finished building target: "lab_5.out"
 

**** Build Finished ****

**** Build of configuration Debug for project lab_5 ****

"C:\\ti\\ccs1271\\ccs\\utils\\bin\\gmake" -k -j 20 all -O 
 
Building file: "../movement.c"
Invoking: Arm Compiler
"C:/ti/ccs1271/ccs/tools/compiler/ti-cgt-arm_20.2.7.LTS/bin/armcl" -mv7M4 --code_state=16 --float_support=FPv4SPD16 -me --include_path="U:/CprE288/lab_5" --include_path="C:/ti/TivaWare_C_Series-2.2.0.295" --include_path="C:/ti/ccs1271/ccs/tools/compiler/ti-cgt-arm_20.2.7.LTS/include" --define=ccs="ccs" --define=PART_TM4C123GH6PM -g --gcc --diag_warning=225 --diag_wrap=off --display_error_number --abi=eabi --preproc_with_compile --preproc_dependency="movement.d_raw"  "../movement.c"
Finished building: "../movement.c"
 
Building target: "lab_5.out"
Invoking: Arm Linker
"C:/ti/ccs1271/ccs/tools/compiler/ti-cgt-arm_20.2.7.LTS/bin/armcl" -mv7M4 --code_state=16 --float_support=FPv4SPD16 -me --define=ccs="ccs" --define=PART_TM4C123GH6PM -g --gcc --diag_warning=225 --diag_wrap=off --display_error_number --abi=eabi -z -m"lab_5.map" --heap_size=1024 --stack_size=2048 -i"C:/ti/ccs1271/ccs/tools/compiler/ti-cgt-arm_20.2.7.LTS/lib" -i"C:/ti/ccs1271/ccs/tools/compiler/ti-cgt-arm_20.2.7.LTS/include" --reread_libs --diag_wrap=off --display_error_number --warn_sections --xml_link_info="lab_5_linkInfo.xml" --rom_model -o "lab_5.out" "./Timer.obj" "./button.obj" "./handle_data.obj" "./handle_scan.obj" "./lcd.obj" "./main.obj" "./movement.obj" "./open_interface.obj" "./tm4c123gh6pm_startup_ccs.obj" "../libcybotScan.lib" "../libcybotUART.lib" "../tm4c123gh6pm.cmd"  -llibc.a -l"C:/ti/TivaWare_C_Series-2.2.0.295/driverlib/ccs/Debug/driverlib.lib" 
<Linking>
Finished building target: "lab_5.out"
 

**** Build Finished ****

**** Build of configuration Debug for project lab_5 ****

"C:\\ti\\ccs1271\\ccs\\utils\\bin\\gmake" -k -j 20 all -O 
 
Building file: "../movement.c"
Invoking: Arm Compiler
"C:/ti/ccs1271/ccs/tools/compiler/ti-cgt-arm_20.2.7.LTS/bin/armcl" -mv7M4 --code_state=16 --float_support=FPv4SPD16 -me --include_path="U:/CprE288/lab_5" --include_path="C:/ti/TivaWare_C_Series-2.2.0.295" --include_path="C:/ti/ccs1271/ccs/tools/compiler/ti-cgt-arm_20.2.7.LTS/include" --define=ccs="ccs" --define=PART_TM4C123GH6PM -g --gcc --diag_warning=225 --diag_wrap=off --display_error_number --abi=eabi --preproc_with_compile --preproc_dependency="movement.d_raw"  "../movement.c"
"../movement.c", line 140: warning #183-D: argument is incompatible with corresponding format string conversion
"../movement.c", line 140: warning #183-D: argument is incompatible with corresponding format string conversion
Finished building: "../movement.c"
 
Building target: "lab_5.out"
Invoking: Arm Linker
"C:/ti/ccs1271/ccs/tools/compiler/ti-cgt-arm_20.2.7.LTS/bin/armcl" -mv7M4 --code_state=16 --float_support=FPv4SPD16 -me --define=ccs="ccs" --define=PART_TM4C123GH6PM -g --gcc --diag_warning=225 --diag_wrap=off --display_error_number --abi=eabi -z -m"lab_5.map" --heap_size=1024 --stack_size=2048 -i"C:/ti/ccs1271/ccs/tools/compiler/ti-cgt-arm_20.2.7.LTS/lib" -i"C:/ti/ccs1271/ccs/tools/compiler/ti-cgt-arm_20.2.7.LTS/include" --reread_libs --diag_wrap=off --display_error_number --warn_sections --xml_link_info="lab_5_linkInfo.xml" --rom_model -o "lab_5.out" "./Timer.obj" "./button.obj" "./handle_data.obj" "./handle_scan.obj" "./lcd.obj" "./main.obj" "./movement.obj" "./open_interface.obj" "./tm4c123gh6pm_startup_ccs.obj" "../libcybotScan.lib" "../libcybotUART.lib" "../tm4c123gh6pm.cmd"  -llibc.a -l"C:/ti/TivaWare_C_Series-2.2.0.295/driverlib/ccs/Debug/driverlib.lib" 
<Linking>
Finished building target: "lab_5.out"
 

**** Build Finished ****

**** Build of configuration Debug for project lab_5 ****

"C:\\ti\\ccs1271\\ccs\\utils\\bin\\gmake" -k -j 20 all -O 
 
Building file: "../movement.c"
Invoking: Arm Compiler
"C:/ti/ccs1271/ccs/tools/compiler/ti-cgt-arm_20.2.7.LTS/bin/armcl" -mv7M4 --code_state=16 --float_support=FPv4SPD16 -me --include_path="U:/CprE288/lab_5" --include_path="C:/ti/TivaWare_C_Series-2.2.0.295" --include_path="C:/ti/ccs1271/ccs/tools/compiler/ti-cgt-arm_20.2.7.LTS/include" --define=ccs="ccs" --define=PART_TM4C123GH6PM -g --gcc --diag_warning=225 --diag_wrap=off --display_error_number --abi=eabi --preproc_with_compile --preproc_dependency="movement.d_raw"  "../movement.c"
Finished building: "../movement.c"
 
Building target: "lab_5.out"
Invoking: Arm Linker
"C:/ti/ccs1271/ccs/tools/compiler/ti-cgt-arm_20.2.7.LTS/bin/armcl" -mv7M4 --code_state=16 --float_support=FPv4SPD16 -me --define=ccs="ccs" --define=PART_TM4C123GH6PM -g --gcc --diag_warning=225 --diag_wrap=off --display_error_number --abi=eabi -z -m"lab_5.map" --heap_size=1024 --stack_size=2048 -i"C:/ti/ccs1271/ccs/tools/compiler/ti-cgt-arm_20.2.7.LTS/lib" -i"C:/ti/ccs1271/ccs/tools/compiler/ti-cgt-arm_20.2.7.LTS/include" --reread_libs --diag_wrap=off --display_error_number --warn_sections --xml_link_info="lab_5_linkInfo.xml" --rom_model -o "lab_5.out" "./Timer.obj" "./button.obj" "./handle_data.obj" "./handle_scan.obj" "./lcd.obj" "./main.obj" "./movement.obj" "./open_interface.obj" "./tm4c123gh6pm_startup_ccs.obj" "../libcybotScan.lib" "../libcybotUART.lib" "../tm4c123gh6pm.cmd"  -llibc.a -l"C:/ti/TivaWare_C_Series-2.2.0.295/driverlib/ccs/Debug/driverlib.lib" 
<Linking>
Finished building target: "lab_5.out"
 

**** Build Finished ****

**** Build of configuration Debug for project lab_5 ****

"C:\\ti\\ccs1271\\ccs\\utils\\bin\\gmake" -k -j 20 all -O 
 
Building file: "../movement.c"
Invoking: Arm Compiler
"C:/ti/ccs1271/ccs/tools/compiler/ti-cgt-arm_20.2.7.LTS/bin/armcl" -mv7M4 --code_state=16 --float_support=FPv4SPD16 -me --include_path="U:/CprE288/lab_5" --include_path="C:/ti/TivaWare_C_Series-2.2.0.295" --include_path="C:/ti/ccs1271/ccs/tools/compiler/ti-cgt-arm_20.2.7.LTS/include" --define=ccs="ccs" --define=PART_TM4C123GH6PM -g --gcc --diag_warning=225 --diag_wrap=off --display_error_number --abi=eabi --preproc_with_compile --preproc_dependency="movement.d_raw"  "../movement.c"
"../movement.c", line 185: warning #183-D: argument is incompatible with corresponding format string conversion
"../movement.c", line 185: warning #183-D: argument is incompatible with corresponding format string conversion
Finished building: "../movement.c"
 
Building target: "lab_5.out"
Invoking: Arm Linker
"C:/ti/ccs1271/ccs/tools/compiler/ti-cgt-arm_20.2.7.LTS/bin/armcl" -mv7M4 --code_state=16 --float_support=FPv4SPD16 -me --define=ccs="ccs" --define=PART_TM4C123GH6PM -g --gcc --diag_warning=225 --diag_wrap=off --display_error_number --abi=eabi -z -m"lab_5.map" --heap_size=1024 --stack_size=2048 -i"C:/ti/ccs1271/ccs/tools/compiler/ti-cgt-arm_20.2.7.LTS/lib" -i"C:/ti/ccs1271/ccs/tools/compiler/ti-cgt-arm_20.2.7.LTS/include" --reread_libs --diag_wrap=off --display_error_number --warn_sections --xml_link_info="lab_5_linkInfo.xml" --rom_model -o "lab_5.out" "./Timer.obj" "./button.obj" "./handle_data.obj" "./handle_scan.obj" "./lcd.obj" "./main.obj" "./movement.obj" "./open_interface.obj" "./tm4c123gh6pm_startup_ccs.obj" "../libcybotScan.lib" "../libcybotUART.lib" "../tm4c123gh6pm.cmd"  -llibc.a -l"C:/ti/TivaWare_C_Series-2.2.0.295/driverlib/ccs/Debug/driverlib.lib" 
<Linking>
Finished building target: "lab_5.out"
 

**** Build Finished ****

**** Build of configuration Debug for project lab_5 ****

"C:\\ti\\ccs1271\\ccs\\utils\\bin\\gmake" -k -j 20 all -O 
 
Building file: "../movement.c"
Invoking: Arm Compiler
"C:/ti/ccs1271/ccs/tools/compiler/ti-cgt-arm_20.2.7.LTS/bin/armcl" -mv7M4 --code_state=16 --float_support=FPv4SPD16 -me --include_path="U:/CprE288/lab_5" --include_path="C:/ti/TivaWare_C_Series-2.2.0.295" --include_path="C:/ti/ccs1271/ccs/tools/compiler/ti-cgt-arm_20.2.7.LTS/include" --define=ccs="ccs" --define=PART_TM4C123GH6PM -g --gcc --diag_warning=225 --diag_wrap=off --display_error_number --abi=eabi --preproc_with_compile --preproc_dependency="movement.d_raw"  "../movement.c"
Finished building: "../movement.c"
 
Building target: "lab_5.out"
Invoking: Arm Linker
"C:/ti/ccs1271/ccs/tools/compiler/ti-cgt-arm_20.2.7.LTS/bin/armcl" -mv7M4 --code_state=16 --float_support=FPv4SPD16 -me --define=ccs="ccs" --define=PART_TM4C123GH6PM -g --gcc --diag_warning=225 --diag_wrap=off --display_error_number --abi=eabi -z -m"lab_5.map" --heap_size=1024 --stack_size=2048 -i"C:/ti/ccs1271/ccs/tools/compiler/ti-cgt-arm_20.2.7.LTS/lib" -i"C:/ti/ccs1271/ccs/tools/compiler/ti-cgt-arm_20.2.7.LTS/include" --reread_libs --diag_wrap=off --display_error_number --warn_sections --xml_link_info="lab_5_linkInfo.xml" --rom_model -o "lab_5.out" "./Timer.obj" "./button.obj" "./handle_data.obj" "./handle_scan.obj" "./lcd.obj" "./main.obj" "./movement.obj" "./open_interface.obj" "./tm4c123gh6pm_startup_ccs.obj" "../libcybotScan.lib" "../libcybotUART.lib" "../tm4c123gh6pm.cmd"  -llibc.a -l"C:/ti/TivaWare_C_Series-2.2.0.295/driverlib/ccs/Debug/driverlib.lib" 
<Linking>
Finished building target: "lab_5.out"
 

**** Build Finished ****

**** Build of configuration Debug for project lab_5 ****

"C:\\ti\\ccs1271\\ccs\\utils\\bin\\gmake" -k -j 20 all -O 
 
Building file: "../movement.c"
Invoking: Arm Compiler
"C:/ti/ccs1271/ccs/tools/compiler/ti-cgt-arm_20.2.7.LTS/bin/armcl" -mv7M4 --code_state=16 --float_support=FPv4SPD16 -me --include_path="U:/CprE288/lab_5" --include_path="C:/ti/TivaWare_C_Series-2.2.0.295" --include_path="C:/ti/ccs1271/ccs/tools/compiler/ti-cgt-arm_20.2.7.LTS/include" --define=ccs="ccs" --define=PART_TM4C123GH6PM -g --gcc --diag_warning=225 --diag_wrap=off --display_error_number --abi=eabi --preproc_with_compile --preproc_dependency="movement.d_raw"  "../movement.c"
Finished building: "../movement.c"
 
Building target: "lab_5.out"
Invoking: Arm Linker
"C:/ti/ccs1271/ccs/tools/compiler/ti-cgt-arm_20.2.7.LTS/bin/armcl" -mv7M4 --code_state=16 --float_support=FPv4SPD16 -me --define=ccs="ccs" --define=PART_TM4C123GH6PM -g --gcc --diag_warning=225 --diag_wrap=off --display_error_number --abi=eabi -z -m"lab_5.map" --heap_size=1024 --stack_size=2048 -i"C:/ti/ccs1271/ccs/tools/compiler/ti-cgt-arm_20.2.7.LTS/lib" -i"C:/ti/ccs1271/ccs/tools/compiler/ti-cgt-arm_20.2.7.LTS/include" --reread_libs --diag_wrap=off --display_error_number --warn_sections --xml_link_info="lab_5_linkInfo.xml" --rom_model -o "lab_5.out" "./Timer.obj" "./button.obj" "./handle_data.obj" "./handle_scan.obj" "./lcd.obj" "./main.obj" "./movement.obj" "./open_interface.obj" "./tm4c123gh6pm_startup_ccs.obj" "../libcybotScan.lib" "../libcybotUART.lib" "../tm4c123gh6pm.cmd"  -llibc.a -l"C:/ti/TivaWare_C_Series-2.2.0.295/driverlib/ccs/Debug/driverlib.lib" 
<Linking>
Finished building target: "lab_5.out"
 

**** Build Finished ****

**** Build of configuration Debug for project lab_5 ****

"C:\\ti\\ccs1271\\ccs\\utils\\bin\\gmake" -k -j 20 all -O 
 
Building file: "../movement.c"
Invoking: Arm Compiler
"C:/ti/ccs1271/ccs/tools/compiler/ti-cgt-arm_20.2.7.LTS/bin/armcl" -mv7M4 --code_state=16 --float_support=FPv4SPD16 -me --include_path="U:/CprE288/lab_5" --include_path="C:/ti/TivaWare_C_Series-2.2.0.295" --include_path="C:/ti/ccs1271/ccs/tools/compiler/ti-cgt-arm_20.2.7.LTS/include" --define=ccs="ccs" --define=PART_TM4C123GH6PM -g --gcc --diag_warning=225 --diag_wrap=off --display_error_number --abi=eabi --preproc_with_compile --preproc_dependency="movement.d_raw"  "../movement.c"
Finished building: "../movement.c"
 
Building target: "lab_5.out"
Invoking: Arm Linker
"C:/ti/ccs1271/ccs/tools/compiler/ti-cgt-arm_20.2.7.LTS/bin/armcl" -mv7M4 --code_state=16 --float_support=FPv4SPD16 -me --define=ccs="ccs" --define=PART_TM4C123GH6PM -g --gcc --diag_warning=225 --diag_wrap=off --display_error_number --abi=eabi -z -m"lab_5.map" --heap_size=1024 --stack_size=2048 -i"C:/ti/ccs1271/ccs/tools/compiler/ti-cgt-arm_20.2.7.LTS/lib" -i"C:/ti/ccs1271/ccs/tools/compiler/ti-cgt-arm_20.2.7.LTS/include" --reread_libs --diag_wrap=off --display_error_number --warn_sections --xml_link_info="lab_5_linkInfo.xml" --rom_model -o "lab_5.out" "./Timer.obj" "./button.obj" "./handle_data.obj" "./handle_scan.obj" "./lcd.obj" "./main.obj" "./movement.obj" "./open_interface.obj" "./tm4c123gh6pm_startup_ccs.obj" "../libcybotScan.lib" "../libcybotUART.lib" "../tm4c123gh6pm.cmd"  -llibc.a -l"C:/ti/TivaWare_C_Series-2.2.0.295/driverlib/ccs/Debug/driverlib.lib" 
<Linking>
Finished building target: "lab_5.out"
 

**** Build Finished ****

**** Build of configuration Debug for project lab_5 ****

"C:\\ti\\ccs1271\\ccs\\utils\\bin\\gmake" -k -j 20 all -O 
 
Building file: "../main.c"
Invoking: Arm Compiler
"C:/ti/ccs1271/ccs/tools/compiler/ti-cgt-arm_20.2.7.LTS/bin/armcl" -mv7M4 --code_state=16 --float_support=FPv4SPD16 -me --include_path="U:/CprE288/lab_5" --include_path="C:/ti/TivaWare_C_Series-2.2.0.295" --include_path="C:/ti/ccs1271/ccs/tools/compiler/ti-cgt-arm_20.2.7.LTS/include" --define=ccs="ccs" --define=PART_TM4C123GH6PM -g --gcc --diag_warning=225 --diag_wrap=off --display_error_number --abi=eabi --preproc_with_compile --preproc_dependency="main.d_raw"  "../main.c"
Finished building: "../main.c"
 
Building file: "../movement.c"
Invoking: Arm Compiler
"C:/ti/ccs1271/ccs/tools/compiler/ti-cgt-arm_20.2.7.LTS/bin/armcl" -mv7M4 --code_state=16 --float_support=FPv4SPD16 -me --include_path="U:/CprE288/lab_5" --include_path="C:/ti/TivaWare_C_Series-2.2.0.295" --include_path="C:/ti/ccs1271/ccs/tools/compiler/ti-cgt-arm_20.2.7.LTS/include" --define=ccs="ccs" --define=PART_TM4C123GH6PM -g --gcc --diag_warning=225 --diag_wrap=off --display_error_number --abi=eabi --preproc_with_compile --preproc_dependency="movement.d_raw"  "../movement.c"
Finished building: "../movement.c"
 
Building target: "lab_5.out"
Invoking: Arm Linker
"C:/ti/ccs1271/ccs/tools/compiler/ti-cgt-arm_20.2.7.LTS/bin/armcl" -mv7M4 --code_state=16 --float_support=FPv4SPD16 -me --define=ccs="ccs" --define=PART_TM4C123GH6PM -g --gcc --diag_warning=225 --diag_wrap=off --display_error_number --abi=eabi -z -m"lab_5.map" --heap_size=1024 --stack_size=2048 -i"C:/ti/ccs1271/ccs/tools/compiler/ti-cgt-arm_20.2.7.LTS/lib" -i"C:/ti/ccs1271/ccs/tools/compiler/ti-cgt-arm_20.2.7.LTS/include" --reread_libs --diag_wrap=off --display_error_number --warn_sections --xml_link_info="lab_5_linkInfo.xml" --rom_model -o "lab_5.out" "./Timer.obj" "./button.obj" "./handle_data.obj" "./handle_scan.obj" "./lcd.obj" "./main.obj" "./movement.obj" "./open_interface.obj" "./tm4c123gh6pm_startup_ccs.obj" "../libcybotScan.lib" "../libcybotUART.lib" "../tm4c123gh6pm.cmd"  -llibc.a -l"C:/ti/TivaWare_C_Series-2.2.0.295/driverlib/ccs/Debug/driverlib.lib" 
<Linking>
Finished building target: "lab_5.out"
 

**** Build Finished ****

**** Build of configuration Debug for project lab_5 ****

"C:\\ti\\ccs1271\\ccs\\utils\\bin\\gmake" -k -j 20 all -O 
 
Building file: "../movement.c"
Invoking: Arm Compiler
"C:/ti/ccs1271/ccs/tools/compiler/ti-cgt-arm_20.2.7.LTS/bin/armcl" -mv7M4 --code_state=16 --float_support=FPv4SPD16 -me --include_path="U:/CprE288/lab_5" --include_path="C:/ti/TivaWare_C_Series-2.2.0.295" --include_path="C:/ti/ccs1271/ccs/tools/compiler/ti-cgt-arm_20.2.7.LTS/include" --define=ccs="ccs" --define=PART_TM4C123GH6PM -g --gcc --diag_warning=225 --diag_wrap=off --display_error_number --abi=eabi --preproc_with_compile --preproc_dependency="movement.d_raw"  "../movement.c"
Finished building: "../movement.c"
 
Building target: "lab_5.out"
Invoking: Arm Linker
"C:/ti/ccs1271/ccs/tools/compiler/ti-cgt-arm_20.2.7.LTS/bin/armcl" -mv7M4 --code_state=16 --float_support=FPv4SPD16 -me --define=ccs="ccs" --define=PART_TM4C123GH6PM -g --gcc --diag_warning=225 --diag_wrap=off --display_error_number --abi=eabi -z -m"lab_5.map" --heap_size=1024 --stack_size=2048 -i"C:/ti/ccs1271/ccs/tools/compiler/ti-cgt-arm_20.2.7.LTS/lib" -i"C:/ti/ccs1271/ccs/tools/compiler/ti-cgt-arm_20.2.7.LTS/include" --reread_libs --diag_wrap=off --display_error_number --warn_sections --xml_link_info="lab_5_linkInfo.xml" --rom_model -o "lab_5.out" "./Timer.obj" "./button.obj" "./handle_data.obj" "./handle_scan.obj" "./lcd.obj" "./main.obj" "./movement.obj" "./open_interface.obj" "./tm4c123gh6pm_startup_ccs.obj" "../libcybotScan.lib" "../libcybotUART.lib" "../tm4c123gh6pm.cmd"  -llibc.a -l"C:/ti/TivaWare_C_Series-2.2.0.295/driverlib/ccs/Debug/driverlib.lib" 
<Linking>
Finished building target: "lab_5.out"
 

**** Build Finished ****

**** Build of configuration Debug for project lab_5 ****

"C:\\ti\\ccs1271\\ccs\\utils\\bin\\gmake" -k -j 20 all -O 
 
Building file: "../movement.c"
Invoking: Arm Compiler
"C:/ti/ccs1271/ccs/tools/compiler/ti-cgt-arm_20.2.7.LTS/bin/armcl" -mv7M4 --code_state=16 --float_support=FPv4SPD16 -me --include_path="U:/CprE288/lab_5" --include_path="C:/ti/TivaWare_C_Series-2.2.0.295" --include_path="C:/ti/ccs1271/ccs/tools/compiler/ti-cgt-arm_20.2.7.LTS/include" --define=ccs="ccs" --define=PART_TM4C123GH6PM -g --gcc --diag_warning=225 --diag_wrap=off --display_error_number --abi=eabi --preproc_with_compile --preproc_dependency="movement.d_raw"  "../movement.c"
Finished building: "../movement.c"
 
Building target: "lab_5.out"
Invoking: Arm Linker
"C:/ti/ccs1271/ccs/tools/compiler/ti-cgt-arm_20.2.7.LTS/bin/armcl" -mv7M4 --code_state=16 --float_support=FPv4SPD16 -me --define=ccs="ccs" --define=PART_TM4C123GH6PM -g --gcc --diag_warning=225 --diag_wrap=off --display_error_number --abi=eabi -z -m"lab_5.map" --heap_size=1024 --stack_size=2048 -i"C:/ti/ccs1271/ccs/tools/compiler/ti-cgt-arm_20.2.7.LTS/lib" -i"C:/ti/ccs1271/ccs/tools/compiler/ti-cgt-arm_20.2.7.LTS/include" --reread_libs --diag_wrap=off --display_error_number --warn_sections --xml_link_info="lab_5_linkInfo.xml" --rom_model -o "lab_5.out" "./Timer.obj" "./button.obj" "./handle_data.obj" "./handle_scan.obj" "./lcd.obj" "./main.obj" "./movement.obj" "./open_interface.obj" "./tm4c123gh6pm_startup_ccs.obj" "../libcybotScan.lib" "../libcybotUART.lib" "../tm4c123gh6pm.cmd"  -llibc.a -l"C:/ti/TivaWare_C_Series-2.2.0.295/driverlib/ccs/Debug/driverlib.lib" 
<Linking>
Finished building target: "lab_5.out"
 

**** Build Finished ****

**** Build of configuration Debug for project lab_5 ****

"C:\\ti\\ccs1271\\ccs\\utils\\bin\\gmake" -k -j 20 all -O 
 
Building file: "../main.c"
Invoking: Arm Compiler
"C:/ti/ccs1271/ccs/tools/compiler/ti-cgt-arm_20.2.7.LTS/bin/armcl" -mv7M4 --code_state=16 --float_support=FPv4SPD16 -me --include_path="U:/CprE288/lab_5" --include_path="C:/ti/TivaWare_C_Series-2.2.0.295" --include_path="C:/ti/ccs1271/ccs/tools/compiler/ti-cgt-arm_20.2.7.LTS/include" --define=ccs="ccs" --define=PART_TM4C123GH6PM -g --gcc --diag_warning=225 --diag_wrap=off --display_error_number --abi=eabi --preproc_with_compile --preproc_dependency="main.d_raw"  "../main.c"
"..\movement.h", line 82: warning #1-D: last line of file ends without a newline
Finished building: "../main.c"
 
Building file: "../movement.c"
Invoking: Arm Compiler
"C:/ti/ccs1271/ccs/tools/compiler/ti-cgt-arm_20.2.7.LTS/bin/armcl" -mv7M4 --code_state=16 --float_support=FPv4SPD16 -me --include_path="U:/CprE288/lab_5" --include_path="C:/ti/TivaWare_C_Series-2.2.0.295" --include_path="C:/ti/ccs1271/ccs/tools/compiler/ti-cgt-arm_20.2.7.LTS/include" --define=ccs="ccs" --define=PART_TM4C123GH6PM -g --gcc --diag_warning=225 --diag_wrap=off --display_error_number --abi=eabi --preproc_with_compile --preproc_dependency="movement.d_raw"  "../movement.c"
"..\movement.h", line 82: warning #1-D: last line of file ends without a newline
"../movement.c", line 169: warning #1-D: last line of file ends without a newline
Finished building: "../movement.c"
 
Building target: "lab_5.out"
Invoking: Arm Linker
"C:/ti/ccs1271/ccs/tools/compiler/ti-cgt-arm_20.2.7.LTS/bin/armcl" -mv7M4 --code_state=16 --float_support=FPv4SPD16 -me --define=ccs="ccs" --define=PART_TM4C123GH6PM -g --gcc --diag_warning=225 --diag_wrap=off --display_error_number --abi=eabi -z -m"lab_5.map" --heap_size=1024 --stack_size=2048 -i"C:/ti/ccs1271/ccs/tools/compiler/ti-cgt-arm_20.2.7.LTS/lib" -i"C:/ti/ccs1271/ccs/tools/compiler/ti-cgt-arm_20.2.7.LTS/include" --reread_libs --diag_wrap=off --display_error_number --warn_sections --xml_link_info="lab_5_linkInfo.xml" --rom_model -o "lab_5.out" "./Timer.obj" "./button.obj" "./handle_data.obj" "./handle_scan.obj" "./lcd.obj" "./main.obj" "./movement.obj" "./open_interface.obj" "./tm4c123gh6pm_startup_ccs.obj" "../libcybotScan.lib" "../libcybotUART.lib" "../tm4c123gh6pm.cmd"  -llibc.a -l"C:/ti/TivaWare_C_Series-2.2.0.295/driverlib/ccs/Debug/driverlib.lib" 
<Linking>
Finished building target: "lab_5.out"
 

**** Build Finished ****

**** Build of configuration Debug for project lab_5 ****

"C:\\ti\\ccs1271\\ccs\\utils\\bin\\gmake" -k -j 20 all -O 
 
Building file: "../main.c"
Invoking: Arm Compiler
"C:/ti/ccs1271/ccs/tools/compiler/ti-cgt-arm_20.2.7.LTS/bin/armcl" -mv7M4 --code_state=16 --float_support=FPv4SPD16 -me --include_path="U:/CprE288/lab_5" --include_path="C:/ti/TivaWare_C_Series-2.2.0.295" --include_path="C:/ti/ccs1271/ccs/tools/compiler/ti-cgt-arm_20.2.7.LTS/include" --define=ccs="ccs" --define=PART_TM4C123GH6PM -g --gcc --diag_warning=225 --diag_wrap=off --display_error_number --abi=eabi --preproc_with_compile --preproc_dependency="main.d_raw"  "../main.c"
"..\movement.h", line 82: warning #1-D: last line of file ends without a newline
Finished building: "../main.c"
 
Building target: "lab_5.out"
Invoking: Arm Linker
"C:/ti/ccs1271/ccs/tools/compiler/ti-cgt-arm_20.2.7.LTS/bin/armcl" -mv7M4 --code_state=16 --float_support=FPv4SPD16 -me --define=ccs="ccs" --define=PART_TM4C123GH6PM -g --gcc --diag_warning=225 --diag_wrap=off --display_error_number --abi=eabi -z -m"lab_5.map" --heap_size=1024 --stack_size=2048 -i"C:/ti/ccs1271/ccs/tools/compiler/ti-cgt-arm_20.2.7.LTS/lib" -i"C:/ti/ccs1271/ccs/tools/compiler/ti-cgt-arm_20.2.7.LTS/include" --reread_libs --diag_wrap=off --display_error_number --warn_sections --xml_link_info="lab_5_linkInfo.xml" --rom_model -o "lab_5.out" "./Timer.obj" "./button.obj" "./handle_data.obj" "./handle_scan.obj" "./lcd.obj" "./main.obj" "./movement.obj" "./open_interface.obj" "./tm4c123gh6pm_startup_ccs.obj" "../libcybotScan.lib" "../libcybotUART.lib" "../tm4c123gh6pm.cmd"  -llibc.a -l"C:/ti/TivaWare_C_Series-2.2.0.295/driverlib/ccs/Debug/driverlib.lib" 
<Linking>
Finished building target: "lab_5.out"
 

**** Build Finished ****

**** Build of configuration Debug for project lab_5 ****

"C:\\ti\\ccs1271\\ccs\\utils\\bin\\gmake" -k -j 20 all -O 
 
Building file: "../main.c"
Invoking: Arm Compiler
"C:/ti/ccs1271/ccs/tools/compiler/ti-cgt-arm_20.2.7.LTS/bin/armcl" -mv7M4 --code_state=16 --float_support=FPv4SPD16 -me --include_path="U:/CprE288/lab_5" --include_path="C:/ti/TivaWare_C_Series-2.2.0.295" --include_path="C:/ti/ccs1271/ccs/tools/compiler/ti-cgt-arm_20.2.7.LTS/include" --define=ccs="ccs" --define=PART_TM4C123GH6PM -g --gcc --diag_warning=225 --diag_wrap=off --display_error_number --abi=eabi --preproc_with_compile --preproc_dependency="main.d_raw"  "../main.c"
"..\movement.h", line 128: warning #1-D: last line of file ends without a newline
Finished building: "../main.c"
 
Building file: "../movement.c"
Invoking: Arm Compiler
"C:/ti/ccs1271/ccs/tools/compiler/ti-cgt-arm_20.2.7.LTS/bin/armcl" -mv7M4 --code_state=16 --float_support=FPv4SPD16 -me --include_path="U:/CprE288/lab_5" --include_path="C:/ti/TivaWare_C_Series-2.2.0.295" --include_path="C:/ti/ccs1271/ccs/tools/compiler/ti-cgt-arm_20.2.7.LTS/include" --define=ccs="ccs" --define=PART_TM4C123GH6PM -g --gcc --diag_warning=225 --diag_wrap=off --display_error_number --abi=eabi --preproc_with_compile --preproc_dependency="movement.d_raw"  "../movement.c"
"..\movement.h", line 128: warning #1-D: last line of file ends without a newline
"../movement.c", line 566: warning #1-D: last line of file ends without a newline
Finished building: "../movement.c"
 
Building target: "lab_5.out"
Invoking: Arm Linker
"C:/ti/ccs1271/ccs/tools/compiler/ti-cgt-arm_20.2.7.LTS/bin/armcl" -mv7M4 --code_state=16 --float_support=FPv4SPD16 -me --define=ccs="ccs" --define=PART_TM4C123GH6PM -g --gcc --diag_warning=225 --diag_wrap=off --display_error_number --abi=eabi -z -m"lab_5.map" --heap_size=1024 --stack_size=2048 -i"C:/ti/ccs1271/ccs/tools/compiler/ti-cgt-arm_20.2.7.LTS/lib" -i"C:/ti/ccs1271/ccs/tools/compiler/ti-cgt-arm_20.2.7.LTS/include" --reread_libs --diag_wrap=off --display_error_number --warn_sections --xml_link_info="lab_5_linkInfo.xml" --rom_model -o "lab_5.out" "./Timer.obj" "./button.obj" "./handle_data.obj" "./handle_scan.obj" "./lcd.obj" "./main.obj" "./movement.obj" "./open_interface.obj" "./tm4c123gh6pm_startup_ccs.obj" "../libcybotScan.lib" "../libcybotUART.lib" "../tm4c123gh6pm.cmd"  -llibc.a -l"C:/ti/TivaWare_C_Series-2.2.0.295/driverlib/ccs/Debug/driverlib.lib" 
<Linking>
Finished building target: "lab_5.out"
 

**** Build Finished ****

**** Build of configuration Debug for project lab_5 ****

"C:\\ti\\ccs1271\\ccs\\utils\\bin\\gmake" -k -j 20 all -O 
 
Building file: "../main.c"
Invoking: Arm Compiler
"C:/ti/ccs1271/ccs/tools/compiler/ti-cgt-arm_20.2.7.LTS/bin/armcl" -mv7M4 --code_state=16 --float_support=FPv4SPD16 -me --include_path="U:/CprE288/lab_5" --include_path="C:/ti/TivaWare_C_Series-2.2.0.295" --include_path="C:/ti/ccs1271/ccs/tools/compiler/ti-cgt-arm_20.2.7.LTS/include" --define=ccs="ccs" --define=PART_TM4C123GH6PM -g --gcc --diag_warning=225 --diag_wrap=off --display_error_number --abi=eabi --preproc_with_compile --preproc_dependency="main.d_raw"  "../main.c"
"..\movement.h", line 128: warning #1-D: last line of file ends without a newline
Finished building: "../main.c"
 
Building target: "lab_5.out"
Invoking: Arm Linker
"C:/ti/ccs1271/ccs/tools/compiler/ti-cgt-arm_20.2.7.LTS/bin/armcl" -mv7M4 --code_state=16 --float_support=FPv4SPD16 -me --define=ccs="ccs" --define=PART_TM4C123GH6PM -g --gcc --diag_warning=225 --diag_wrap=off --display_error_number --abi=eabi -z -m"lab_5.map" --heap_size=1024 --stack_size=2048 -i"C:/ti/ccs1271/ccs/tools/compiler/ti-cgt-arm_20.2.7.LTS/lib" -i"C:/ti/ccs1271/ccs/tools/compiler/ti-cgt-arm_20.2.7.LTS/include" --reread_libs --diag_wrap=off --display_error_number --warn_sections --xml_link_info="lab_5_linkInfo.xml" --rom_model -o "lab_5.out" "./Timer.obj" "./button.obj" "./handle_data.obj" "./handle_scan.obj" "./lcd.obj" "./main.obj" "./movement.obj" "./open_interface.obj" "./tm4c123gh6pm_startup_ccs.obj" "../libcybotScan.lib" "../libcybotUART.lib" "../tm4c123gh6pm.cmd"  -llibc.a -l"C:/ti/TivaWare_C_Series-2.2.0.295/driverlib/ccs/Debug/driverlib.lib" 
<Linking>
Finished building target: "lab_5.out"
 

**** Build Finished ****

**** Build of configuration Debug for project lab_5 ****

"C:\\ti\\ccs1271\\ccs\\utils\\bin\\gmake" -k -j 20 all -O 
 
Building file: "../main.c"
Invoking: Arm Compiler
"C:/ti/ccs1271/ccs/tools/compiler/ti-cgt-arm_20.2.7.LTS/bin/armcl" -mv7M4 --code_state=16 --float_support=FPv4SPD16 -me --include_path="U:/CprE288/lab_5" --include_path="C:/ti/TivaWare_C_Series-2.2.0.295" --include_path="C:/ti/ccs1271/ccs/tools/compiler/ti-cgt-arm_20.2.7.LTS/include" --define=ccs="ccs" --define=PART_TM4C123GH6PM -g --gcc --diag_warning=225 --diag_wrap=off --display_error_number --abi=eabi --preproc_with_compile --preproc_dependency="main.d_raw"  "../main.c"
"..\movement.h", line 128: warning #1-D: last line of file ends without a newline
Finished building: "../main.c"
 
Building target: "lab_5.out"
Invoking: Arm Linker
"C:/ti/ccs1271/ccs/tools/compiler/ti-cgt-arm_20.2.7.LTS/bin/armcl" -mv7M4 --code_state=16 --float_support=FPv4SPD16 -me --define=ccs="ccs" --define=PART_TM4C123GH6PM -g --gcc --diag_warning=225 --diag_wrap=off --display_error_number --abi=eabi -z -m"lab_5.map" --heap_size=1024 --stack_size=2048 -i"C:/ti/ccs1271/ccs/tools/compiler/ti-cgt-arm_20.2.7.LTS/lib" -i"C:/ti/ccs1271/ccs/tools/compiler/ti-cgt-arm_20.2.7.LTS/include" --reread_libs --diag_wrap=off --display_error_number --warn_sections --xml_link_info="lab_5_linkInfo.xml" --rom_model -o "lab_5.out" "./Timer.obj" "./button.obj" "./handle_data.obj" "./handle_scan.obj" "./lcd.obj" "./main.obj" "./movement.obj" "./open_interface.obj" "./tm4c123gh6pm_startup_ccs.obj" "../libcybotScan.lib" "../libcybotUART.lib" "../tm4c123gh6pm.cmd"  -llibc.a -l"C:/ti/TivaWare_C_Series-2.2.0.295/driverlib/ccs/Debug/driverlib.lib" 
<Linking>
Finished building target: "lab_5.out"
 

**** Build Finished ****

**** Build of configuration Debug for project lab_5 ****

"C:\\ti\\ccs1271\\ccs\\utils\\bin\\gmake" -k -j 20 all -O 
 
Building file: "../main.c"
Invoking: Arm Compiler
"C:/ti/ccs1271/ccs/tools/compiler/ti-cgt-arm_20.2.7.LTS/bin/armcl" -mv7M4 --code_state=16 --float_support=FPv4SPD16 -me --include_path="U:/CprE288/lab_5" --include_path="C:/ti/TivaWare_C_Series-2.2.0.295" --include_path="C:/ti/ccs1271/ccs/tools/compiler/ti-cgt-arm_20.2.7.LTS/include" --define=ccs="ccs" --define=PART_TM4C123GH6PM -g --gcc --diag_warning=225 --diag_wrap=off --display_error_number --abi=eabi --preproc_with_compile --preproc_dependency="main.d_raw"  "../main.c"
"..\movement.h", line 128: warning #1-D: last line of file ends without a newline
Finished building: "../main.c"
 
Building target: "lab_5.out"
Invoking: Arm Linker
"C:/ti/ccs1271/ccs/tools/compiler/ti-cgt-arm_20.2.7.LTS/bin/armcl" -mv7M4 --code_state=16 --float_support=FPv4SPD16 -me --define=ccs="ccs" --define=PART_TM4C123GH6PM -g --gcc --diag_warning=225 --diag_wrap=off --display_error_number --abi=eabi -z -m"lab_5.map" --heap_size=1024 --stack_size=2048 -i"C:/ti/ccs1271/ccs/tools/compiler/ti-cgt-arm_20.2.7.LTS/lib" -i"C:/ti/ccs1271/ccs/tools/compiler/ti-cgt-arm_20.2.7.LTS/include" --reread_libs --diag_wrap=off --display_error_number --warn_sections --xml_link_info="lab_5_linkInfo.xml" --rom_model -o "lab_5.out" "./Timer.obj" "./button.obj" "./handle_data.obj" "./handle_scan.obj" "./lcd.obj" "./main.obj" "./movement.obj" "./open_interface.obj" "./tm4c123gh6pm_startup_ccs.obj" "../libcybotScan.lib" "../libcybotUART.lib" "../tm4c123gh6pm.cmd"  -llibc.a -l"C:/ti/TivaWare_C_Series-2.2.0.295/driverlib/ccs/Debug/driverlib.lib" 
<Linking>
Finished building target: "lab_5.out"
 

**** Build Finished ****

**** Build of configuration Debug for project lab_5 ****

"C:\\ti\\ccs1271\\ccs\\utils\\bin\\gmake" -k -j 20 all -O 
 
Building file: "../main.c"
Invoking: Arm Compiler
"C:/ti/ccs1271/ccs/tools/compiler/ti-cgt-arm_20.2.7.LTS/bin/armcl" -mv7M4 --code_state=16 --float_support=FPv4SPD16 -me --include_path="U:/CprE288/lab_5" --include_path="C:/ti/TivaWare_C_Series-2.2.0.295" --include_path="C:/ti/ccs1271/ccs/tools/compiler/ti-cgt-arm_20.2.7.LTS/include" --define=ccs="ccs" --define=PART_TM4C123GH6PM -g --gcc --diag_warning=225 --diag_wrap=off --display_error_number --abi=eabi --preproc_with_compile --preproc_dependency="main.d_raw"  "../main.c"
"..\movement.h", line 128: warning #1-D: last line of file ends without a newline
Finished building: "../main.c"
 
Building target: "lab_5.out"
Invoking: Arm Linker
"C:/ti/ccs1271/ccs/tools/compiler/ti-cgt-arm_20.2.7.LTS/bin/armcl" -mv7M4 --code_state=16 --float_support=FPv4SPD16 -me --define=ccs="ccs" --define=PART_TM4C123GH6PM -g --gcc --diag_warning=225 --diag_wrap=off --display_error_number --abi=eabi -z -m"lab_5.map" --heap_size=1024 --stack_size=2048 -i"C:/ti/ccs1271/ccs/tools/compiler/ti-cgt-arm_20.2.7.LTS/lib" -i"C:/ti/ccs1271/ccs/tools/compiler/ti-cgt-arm_20.2.7.LTS/include" --reread_libs --diag_wrap=off --display_error_number --warn_sections --xml_link_info="lab_5_linkInfo.xml" --rom_model -o "lab_5.out" "./Timer.obj" "./button.obj" "./handle_data.obj" "./handle_scan.obj" "./lcd.obj" "./main.obj" "./movement.obj" "./open_interface.obj" "./tm4c123gh6pm_startup_ccs.obj" "../libcybotScan.lib" "../libcybotUART.lib" "../tm4c123gh6pm.cmd"  -llibc.a -l"C:/ti/TivaWare_C_Series-2.2.0.295/driverlib/ccs/Debug/driverlib.lib" 
<Linking>
Finished building target: "lab_5.out"
 

**** Build Finished ****

**** Build of configuration Debug for project lab_5 ****

"C:\\ti\\ccs1271\\ccs\\utils\\bin\\gmake" -k -j 20 all -O 
 
Building file: "../main.c"
Invoking: Arm Compiler
"C:/ti/ccs1271/ccs/tools/compiler/ti-cgt-arm_20.2.7.LTS/bin/armcl" -mv7M4 --code_state=16 --float_support=FPv4SPD16 -me --include_path="U:/CprE288/lab_5" --include_path="C:/ti/TivaWare_C_Series-2.2.0.295" --include_path="C:/ti/ccs1271/ccs/tools/compiler/ti-cgt-arm_20.2.7.LTS/include" --define=ccs="ccs" --define=PART_TM4C123GH6PM -g --gcc --diag_warning=225 --diag_wrap=off --display_error_number --abi=eabi --preproc_with_compile --preproc_dependency="main.d_raw"  "../main.c"
"..\movement.h", line 128: warning #1-D: last line of file ends without a newline
Finished building: "../main.c"
 
Building file: "../movement.c"
Invoking: Arm Compiler
"C:/ti/ccs1271/ccs/tools/compiler/ti-cgt-arm_20.2.7.LTS/bin/armcl" -mv7M4 --code_state=16 --float_support=FPv4SPD16 -me --include_path="U:/CprE288/lab_5" --include_path="C:/ti/TivaWare_C_Series-2.2.0.295" --include_path="C:/ti/ccs1271/ccs/tools/compiler/ti-cgt-arm_20.2.7.LTS/include" --define=ccs="ccs" --define=PART_TM4C123GH6PM -g --gcc --diag_warning=225 --diag_wrap=off --display_error_number --abi=eabi --preproc_with_compile --preproc_dependency="movement.d_raw"  "../movement.c"
"..\movement.h", line 128: warning #1-D: last line of file ends without a newline
"../movement.c", line 576: warning #1-D: last line of file ends without a newline
Finished building: "../movement.c"
 
Building target: "lab_5.out"
Invoking: Arm Linker
"C:/ti/ccs1271/ccs/tools/compiler/ti-cgt-arm_20.2.7.LTS/bin/armcl" -mv7M4 --code_state=16 --float_support=FPv4SPD16 -me --define=ccs="ccs" --define=PART_TM4C123GH6PM -g --gcc --diag_warning=225 --diag_wrap=off --display_error_number --abi=eabi -z -m"lab_5.map" --heap_size=1024 --stack_size=2048 -i"C:/ti/ccs1271/ccs/tools/compiler/ti-cgt-arm_20.2.7.LTS/lib" -i"C:/ti/ccs1271/ccs/tools/compiler/ti-cgt-arm_20.2.7.LTS/include" --reread_libs --diag_wrap=off --display_error_number --warn_sections --xml_link_info="lab_5_linkInfo.xml" --rom_model -o "lab_5.out" "./Timer.obj" "./button.obj" "./handle_data.obj" "./handle_scan.obj" "./lcd.obj" "./main.obj" "./movement.obj" "./open_interface.obj" "./tm4c123gh6pm_startup_ccs.obj" "../libcybotScan.lib" "../libcybotUART.lib" "../tm4c123gh6pm.cmd"  -llibc.a -l"C:/ti/TivaWare_C_Series-2.2.0.295/driverlib/ccs/Debug/driverlib.lib" 
<Linking>
Finished building target: "lab_5.out"
 

**** Build Finished ****

**** Build of configuration Debug for project lab_5 ****

"C:\\ti\\ccs1271\\ccs\\utils\\bin\\gmake" -k -j 20 all -O 
 
Building file: "../movement.c"
Invoking: Arm Compiler
"C:/ti/ccs1271/ccs/tools/compiler/ti-cgt-arm_20.2.7.LTS/bin/armcl" -mv7M4 --code_state=16 --float_support=FPv4SPD16 -me --include_path="U:/CprE288/lab_5" --include_path="C:/ti/TivaWare_C_Series-2.2.0.295" --include_path="C:/ti/ccs1271/ccs/tools/compiler/ti-cgt-arm_20.2.7.LTS/include" --define=ccs="ccs" --define=PART_TM4C123GH6PM -g --gcc --diag_warning=225 --diag_wrap=off --display_error_number --abi=eabi --preproc_with_compile --preproc_dependency="movement.d_raw"  "../movement.c"
"..\movement.h", line 128: warning #1-D: last line of file ends without a newline
Finished building: "../movement.c"
 
Building target: "lab_5.out"
Invoking: Arm Linker
"C:/ti/ccs1271/ccs/tools/compiler/ti-cgt-arm_20.2.7.LTS/bin/armcl" -mv7M4 --code_state=16 --float_support=FPv4SPD16 -me --define=ccs="ccs" --define=PART_TM4C123GH6PM -g --gcc --diag_warning=225 --diag_wrap=off --display_error_number --abi=eabi -z -m"lab_5.map" --heap_size=1024 --stack_size=2048 -i"C:/ti/ccs1271/ccs/tools/compiler/ti-cgt-arm_20.2.7.LTS/lib" -i"C:/ti/ccs1271/ccs/tools/compiler/ti-cgt-arm_20.2.7.LTS/include" --reread_libs --diag_wrap=off --display_error_number --warn_sections --xml_link_info="lab_5_linkInfo.xml" --rom_model -o "lab_5.out" "./Timer.obj" "./button.obj" "./handle_data.obj" "./handle_scan.obj" "./lcd.obj" "./main.obj" "./movement.obj" "./open_interface.obj" "./tm4c123gh6pm_startup_ccs.obj" "../libcybotScan.lib" "../libcybotUART.lib" "../tm4c123gh6pm.cmd"  -llibc.a -l"C:/ti/TivaWare_C_Series-2.2.0.295/driverlib/ccs/Debug/driverlib.lib" 
<Linking>
Finished building target: "lab_5.out"
 

**** Build Finished ****

**** Build of configuration Debug for project lab_5 ****

"C:\\ti\\ccs1271\\ccs\\utils\\bin\\gmake" -k -j 20 all -O 
 
Building file: "../movement.c"
Invoking: Arm Compiler
"C:/ti/ccs1271/ccs/tools/compiler/ti-cgt-arm_20.2.7.LTS/bin/armcl" -mv7M4 --code_state=16 --float_support=FPv4SPD16 -me --include_path="U:/CprE288/lab_5" --include_path="C:/ti/TivaWare_C_Series-2.2.0.295" --include_path="C:/ti/ccs1271/ccs/tools/compiler/ti-cgt-arm_20.2.7.LTS/include" --define=ccs="ccs" --define=PART_TM4C123GH6PM -g --gcc --diag_warning=225 --diag_wrap=off --display_error_number --abi=eabi --preproc_with_compile --preproc_dependency="movement.d_raw"  "../movement.c"
"..\movement.h", line 128: warning #1-D: last line of file ends without a newline
Finished building: "../movement.c"
 
Building target: "lab_5.out"
Invoking: Arm Linker
"C:/ti/ccs1271/ccs/tools/compiler/ti-cgt-arm_20.2.7.LTS/bin/armcl" -mv7M4 --code_state=16 --float_support=FPv4SPD16 -me --define=ccs="ccs" --define=PART_TM4C123GH6PM -g --gcc --diag_warning=225 --diag_wrap=off --display_error_number --abi=eabi -z -m"lab_5.map" --heap_size=1024 --stack_size=2048 -i"C:/ti/ccs1271/ccs/tools/compiler/ti-cgt-arm_20.2.7.LTS/lib" -i"C:/ti/ccs1271/ccs/tools/compiler/ti-cgt-arm_20.2.7.LTS/include" --reread_libs --diag_wrap=off --display_error_number --warn_sections --xml_link_info="lab_5_linkInfo.xml" --rom_model -o "lab_5.out" "./Timer.obj" "./button.obj" "./handle_data.obj" "./handle_scan.obj" "./lcd.obj" "./main.obj" "./movement.obj" "./open_interface.obj" "./tm4c123gh6pm_startup_ccs.obj" "../libcybotScan.lib" "../libcybotUART.lib" "../tm4c123gh6pm.cmd"  -llibc.a -l"C:/ti/TivaWare_C_Series-2.2.0.295/driverlib/ccs/Debug/driverlib.lib" 
<Linking>
Finished building target: "lab_5.out"
 

**** Build Finished ****

**** Build of configuration Debug for project lab_5 ****

"C:\\ti\\ccs1271\\ccs\\utils\\bin\\gmake" -k -j 20 all -O 
 
Building file: "../movement.c"
Invoking: Arm Compiler
"C:/ti/ccs1271/ccs/tools/compiler/ti-cgt-arm_20.2.7.LTS/bin/armcl" -mv7M4 --code_state=16 --float_support=FPv4SPD16 -me --include_path="U:/CprE288/lab_5" --include_path="C:/ti/TivaWare_C_Series-2.2.0.295" --include_path="C:/ti/ccs1271/ccs/tools/compiler/ti-cgt-arm_20.2.7.LTS/include" --define=ccs="ccs" --define=PART_TM4C123GH6PM -g --gcc --diag_warning=225 --diag_wrap=off --display_error_number --abi=eabi --preproc_with_compile --preproc_dependency="movement.d_raw"  "../movement.c"
"..\movement.h", line 128: warning #1-D: last line of file ends without a newline
Finished building: "../movement.c"
 
Building target: "lab_5.out"
Invoking: Arm Linker
"C:/ti/ccs1271/ccs/tools/compiler/ti-cgt-arm_20.2.7.LTS/bin/armcl" -mv7M4 --code_state=16 --float_support=FPv4SPD16 -me --define=ccs="ccs" --define=PART_TM4C123GH6PM -g --gcc --diag_warning=225 --diag_wrap=off --display_error_number --abi=eabi -z -m"lab_5.map" --heap_size=1024 --stack_size=2048 -i"C:/ti/ccs1271/ccs/tools/compiler/ti-cgt-arm_20.2.7.LTS/lib" -i"C:/ti/ccs1271/ccs/tools/compiler/ti-cgt-arm_20.2.7.LTS/include" --reread_libs --diag_wrap=off --display_error_number --warn_sections --xml_link_info="lab_5_linkInfo.xml" --rom_model -o "lab_5.out" "./Timer.obj" "./button.obj" "./handle_data.obj" "./handle_scan.obj" "./lcd.obj" "./main.obj" "./movement.obj" "./open_interface.obj" "./tm4c123gh6pm_startup_ccs.obj" "../libcybotScan.lib" "../libcybotUART.lib" "../tm4c123gh6pm.cmd"  -llibc.a -l"C:/ti/TivaWare_C_Series-2.2.0.295/driverlib/ccs/Debug/driverlib.lib" 
<Linking>
Finished building target: "lab_5.out"
 

**** Build Finished ****

**** Build of configuration Debug for project lab_5 ****

"C:\\ti\\ccs1271\\ccs\\utils\\bin\\gmake" -k -j 20 all -O 
 
Building file: "../movement.c"
Invoking: Arm Compiler
"C:/ti/ccs1271/ccs/tools/compiler/ti-cgt-arm_20.2.7.LTS/bin/armcl" -mv7M4 --code_state=16 --float_support=FPv4SPD16 -me --include_path="U:/CprE288/lab_5" --include_path="C:/ti/TivaWare_C_Series-2.2.0.295" --include_path="C:/ti/ccs1271/ccs/tools/compiler/ti-cgt-arm_20.2.7.LTS/include" --define=ccs="ccs" --define=PART_TM4C123GH6PM -g --gcc --diag_warning=225 --diag_wrap=off --display_error_number --abi=eabi --preproc_with_compile --preproc_dependency="movement.d_raw"  "../movement.c"
"..\movement.h", line 128: warning #1-D: last line of file ends without a newline
Finished building: "../movement.c"
 
Building target: "lab_5.out"
Invoking: Arm Linker
"C:/ti/ccs1271/ccs/tools/compiler/ti-cgt-arm_20.2.7.LTS/bin/armcl" -mv7M4 --code_state=16 --float_support=FPv4SPD16 -me --define=ccs="ccs" --define=PART_TM4C123GH6PM -g --gcc --diag_warning=225 --diag_wrap=off --display_error_number --abi=eabi -z -m"lab_5.map" --heap_size=1024 --stack_size=2048 -i"C:/ti/ccs1271/ccs/tools/compiler/ti-cgt-arm_20.2.7.LTS/lib" -i"C:/ti/ccs1271/ccs/tools/compiler/ti-cgt-arm_20.2.7.LTS/include" --reread_libs --diag_wrap=off --display_error_number --warn_sections --xml_link_info="lab_5_linkInfo.xml" --rom_model -o "lab_5.out" "./Timer.obj" "./button.obj" "./handle_data.obj" "./handle_scan.obj" "./lcd.obj" "./main.obj" "./movement.obj" "./open_interface.obj" "./tm4c123gh6pm_startup_ccs.obj" "../libcybotScan.lib" "../libcybotUART.lib" "../tm4c123gh6pm.cmd"  -llibc.a -l"C:/ti/TivaWare_C_Series-2.2.0.295/driverlib/ccs/Debug/driverlib.lib" 
<Linking>
Finished building target: "lab_5.out"
 

**** Build Finished ****

**** Build of configuration Debug for project lab_5 ****

"C:\\ti\\ccs1271\\ccs\\utils\\bin\\gmake" -k -j 20 all -O 
 
Building file: "../movement.c"
Invoking: Arm Compiler
"C:/ti/ccs1271/ccs/tools/compiler/ti-cgt-arm_20.2.7.LTS/bin/armcl" -mv7M4 --code_state=16 --float_support=FPv4SPD16 -me --include_path="U:/CprE288/lab_5" --include_path="C:/ti/TivaWare_C_Series-2.2.0.295" --include_path="C:/ti/ccs1271/ccs/tools/compiler/ti-cgt-arm_20.2.7.LTS/include" --define=ccs="ccs" --define=PART_TM4C123GH6PM -g --gcc --diag_warning=225 --diag_wrap=off --display_error_number --abi=eabi --preproc_with_compile --preproc_dependency="movement.d_raw"  "../movement.c"
"..\movement.h", line 128: warning #1-D: last line of file ends without a newline
Finished building: "../movement.c"
 
Building target: "lab_5.out"
Invoking: Arm Linker
"C:/ti/ccs1271/ccs/tools/compiler/ti-cgt-arm_20.2.7.LTS/bin/armcl" -mv7M4 --code_state=16 --float_support=FPv4SPD16 -me --define=ccs="ccs" --define=PART_TM4C123GH6PM -g --gcc --diag_warning=225 --diag_wrap=off --display_error_number --abi=eabi -z -m"lab_5.map" --heap_size=1024 --stack_size=2048 -i"C:/ti/ccs1271/ccs/tools/compiler/ti-cgt-arm_20.2.7.LTS/lib" -i"C:/ti/ccs1271/ccs/tools/compiler/ti-cgt-arm_20.2.7.LTS/include" --reread_libs --diag_wrap=off --display_error_number --warn_sections --xml_link_info="lab_5_linkInfo.xml" --rom_model -o "lab_5.out" "./Timer.obj" "./button.obj" "./handle_data.obj" "./handle_scan.obj" "./lcd.obj" "./main.obj" "./movement.obj" "./open_interface.obj" "./tm4c123gh6pm_startup_ccs.obj" "../libcybotScan.lib" "../libcybotUART.lib" "../tm4c123gh6pm.cmd"  -llibc.a -l"C:/ti/TivaWare_C_Series-2.2.0.295/driverlib/ccs/Debug/driverlib.lib" 
<Linking>
Finished building target: "lab_5.out"
 

**** Build Finished ****

**** Build of configuration Debug for project lab_5 ****

"C:\\ti\\ccs1271\\ccs\\utils\\bin\\gmake" -k -j 20 all -O 
 
Building file: "../movement.c"
Invoking: Arm Compiler
"C:/ti/ccs1271/ccs/tools/compiler/ti-cgt-arm_20.2.7.LTS/bin/armcl" -mv7M4 --code_state=16 --float_support=FPv4SPD16 -me --include_path="U:/CprE288/lab_5" --include_path="C:/ti/TivaWare_C_Series-2.2.0.295" --include_path="C:/ti/ccs1271/ccs/tools/compiler/ti-cgt-arm_20.2.7.LTS/include" --define=ccs="ccs" --define=PART_TM4C123GH6PM -g --gcc --diag_warning=225 --diag_wrap=off --display_error_number --abi=eabi --preproc_with_compile --preproc_dependency="movement.d_raw"  "../movement.c"
"..\movement.h", line 128: warning #1-D: last line of file ends without a newline
Finished building: "../movement.c"
 
Building target: "lab_5.out"
Invoking: Arm Linker
"C:/ti/ccs1271/ccs/tools/compiler/ti-cgt-arm_20.2.7.LTS/bin/armcl" -mv7M4 --code_state=16 --float_support=FPv4SPD16 -me --define=ccs="ccs" --define=PART_TM4C123GH6PM -g --gcc --diag_warning=225 --diag_wrap=off --display_error_number --abi=eabi -z -m"lab_5.map" --heap_size=1024 --stack_size=2048 -i"C:/ti/ccs1271/ccs/tools/compiler/ti-cgt-arm_20.2.7.LTS/lib" -i"C:/ti/ccs1271/ccs/tools/compiler/ti-cgt-arm_20.2.7.LTS/include" --reread_libs --diag_wrap=off --display_error_number --warn_sections --xml_link_info="lab_5_linkInfo.xml" --rom_model -o "lab_5.out" "./Timer.obj" "./button.obj" "./handle_data.obj" "./handle_scan.obj" "./lcd.obj" "./main.obj" "./movement.obj" "./open_interface.obj" "./tm4c123gh6pm_startup_ccs.obj" "../libcybotScan.lib" "../libcybotUART.lib" "../tm4c123gh6pm.cmd"  -llibc.a -l"C:/ti/TivaWare_C_Series-2.2.0.295/driverlib/ccs/Debug/driverlib.lib" 
<Linking>
Finished building target: "lab_5.out"
 

**** Build Finished ****

**** Build of configuration Debug for project lab_5 ****

"C:\\ti\\ccs1271\\ccs\\utils\\bin\\gmake" -k -j 20 all -O 
 
Building file: "../main.c"
Invoking: Arm Compiler
"C:/ti/ccs1271/ccs/tools/compiler/ti-cgt-arm_20.2.7.LTS/bin/armcl" -mv7M4 --code_state=16 --float_support=FPv4SPD16 -me --include_path="U:/CprE288/lab_5" --include_path="C:/ti/TivaWare_C_Series-2.2.0.295" --include_path="C:/ti/ccs1271/ccs/tools/compiler/ti-cgt-arm_20.2.7.LTS/include" --define=ccs="ccs" --define=PART_TM4C123GH6PM -g --gcc --diag_warning=225 --diag_wrap=off --display_error_number --abi=eabi --preproc_with_compile --preproc_dependency="main.d_raw"  "../main.c"
"..\movement.h", line 128: warning #1-D: last line of file ends without a newline
Finished building: "../main.c"
 
Building file: "../movement.c"
Invoking: Arm Compiler
"C:/ti/ccs1271/ccs/tools/compiler/ti-cgt-arm_20.2.7.LTS/bin/armcl" -mv7M4 --code_state=16 --float_support=FPv4SPD16 -me --include_path="U:/CprE288/lab_5" --include_path="C:/ti/TivaWare_C_Series-2.2.0.295" --include_path="C:/ti/ccs1271/ccs/tools/compiler/ti-cgt-arm_20.2.7.LTS/include" --define=ccs="ccs" --define=PART_TM4C123GH6PM -g --gcc --diag_warning=225 --diag_wrap=off --display_error_number --abi=eabi --preproc_with_compile --preproc_dependency="movement.d_raw"  "../movement.c"
"..\movement.h", line 128: warning #1-D: last line of file ends without a newline
Finished building: "../movement.c"
 
Building target: "lab_5.out"
Invoking: Arm Linker
"C:/ti/ccs1271/ccs/tools/compiler/ti-cgt-arm_20.2.7.LTS/bin/armcl" -mv7M4 --code_state=16 --float_support=FPv4SPD16 -me --define=ccs="ccs" --define=PART_TM4C123GH6PM -g --gcc --diag_warning=225 --diag_wrap=off --display_error_number --abi=eabi -z -m"lab_5.map" --heap_size=1024 --stack_size=2048 -i"C:/ti/ccs1271/ccs/tools/compiler/ti-cgt-arm_20.2.7.LTS/lib" -i"C:/ti/ccs1271/ccs/tools/compiler/ti-cgt-arm_20.2.7.LTS/include" --reread_libs --diag_wrap=off --display_error_number --warn_sections --xml_link_info="lab_5_linkInfo.xml" --rom_model -o "lab_5.out" "./Timer.obj" "./button.obj" "./handle_data.obj" "./handle_scan.obj" "./lcd.obj" "./main.obj" "./movement.obj" "./open_interface.obj" "./tm4c123gh6pm_startup_ccs.obj" "../libcybotScan.lib" "../libcybotUART.lib" "../tm4c123gh6pm.cmd"  -llibc.a -l"C:/ti/TivaWare_C_Series-2.2.0.295/driverlib/ccs/Debug/driverlib.lib" 
<Linking>
Finished building target: "lab_5.out"
 

**** Build Finished ****

**** Build of configuration Debug for project lab_5 ****

"C:\\ti\\ccs1271\\ccs\\utils\\bin\\gmake" -k -j 20 all -O 
 
Building file: "../movement.c"
Invoking: Arm Compiler
"C:/ti/ccs1271/ccs/tools/compiler/ti-cgt-arm_20.2.7.LTS/bin/armcl" -mv7M4 --code_state=16 --float_support=FPv4SPD16 -me --include_path="U:/CprE288/lab_5" --include_path="C:/ti/TivaWare_C_Series-2.2.0.295" --include_path="C:/ti/ccs1271/ccs/tools/compiler/ti-cgt-arm_20.2.7.LTS/include" --define=ccs="ccs" --define=PART_TM4C123GH6PM -g --gcc --diag_warning=225 --diag_wrap=off --display_error_number --abi=eabi --preproc_with_compile --preproc_dependency="movement.d_raw"  "../movement.c"
"..\movement.h", line 128: warning #1-D: last line of file ends without a newline
Finished building: "../movement.c"
 
Building target: "lab_5.out"
Invoking: Arm Linker
"C:/ti/ccs1271/ccs/tools/compiler/ti-cgt-arm_20.2.7.LTS/bin/armcl" -mv7M4 --code_state=16 --float_support=FPv4SPD16 -me --define=ccs="ccs" --define=PART_TM4C123GH6PM -g --gcc --diag_warning=225 --diag_wrap=off --display_error_number --abi=eabi -z -m"lab_5.map" --heap_size=1024 --stack_size=2048 -i"C:/ti/ccs1271/ccs/tools/compiler/ti-cgt-arm_20.2.7.LTS/lib" -i"C:/ti/ccs1271/ccs/tools/compiler/ti-cgt-arm_20.2.7.LTS/include" --reread_libs --diag_wrap=off --display_error_number --warn_sections --xml_link_info="lab_5_linkInfo.xml" --rom_model -o "lab_5.out" "./Timer.obj" "./button.obj" "./handle_data.obj" "./handle_scan.obj" "./lcd.obj" "./main.obj" "./movement.obj" "./open_interface.obj" "./tm4c123gh6pm_startup_ccs.obj" "../libcybotScan.lib" "../libcybotUART.lib" "../tm4c123gh6pm.cmd"  -llibc.a -l"C:/ti/TivaWare_C_Series-2.2.0.295/driverlib/ccs/Debug/driverlib.lib" 
<Linking>
Finished building target: "lab_5.out"
 

**** Build Finished ****

**** Build of configuration Debug for project lab_5 ****

"C:\\ti\\ccs1271\\ccs\\utils\\bin\\gmake" -k -j 20 all -O 
 
Building file: "../main.c"
Invoking: Arm Compiler
"C:/ti/ccs1271/ccs/tools/compiler/ti-cgt-arm_20.2.7.LTS/bin/armcl" -mv7M4 --code_state=16 --float_support=FPv4SPD16 -me --include_path="U:/CprE288/lab_5" --include_path="C:/ti/TivaWare_C_Series-2.2.0.295" --include_path="C:/ti/ccs1271/ccs/tools/compiler/ti-cgt-arm_20.2.7.LTS/include" --define=ccs="ccs" --define=PART_TM4C123GH6PM -g --gcc --diag_warning=225 --diag_wrap=off --display_error_number --abi=eabi --preproc_with_compile --preproc_dependency="main.d_raw"  "../main.c"
"..\movement.h", line 128: warning #1-D: last line of file ends without a newline
Finished building: "../main.c"
 
Building target: "lab_5.out"
Invoking: Arm Linker
"C:/ti/ccs1271/ccs/tools/compiler/ti-cgt-arm_20.2.7.LTS/bin/armcl" -mv7M4 --code_state=16 --float_support=FPv4SPD16 -me --define=ccs="ccs" --define=PART_TM4C123GH6PM -g --gcc --diag_warning=225 --diag_wrap=off --display_error_number --abi=eabi -z -m"lab_5.map" --heap_size=1024 --stack_size=2048 -i"C:/ti/ccs1271/ccs/tools/compiler/ti-cgt-arm_20.2.7.LTS/lib" -i"C:/ti/ccs1271/ccs/tools/compiler/ti-cgt-arm_20.2.7.LTS/include" --reread_libs --diag_wrap=off --display_error_number --warn_sections --xml_link_info="lab_5_linkInfo.xml" --rom_model -o "lab_5.out" "./Timer.obj" "./button.obj" "./handle_data.obj" "./handle_scan.obj" "./lcd.obj" "./main.obj" "./movement.obj" "./open_interface.obj" "./tm4c123gh6pm_startup_ccs.obj" "../libcybotScan.lib" "../libcybotUART.lib" "../tm4c123gh6pm.cmd"  -llibc.a -l"C:/ti/TivaWare_C_Series-2.2.0.295/driverlib/ccs/Debug/driverlib.lib" 
<Linking>
Finished building target: "lab_5.out"
 

**** Build Finished ****

**** Build of configuration Debug for project lab_5 ****

"C:\\ti\\ccs1271\\ccs\\utils\\bin\\gmake" -k -j 20 all -O 
 
Building file: "../main.c"
Invoking: Arm Compiler
"C:/ti/ccs1271/ccs/tools/compiler/ti-cgt-arm_20.2.7.LTS/bin/armcl" -mv7M4 --code_state=16 --float_support=FPv4SPD16 -me --include_path="U:/CprE288/lab_5" --include_path="C:/ti/TivaWare_C_Series-2.2.0.295" --include_path="C:/ti/ccs1271/ccs/tools/compiler/ti-cgt-arm_20.2.7.LTS/include" --define=ccs="ccs" --define=PART_TM4C123GH6PM -g --gcc --diag_warning=225 --diag_wrap=off --display_error_number --abi=eabi --preproc_with_compile --preproc_dependency="main.d_raw"  "../main.c"
"..\movement.h", line 128: warning #1-D: last line of file ends without a newline
Finished building: "../main.c"
 
Building file: "../movement.c"
Invoking: Arm Compiler
"C:/ti/ccs1271/ccs/tools/compiler/ti-cgt-arm_20.2.7.LTS/bin/armcl" -mv7M4 --code_state=16 --float_support=FPv4SPD16 -me --include_path="U:/CprE288/lab_5" --include_path="C:/ti/TivaWare_C_Series-2.2.0.295" --include_path="C:/ti/ccs1271/ccs/tools/compiler/ti-cgt-arm_20.2.7.LTS/include" --define=ccs="ccs" --define=PART_TM4C123GH6PM -g --gcc --diag_warning=225 --diag_wrap=off --display_error_number --abi=eabi --preproc_with_compile --preproc_dependency="movement.d_raw"  "../movement.c"
"..\movement.h", line 128: warning #1-D: last line of file ends without a newline
Finished building: "../movement.c"
 
Building target: "lab_5.out"
Invoking: Arm Linker
"C:/ti/ccs1271/ccs/tools/compiler/ti-cgt-arm_20.2.7.LTS/bin/armcl" -mv7M4 --code_state=16 --float_support=FPv4SPD16 -me --define=ccs="ccs" --define=PART_TM4C123GH6PM -g --gcc --diag_warning=225 --diag_wrap=off --display_error_number --abi=eabi -z -m"lab_5.map" --heap_size=1024 --stack_size=2048 -i"C:/ti/ccs1271/ccs/tools/compiler/ti-cgt-arm_20.2.7.LTS/lib" -i"C:/ti/ccs1271/ccs/tools/compiler/ti-cgt-arm_20.2.7.LTS/include" --reread_libs --diag_wrap=off --display_error_number --warn_sections --xml_link_info="lab_5_linkInfo.xml" --rom_model -o "lab_5.out" "./Timer.obj" "./button.obj" "./handle_data.obj" "./handle_scan.obj" "./lcd.obj" "./main.obj" "./movement.obj" "./open_interface.obj" "./tm4c123gh6pm_startup_ccs.obj" "../libcybotScan.lib" "../libcybotUART.lib" "../tm4c123gh6pm.cmd"  -llibc.a -l"C:/ti/TivaWare_C_Series-2.2.0.295/driverlib/ccs/Debug/driverlib.lib" 
<Linking>
Finished building target: "lab_5.out"
 

**** Build Finished ****

**** Build of configuration Debug for project lab_5 ****

"C:\\ti\\ccs1271\\ccs\\utils\\bin\\gmake" -k -j 20 all -O 
 
Building file: "../main.c"
Invoking: Arm Compiler
"C:/ti/ccs1271/ccs/tools/compiler/ti-cgt-arm_20.2.7.LTS/bin/armcl" -mv7M4 --code_state=16 --float_support=FPv4SPD16 -me --include_path="U:/CprE288/lab_5" --include_path="C:/ti/TivaWare_C_Series-2.2.0.295" --include_path="C:/ti/ccs1271/ccs/tools/compiler/ti-cgt-arm_20.2.7.LTS/include" --define=ccs="ccs" --define=PART_TM4C123GH6PM -g --gcc --diag_warning=225 --diag_wrap=off --display_error_number --abi=eabi --preproc_with_compile --preproc_dependency="main.d_raw"  "../main.c"
"..\movement.h", line 128: warning #1-D: last line of file ends without a newline
Finished building: "../main.c"
 
Building file: "../movement.c"
Invoking: Arm Compiler
"C:/ti/ccs1271/ccs/tools/compiler/ti-cgt-arm_20.2.7.LTS/bin/armcl" -mv7M4 --code_state=16 --float_support=FPv4SPD16 -me --include_path="U:/CprE288/lab_5" --include_path="C:/ti/TivaWare_C_Series-2.2.0.295" --include_path="C:/ti/ccs1271/ccs/tools/compiler/ti-cgt-arm_20.2.7.LTS/include" --define=ccs="ccs" --define=PART_TM4C123GH6PM -g --gcc --diag_warning=225 --diag_wrap=off --display_error_number --abi=eabi --preproc_with_compile --preproc_dependency="movement.d_raw"  "../movement.c"
"..\movement.h", line 128: warning #1-D: last line of file ends without a newline
Finished building: "../movement.c"
 
Building target: "lab_5.out"
Invoking: Arm Linker
"C:/ti/ccs1271/ccs/tools/compiler/ti-cgt-arm_20.2.7.LTS/bin/armcl" -mv7M4 --code_state=16 --float_support=FPv4SPD16 -me --define=ccs="ccs" --define=PART_TM4C123GH6PM -g --gcc --diag_warning=225 --diag_wrap=off --display_error_number --abi=eabi -z -m"lab_5.map" --heap_size=1024 --stack_size=2048 -i"C:/ti/ccs1271/ccs/tools/compiler/ti-cgt-arm_20.2.7.LTS/lib" -i"C:/ti/ccs1271/ccs/tools/compiler/ti-cgt-arm_20.2.7.LTS/include" --reread_libs --diag_wrap=off --display_error_number --warn_sections --xml_link_info="lab_5_linkInfo.xml" --rom_model -o "lab_5.out" "./Timer.obj" "./button.obj" "./handle_data.obj" "./handle_scan.obj" "./lcd.obj" "./main.obj" "./movement.obj" "./open_interface.obj" "./tm4c123gh6pm_startup_ccs.obj" "../libcybotScan.lib" "../libcybotUART.lib" "../tm4c123gh6pm.cmd"  -llibc.a -l"C:/ti/TivaWare_C_Series-2.2.0.295/driverlib/ccs/Debug/driverlib.lib" 
<Linking>
Finished building target: "lab_5.out"
 

**** Build Finished ****

**** Build of configuration Debug for project lab_5 ****

"C:\\ti\\ccs1271\\ccs\\utils\\bin\\gmake" -k -j 20 all -O 
 
gmake[1]: 'lab_5.out' is up to date.

**** Build Finished ****

**** Build of configuration Debug for project lab_5 ****

"C:\\ti\\ccs1271\\ccs\\utils\\bin\\gmake" -k -j 20 all -O 
 
Building file: "../main.c"
Invoking: Arm Compiler
"C:/ti/ccs1271/ccs/tools/compiler/ti-cgt-arm_20.2.7.LTS/bin/armcl" -mv7M4 --code_state=16 --float_support=FPv4SPD16 -me --include_path="U:/CprE288/lab_5" --include_path="C:/ti/TivaWare_C_Series-2.2.0.295" --include_path="C:/ti/ccs1271/ccs/tools/compiler/ti-cgt-arm_20.2.7.LTS/include" --define=ccs="ccs" --define=PART_TM4C123GH6PM -g --gcc --diag_warning=225 --diag_wrap=off --display_error_number --abi=eabi --preproc_with_compile --preproc_dependency="main.d_raw"  "../main.c"
Finished building: "../main.c"
 
Building file: "../movement.c"
Invoking: Arm Compiler
"C:/ti/ccs1271/ccs/tools/compiler/ti-cgt-arm_20.2.7.LTS/bin/armcl" -mv7M4 --code_state=16 --float_support=FPv4SPD16 -me --include_path="U:/CprE288/lab_5" --include_path="C:/ti/TivaWare_C_Series-2.2.0.295" --include_path="C:/ti/ccs1271/ccs/tools/compiler/ti-cgt-arm_20.2.7.LTS/include" --define=ccs="ccs" --define=PART_TM4C123GH6PM -g --gcc --diag_warning=225 --diag_wrap=off --display_error_number --abi=eabi --preproc_with_compile --preproc_dependency="movement.d_raw"  "../movement.c"
Finished building: "../movement.c"
 
Building target: "lab_5.out"
Invoking: Arm Linker
"C:/ti/ccs1271/ccs/tools/compiler/ti-cgt-arm_20.2.7.LTS/bin/armcl" -mv7M4 --code_state=16 --float_support=FPv4SPD16 -me --define=ccs="ccs" --define=PART_TM4C123GH6PM -g --gcc --diag_warning=225 --diag_wrap=off --display_error_number --abi=eabi -z -m"lab_5.map" --heap_size=1024 --stack_size=2048 -i"C:/ti/ccs1271/ccs/tools/compiler/ti-cgt-arm_20.2.7.LTS/lib" -i"C:/ti/ccs1271/ccs/tools/compiler/ti-cgt-arm_20.2.7.LTS/include" --reread_libs --diag_wrap=off --display_error_number --warn_sections --xml_link_info="lab_5_linkInfo.xml" --rom_model -o "lab_5.out" "./Timer.obj" "./button.obj" "./handle_data.obj" "./handle_scan.obj" "./lcd.obj" "./main.obj" "./movement.obj" "./open_interface.obj" "./tm4c123gh6pm_startup_ccs.obj" "../libcybotScan.lib" "../libcybotUART.lib" "../tm4c123gh6pm.cmd"  -llibc.a -l"C:/ti/TivaWare_C_Series-2.2.0.295/driverlib/ccs/Debug/driverlib.lib" 
<Linking>
Finished building target: "lab_5.out"
 

**** Build Finished ****

**** Build of configuration Debug for project lab_5 ****

"C:\\ti\\ccs1271\\ccs\\utils\\bin\\gmake" -k -j 20 all -O 
 
Building file: "../main.c"
Invoking: Arm Compiler
"C:/ti/ccs1271/ccs/tools/compiler/ti-cgt-arm_20.2.7.LTS/bin/armcl" -mv7M4 --code_state=16 --float_support=FPv4SPD16 -me --include_path="U:/CprE288/lab_5" --include_path="C:/ti/TivaWare_C_Series-2.2.0.295" --include_path="C:/ti/ccs1271/ccs/tools/compiler/ti-cgt-arm_20.2.7.LTS/include" --define=ccs="ccs" --define=PART_TM4C123GH6PM -g --gcc --diag_warning=225 --diag_wrap=off --display_error_number --abi=eabi --preproc_with_compile --preproc_dependency="main.d_raw"  "../main.c"
Finished building: "../main.c"
 
Building file: "../movement.c"
Invoking: Arm Compiler
"C:/ti/ccs1271/ccs/tools/compiler/ti-cgt-arm_20.2.7.LTS/bin/armcl" -mv7M4 --code_state=16 --float_support=FPv4SPD16 -me --include_path="U:/CprE288/lab_5" --include_path="C:/ti/TivaWare_C_Series-2.2.0.295" --include_path="C:/ti/ccs1271/ccs/tools/compiler/ti-cgt-arm_20.2.7.LTS/include" --define=ccs="ccs" --define=PART_TM4C123GH6PM -g --gcc --diag_warning=225 --diag_wrap=off --display_error_number --abi=eabi --preproc_with_compile --preproc_dependency="movement.d_raw"  "../movement.c"
Finished building: "../movement.c"
 
Building target: "lab_5.out"
Invoking: Arm Linker
"C:/ti/ccs1271/ccs/tools/compiler/ti-cgt-arm_20.2.7.LTS/bin/armcl" -mv7M4 --code_state=16 --float_support=FPv4SPD16 -me --define=ccs="ccs" --define=PART_TM4C123GH6PM -g --gcc --diag_warning=225 --diag_wrap=off --display_error_number --abi=eabi -z -m"lab_5.map" --heap_size=1024 --stack_size=2048 -i"C:/ti/ccs1271/ccs/tools/compiler/ti-cgt-arm_20.2.7.LTS/lib" -i"C:/ti/ccs1271/ccs/tools/compiler/ti-cgt-arm_20.2.7.LTS/include" --reread_libs --diag_wrap=off --display_error_number --warn_sections --xml_link_info="lab_5_linkInfo.xml" --rom_model -o "lab_5.out" "./Timer.obj" "./button.obj" "./handle_data.obj" "./handle_scan.obj" "./lcd.obj" "./main.obj" "./movement.obj" "./open_interface.obj" "./tm4c123gh6pm_startup_ccs.obj" "../libcybotScan.lib" "../libcybotUART.lib" "../tm4c123gh6pm.cmd"  -llibc.a -l"C:/ti/TivaWare_C_Series-2.2.0.295/driverlib/ccs/Debug/driverlib.lib" 
<Linking>
Finished building target: "lab_5.out"
 

**** Build Finished ****

**** Build of configuration Debug for project lab_5 ****

"C:\\ti\\ccs1271\\ccs\\utils\\bin\\gmake" -k -j 20 all -O 
 
Building file: "../main.c"
Invoking: Arm Compiler
"C:/ti/ccs1271/ccs/tools/compiler/ti-cgt-arm_20.2.7.LTS/bin/armcl" -mv7M4 --code_state=16 --float_support=FPv4SPD16 -me --include_path="U:/CprE288/lab_5" --include_path="C:/ti/TivaWare_C_Series-2.2.0.295" --include_path="C:/ti/ccs1271/ccs/tools/compiler/ti-cgt-arm_20.2.7.LTS/include" --define=ccs="ccs" --define=PART_TM4C123GH6PM -g --gcc --diag_warning=225 --diag_wrap=off --display_error_number --abi=eabi --preproc_with_compile --preproc_dependency="main.d_raw"  "../main.c"
Finished building: "../main.c"
 
Building target: "lab_5.out"
Invoking: Arm Linker
"C:/ti/ccs1271/ccs/tools/compiler/ti-cgt-arm_20.2.7.LTS/bin/armcl" -mv7M4 --code_state=16 --float_support=FPv4SPD16 -me --define=ccs="ccs" --define=PART_TM4C123GH6PM -g --gcc --diag_warning=225 --diag_wrap=off --display_error_number --abi=eabi -z -m"lab_5.map" --heap_size=1024 --stack_size=2048 -i"C:/ti/ccs1271/ccs/tools/compiler/ti-cgt-arm_20.2.7.LTS/lib" -i"C:/ti/ccs1271/ccs/tools/compiler/ti-cgt-arm_20.2.7.LTS/include" --reread_libs --diag_wrap=off --display_error_number --warn_sections --xml_link_info="lab_5_linkInfo.xml" --rom_model -o "lab_5.out" "./Timer.obj" "./button.obj" "./handle_data.obj" "./handle_scan.obj" "./lcd.obj" "./main.obj" "./movement.obj" "./open_interface.obj" "./tm4c123gh6pm_startup_ccs.obj" "../libcybotScan.lib" "../libcybotUART.lib" "../tm4c123gh6pm.cmd"  -llibc.a -l"C:/ti/TivaWare_C_Series-2.2.0.295/driverlib/ccs/Debug/driverlib.lib" 
<Linking>
Finished building target: "lab_5.out"
 

**** Build Finished ****

**** Build of configuration Debug for project lab_5 ****

"C:\\ti\\ccs1271\\ccs\\utils\\bin\\gmake" -k -j 20 all -O 
 
gmake[1]: 'lab_5.out' is up to date.

**** Build Finished ****

**** Build of configuration Debug for project lab_5 ****

"C:\\ti\\ccs1271\\ccs\\utils\\bin\\gmake" -k -j 20 all -O 
 
Building file: "../movement.c"
Invoking: Arm Compiler
"C:/ti/ccs1271/ccs/tools/compiler/ti-cgt-arm_20.2.7.LTS/bin/armcl" -mv7M4 --code_state=16 --float_support=FPv4SPD16 -me --include_path="U:/CprE288/lab_5" --include_path="C:/ti/TivaWare_C_Series-2.2.0.295" --include_path="C:/ti/ccs1271/ccs/tools/compiler/ti-cgt-arm_20.2.7.LTS/include" --define=ccs="ccs" --define=PART_TM4C123GH6PM -g --gcc --diag_warning=225 --diag_wrap=off --display_error_number --abi=eabi --preproc_with_compile --preproc_dependency="movement.d_raw"  "../movement.c"
Finished building: "../movement.c"
 
Building target: "lab_5.out"
Invoking: Arm Linker
"C:/ti/ccs1271/ccs/tools/compiler/ti-cgt-arm_20.2.7.LTS/bin/armcl" -mv7M4 --code_state=16 --float_support=FPv4SPD16 -me --define=ccs="ccs" --define=PART_TM4C123GH6PM -g --gcc --diag_warning=225 --diag_wrap=off --display_error_number --abi=eabi -z -m"lab_5.map" --heap_size=1024 --stack_size=2048 -i"C:/ti/ccs1271/ccs/tools/compiler/ti-cgt-arm_20.2.7.LTS/lib" -i"C:/ti/ccs1271/ccs/tools/compiler/ti-cgt-arm_20.2.7.LTS/include" --reread_libs --diag_wrap=off --display_error_number --warn_sections --xml_link_info="lab_5_linkInfo.xml" --rom_model -o "lab_5.out" "./Timer.obj" "./button.obj" "./handle_data.obj" "./handle_scan.obj" "./lcd.obj" "./main.obj" "./movement.obj" "./open_interface.obj" "./tm4c123gh6pm_startup_ccs.obj" "../libcybotScan.lib" "../libcybotUART.lib" "../tm4c123gh6pm.cmd"  -llibc.a -l"C:/ti/TivaWare_C_Series-2.2.0.295/driverlib/ccs/Debug/driverlib.lib" 
<Linking>
Finished building target: "lab_5.out"
 

**** Build Finished ****

**** Build of configuration Debug for project lab_5 ****

"C:\\ti\\ccs1271\\ccs\\utils\\bin\\gmake" -k -j 20 all -O 
 
Building file: "../main.c"
Invoking: Arm Compiler
"C:/ti/ccs1271/ccs/tools/compiler/ti-cgt-arm_20.2.7.LTS/bin/armcl" -mv7M4 --code_state=16 --float_support=FPv4SPD16 -me --include_path="U:/CprE288/lab_5" --include_path="C:/ti/TivaWare_C_Series-2.2.0.295" --include_path="C:/ti/ccs1271/ccs/tools/compiler/ti-cgt-arm_20.2.7.LTS/include" --define=ccs="ccs" --define=PART_TM4C123GH6PM -g --gcc --diag_warning=225 --diag_wrap=off --display_error_number --abi=eabi --preproc_with_compile --preproc_dependency="main.d_raw"  "../main.c"
Finished building: "../main.c"
 
Building file: "../movement.c"
Invoking: Arm Compiler
"C:/ti/ccs1271/ccs/tools/compiler/ti-cgt-arm_20.2.7.LTS/bin/armcl" -mv7M4 --code_state=16 --float_support=FPv4SPD16 -me --include_path="U:/CprE288/lab_5" --include_path="C:/ti/TivaWare_C_Series-2.2.0.295" --include_path="C:/ti/ccs1271/ccs/tools/compiler/ti-cgt-arm_20.2.7.LTS/include" --define=ccs="ccs" --define=PART_TM4C123GH6PM -g --gcc --diag_warning=225 --diag_wrap=off --display_error_number --abi=eabi --preproc_with_compile --preproc_dependency="movement.d_raw"  "../movement.c"
Finished building: "../movement.c"
 
Building target: "lab_5.out"
Invoking: Arm Linker
"C:/ti/ccs1271/ccs/tools/compiler/ti-cgt-arm_20.2.7.LTS/bin/armcl" -mv7M4 --code_state=16 --float_support=FPv4SPD16 -me --define=ccs="ccs" --define=PART_TM4C123GH6PM -g --gcc --diag_warning=225 --diag_wrap=off --display_error_number --abi=eabi -z -m"lab_5.map" --heap_size=1024 --stack_size=2048 -i"C:/ti/ccs1271/ccs/tools/compiler/ti-cgt-arm_20.2.7.LTS/lib" -i"C:/ti/ccs1271/ccs/tools/compiler/ti-cgt-arm_20.2.7.LTS/include" --reread_libs --diag_wrap=off --display_error_number --warn_sections --xml_link_info="lab_5_linkInfo.xml" --rom_model -o "lab_5.out" "./Timer.obj" "./button.obj" "./handle_data.obj" "./handle_scan.obj" "./lcd.obj" "./main.obj" "./movement.obj" "./open_interface.obj" "./tm4c123gh6pm_startup_ccs.obj" "../libcybotScan.lib" "../libcybotUART.lib" "../tm4c123gh6pm.cmd"  -llibc.a -l"C:/ti/TivaWare_C_Series-2.2.0.295/driverlib/ccs/Debug/driverlib.lib" 
<Linking>
Finished building target: "lab_5.out"
 

**** Build Finished ****

**** Build of configuration Debug for project lab_5 ****

"C:\\ti\\ccs1271\\ccs\\utils\\bin\\gmake" -k -j 20 all -O 
 
Building file: "../main.c"
Invoking: Arm Compiler
"C:/ti/ccs1271/ccs/tools/compiler/ti-cgt-arm_20.2.7.LTS/bin/armcl" -mv7M4 --code_state=16 --float_support=FPv4SPD16 -me --include_path="U:/CprE288/lab_5" --include_path="C:/ti/TivaWare_C_Series-2.2.0.295" --include_path="C:/ti/ccs1271/ccs/tools/compiler/ti-cgt-arm_20.2.7.LTS/include" --define=ccs="ccs" --define=PART_TM4C123GH6PM -g --gcc --diag_warning=225 --diag_wrap=off --display_error_number --abi=eabi --preproc_with_compile --preproc_dependency="main.d_raw"  "../main.c"
 
>> Compilation failure
subdir_rules.mk:9: recipe for target 'main.obj' failed
"../main.c", line 140: error #66: expected a ";"
1 error detected in the compilation of "../main.c".
gmake: *** [main.obj] Error 1
gmake: Target 'all' not remade because of errors.

**** Build Finished ****

**** Build of configuration Debug for project lab_5 ****

"C:\\ti\\ccs1271\\ccs\\utils\\bin\\gmake" -k -j 20 all -O 
 
Building file: "../main.c"
Invoking: Arm Compiler
"C:/ti/ccs1271/ccs/tools/compiler/ti-cgt-arm_20.2.7.LTS/bin/armcl" -mv7M4 --code_state=16 --float_support=FPv4SPD16 -me --include_path="U:/CprE288/lab_5" --include_path="C:/ti/TivaWare_C_Series-2.2.0.295" --include_path="C:/ti/ccs1271/ccs/tools/compiler/ti-cgt-arm_20.2.7.LTS/include" --define=ccs="ccs" --define=PART_TM4C123GH6PM -g --gcc --diag_warning=225 --diag_wrap=off --display_error_number --abi=eabi --preproc_with_compile --preproc_dependency="main.d_raw"  "../main.c"
Finished building: "../main.c"
 
Building target: "lab_5.out"
Invoking: Arm Linker
"C:/ti/ccs1271/ccs/tools/compiler/ti-cgt-arm_20.2.7.LTS/bin/armcl" -mv7M4 --code_state=16 --float_support=FPv4SPD16 -me --define=ccs="ccs" --define=PART_TM4C123GH6PM -g --gcc --diag_warning=225 --diag_wrap=off --display_error_number --abi=eabi -z -m"lab_5.map" --heap_size=1024 --stack_size=2048 -i"C:/ti/ccs1271/ccs/tools/compiler/ti-cgt-arm_20.2.7.LTS/lib" -i"C:/ti/ccs1271/ccs/tools/compiler/ti-cgt-arm_20.2.7.LTS/include" --reread_libs --diag_wrap=off --display_error_number --warn_sections --xml_link_info="lab_5_linkInfo.xml" --rom_model -o "lab_5.out" "./Timer.obj" "./button.obj" "./handle_data.obj" "./handle_scan.obj" "./lcd.obj" "./main.obj" "./movement.obj" "./open_interface.obj" "./tm4c123gh6pm_startup_ccs.obj" "../libcybotScan.lib" "../libcybotUART.lib" "../tm4c123gh6pm.cmd"  -llibc.a -l"C:/ti/TivaWare_C_Series-2.2.0.295/driverlib/ccs/Debug/driverlib.lib" 
<Linking>
Finished building target: "lab_5.out"
 

**** Build Finished ****

**** Build of configuration Debug for project lab_5 ****

"C:\\ti\\ccs1271\\ccs\\utils\\bin\\gmake" -k -j 20 all -O 
 
Building file: "../main.c"
Invoking: Arm Compiler
"C:/ti/ccs1271/ccs/tools/compiler/ti-cgt-arm_20.2.7.LTS/bin/armcl" -mv7M4 --code_state=16 --float_support=FPv4SPD16 -me --include_path="U:/CprE288/lab_5" --include_path="C:/ti/TivaWare_C_Series-2.2.0.295" --include_path="C:/ti/ccs1271/ccs/tools/compiler/ti-cgt-arm_20.2.7.LTS/include" --define=ccs="ccs" --define=PART_TM4C123GH6PM -g --gcc --diag_warning=225 --diag_wrap=off --display_error_number --abi=eabi --preproc_with_compile --preproc_dependency="main.d_raw"  "../main.c"
Finished building: "../main.c"
 
Building target: "lab_5.out"
Invoking: Arm Linker
"C:/ti/ccs1271/ccs/tools/compiler/ti-cgt-arm_20.2.7.LTS/bin/armcl" -mv7M4 --code_state=16 --float_support=FPv4SPD16 -me --define=ccs="ccs" --define=PART_TM4C123GH6PM -g --gcc --diag_warning=225 --diag_wrap=off --display_error_number --abi=eabi -z -m"lab_5.map" --heap_size=1024 --stack_size=2048 -i"C:/ti/ccs1271/ccs/tools/compiler/ti-cgt-arm_20.2.7.LTS/lib" -i"C:/ti/ccs1271/ccs/tools/compiler/ti-cgt-arm_20.2.7.LTS/include" --reread_libs --diag_wrap=off --display_error_number --warn_sections --xml_link_info="lab_5_linkInfo.xml" --rom_model -o "lab_5.out" "./Timer.obj" "./button.obj" "./handle_data.obj" "./handle_scan.obj" "./lcd.obj" "./main.obj" "./movement.obj" "./open_interface.obj" "./tm4c123gh6pm_startup_ccs.obj" "../libcybotScan.lib" "../libcybotUART.lib" "../tm4c123gh6pm.cmd"  -llibc.a -l"C:/ti/TivaWare_C_Series-2.2.0.295/driverlib/ccs/Debug/driverlib.lib" 
<Linking>
Finished building target: "lab_5.out"
 

**** Build Finished ****

**** Build of configuration Debug for project lab_5 ****

"C:\\ti\\ccs1271\\ccs\\utils\\bin\\gmake" -k -j 20 all -O 
 
Building file: "../movement.c"
Invoking: Arm Compiler
"C:/ti/ccs1271/ccs/tools/compiler/ti-cgt-arm_20.2.7.LTS/bin/armcl" -mv7M4 --code_state=16 --float_support=FPv4SPD16 -me --include_path="U:/CprE288/lab_5" --include_path="C:/ti/TivaWare_C_Series-2.2.0.295" --include_path="C:/ti/ccs1271/ccs/tools/compiler/ti-cgt-arm_20.2.7.LTS/include" --define=ccs="ccs" --define=PART_TM4C123GH6PM -g --gcc --diag_warning=225 --diag_wrap=off --display_error_number --abi=eabi --preproc_with_compile --preproc_dependency="movement.d_raw"  "../movement.c"
Finished building: "../movement.c"
 
Building target: "lab_5.out"
Invoking: Arm Linker
"C:/ti/ccs1271/ccs/tools/compiler/ti-cgt-arm_20.2.7.LTS/bin/armcl" -mv7M4 --code_state=16 --float_support=FPv4SPD16 -me --define=ccs="ccs" --define=PART_TM4C123GH6PM -g --gcc --diag_warning=225 --diag_wrap=off --display_error_number --abi=eabi -z -m"lab_5.map" --heap_size=1024 --stack_size=2048 -i"C:/ti/ccs1271/ccs/tools/compiler/ti-cgt-arm_20.2.7.LTS/lib" -i"C:/ti/ccs1271/ccs/tools/compiler/ti-cgt-arm_20.2.7.LTS/include" --reread_libs --diag_wrap=off --display_error_number --warn_sections --xml_link_info="lab_5_linkInfo.xml" --rom_model -o "lab_5.out" "./Timer.obj" "./button.obj" "./handle_data.obj" "./handle_scan.obj" "./lcd.obj" "./main.obj" "./movement.obj" "./open_interface.obj" "./tm4c123gh6pm_startup_ccs.obj" "../libcybotScan.lib" "../libcybotUART.lib" "../tm4c123gh6pm.cmd"  -llibc.a -l"C:/ti/TivaWare_C_Series-2.2.0.295/driverlib/ccs/Debug/driverlib.lib" 
<Linking>
Finished building target: "lab_5.out"
 

**** Build Finished ****

**** Build of configuration Debug for project lab_5 ****

"C:\\ti\\ccs1271\\ccs\\utils\\bin\\gmake" -k -j 20 all -O 
 
Building file: "../movement.c"
Invoking: Arm Compiler
"C:/ti/ccs1271/ccs/tools/compiler/ti-cgt-arm_20.2.7.LTS/bin/armcl" -mv7M4 --code_state=16 --float_support=FPv4SPD16 -me --include_path="U:/CprE288/lab_5" --include_path="C:/ti/TivaWare_C_Series-2.2.0.295" --include_path="C:/ti/ccs1271/ccs/tools/compiler/ti-cgt-arm_20.2.7.LTS/include" --define=ccs="ccs" --define=PART_TM4C123GH6PM -g --gcc --diag_warning=225 --diag_wrap=off --display_error_number --abi=eabi --preproc_with_compile --preproc_dependency="movement.d_raw"  "../movement.c"
Finished building: "../movement.c"
 
Building target: "lab_5.out"
Invoking: Arm Linker
"C:/ti/ccs1271/ccs/tools/compiler/ti-cgt-arm_20.2.7.LTS/bin/armcl" -mv7M4 --code_state=16 --float_support=FPv4SPD16 -me --define=ccs="ccs" --define=PART_TM4C123GH6PM -g --gcc --diag_warning=225 --diag_wrap=off --display_error_number --abi=eabi -z -m"lab_5.map" --heap_size=1024 --stack_size=2048 -i"C:/ti/ccs1271/ccs/tools/compiler/ti-cgt-arm_20.2.7.LTS/lib" -i"C:/ti/ccs1271/ccs/tools/compiler/ti-cgt-arm_20.2.7.LTS/include" --reread_libs --diag_wrap=off --display_error_number --warn_sections --xml_link_info="lab_5_linkInfo.xml" --rom_model -o "lab_5.out" "./Timer.obj" "./button.obj" "./handle_data.obj" "./handle_scan.obj" "./lcd.obj" "./main.obj" "./movement.obj" "./open_interface.obj" "./tm4c123gh6pm_startup_ccs.obj" "../libcybotScan.lib" "../libcybotUART.lib" "../tm4c123gh6pm.cmd"  -llibc.a -l"C:/ti/TivaWare_C_Series-2.2.0.295/driverlib/ccs/Debug/driverlib.lib" 
<Linking>
Finished building target: "lab_5.out"
 

**** Build Finished ****

**** Build of configuration Debug for project lab_5 ****

"C:\\ti\\ccs1271\\ccs\\utils\\bin\\gmake" -k -j 20 all -O 
 
Building file: "../movement.c"
Invoking: Arm Compiler
"C:/ti/ccs1271/ccs/tools/compiler/ti-cgt-arm_20.2.7.LTS/bin/armcl" -mv7M4 --code_state=16 --float_support=FPv4SPD16 -me --include_path="U:/CprE288/lab_5" --include_path="C:/ti/TivaWare_C_Series-2.2.0.295" --include_path="C:/ti/ccs1271/ccs/tools/compiler/ti-cgt-arm_20.2.7.LTS/include" --define=ccs="ccs" --define=PART_TM4C123GH6PM -g --gcc --diag_warning=225 --diag_wrap=off --display_error_number --abi=eabi --preproc_with_compile --preproc_dependency="movement.d_raw"  "../movement.c"
Finished building: "../movement.c"
 
Building target: "lab_5.out"
Invoking: Arm Linker
"C:/ti/ccs1271/ccs/tools/compiler/ti-cgt-arm_20.2.7.LTS/bin/armcl" -mv7M4 --code_state=16 --float_support=FPv4SPD16 -me --define=ccs="ccs" --define=PART_TM4C123GH6PM -g --gcc --diag_warning=225 --diag_wrap=off --display_error_number --abi=eabi -z -m"lab_5.map" --heap_size=1024 --stack_size=2048 -i"C:/ti/ccs1271/ccs/tools/compiler/ti-cgt-arm_20.2.7.LTS/lib" -i"C:/ti/ccs1271/ccs/tools/compiler/ti-cgt-arm_20.2.7.LTS/include" --reread_libs --diag_wrap=off --display_error_number --warn_sections --xml_link_info="lab_5_linkInfo.xml" --rom_model -o "lab_5.out" "./Timer.obj" "./button.obj" "./handle_data.obj" "./handle_scan.obj" "./lcd.obj" "./main.obj" "./movement.obj" "./open_interface.obj" "./tm4c123gh6pm_startup_ccs.obj" "../libcybotScan.lib" "../libcybotUART.lib" "../tm4c123gh6pm.cmd"  -llibc.a -l"C:/ti/TivaWare_C_Series-2.2.0.295/driverlib/ccs/Debug/driverlib.lib" 
<Linking>
Finished building target: "lab_5.out"
 

**** Build Finished ****

**** Build of configuration Debug for project lab_5 ****

"C:\\ti\\ccs1271\\ccs\\utils\\bin\\gmake" -k -j 20 all -O 
 
Building file: "../main.c"
Invoking: Arm Compiler
"C:/ti/ccs1271/ccs/tools/compiler/ti-cgt-arm_20.2.7.LTS/bin/armcl" -mv7M4 --code_state=16 --float_support=FPv4SPD16 -me --include_path="U:/CprE288/lab_5" --include_path="C:/ti/TivaWare_C_Series-2.2.0.295" --include_path="C:/ti/ccs1271/ccs/tools/compiler/ti-cgt-arm_20.2.7.LTS/include" --define=ccs="ccs" --define=PART_TM4C123GH6PM -g --gcc --diag_warning=225 --diag_wrap=off --display_error_number --abi=eabi --preproc_with_compile --preproc_dependency="main.d_raw"  "../main.c"
Finished building: "../main.c"
 
Building target: "lab_5.out"
Invoking: Arm Linker
"C:/ti/ccs1271/ccs/tools/compiler/ti-cgt-arm_20.2.7.LTS/bin/armcl" -mv7M4 --code_state=16 --float_support=FPv4SPD16 -me --define=ccs="ccs" --define=PART_TM4C123GH6PM -g --gcc --diag_warning=225 --diag_wrap=off --display_error_number --abi=eabi -z -m"lab_5.map" --heap_size=1024 --stack_size=2048 -i"C:/ti/ccs1271/ccs/tools/compiler/ti-cgt-arm_20.2.7.LTS/lib" -i"C:/ti/ccs1271/ccs/tools/compiler/ti-cgt-arm_20.2.7.LTS/include" --reread_libs --diag_wrap=off --display_error_number --warn_sections --xml_link_info="lab_5_linkInfo.xml" --rom_model -o "lab_5.out" "./Timer.obj" "./button.obj" "./handle_data.obj" "./handle_scan.obj" "./lcd.obj" "./main.obj" "./movement.obj" "./open_interface.obj" "./tm4c123gh6pm_startup_ccs.obj" "../libcybotScan.lib" "../libcybotUART.lib" "../tm4c123gh6pm.cmd"  -llibc.a -l"C:/ti/TivaWare_C_Series-2.2.0.295/driverlib/ccs/Debug/driverlib.lib" 
<Linking>
Finished building target: "lab_5.out"
 

**** Build Finished ****

**** Build of configuration Debug for project lab_5 ****

"C:\\ti\\ccs1271\\ccs\\utils\\bin\\gmake" -k -j 20 all -O 
 
Building file: "../main.c"
Invoking: Arm Compiler
"C:/ti/ccs1271/ccs/tools/compiler/ti-cgt-arm_20.2.7.LTS/bin/armcl" -mv7M4 --code_state=16 --float_support=FPv4SPD16 -me --include_path="U:/CprE288/lab_5" --include_path="C:/ti/TivaWare_C_Series-2.2.0.295" --include_path="C:/ti/ccs1271/ccs/tools/compiler/ti-cgt-arm_20.2.7.LTS/include" --define=ccs="ccs" --define=PART_TM4C123GH6PM -g --gcc --diag_warning=225 --diag_wrap=off --display_error_number --abi=eabi --preproc_with_compile --preproc_dependency="main.d_raw"  "../main.c"
Finished building: "../main.c"
 
Building file: "../movement.c"
Invoking: Arm Compiler
"C:/ti/ccs1271/ccs/tools/compiler/ti-cgt-arm_20.2.7.LTS/bin/armcl" -mv7M4 --code_state=16 --float_support=FPv4SPD16 -me --include_path="U:/CprE288/lab_5" --include_path="C:/ti/TivaWare_C_Series-2.2.0.295" --include_path="C:/ti/ccs1271/ccs/tools/compiler/ti-cgt-arm_20.2.7.LTS/include" --define=ccs="ccs" --define=PART_TM4C123GH6PM -g --gcc --diag_warning=225 --diag_wrap=off --display_error_number --abi=eabi --preproc_with_compile --preproc_dependency="movement.d_raw"  "../movement.c"
Finished building: "../movement.c"
 
Building target: "lab_5.out"
Invoking: Arm Linker
"C:/ti/ccs1271/ccs/tools/compiler/ti-cgt-arm_20.2.7.LTS/bin/armcl" -mv7M4 --code_state=16 --float_support=FPv4SPD16 -me --define=ccs="ccs" --define=PART_TM4C123GH6PM -g --gcc --diag_warning=225 --diag_wrap=off --display_error_number --abi=eabi -z -m"lab_5.map" --heap_size=1024 --stack_size=2048 -i"C:/ti/ccs1271/ccs/tools/compiler/ti-cgt-arm_20.2.7.LTS/lib" -i"C:/ti/ccs1271/ccs/tools/compiler/ti-cgt-arm_20.2.7.LTS/include" --reread_libs --diag_wrap=off --display_error_number --warn_sections --xml_link_info="lab_5_linkInfo.xml" --rom_model -o "lab_5.out" "./Timer.obj" "./button.obj" "./handle_data.obj" "./handle_scan.obj" "./lcd.obj" "./main.obj" "./movement.obj" "./open_interface.obj" "./tm4c123gh6pm_startup_ccs.obj" "../libcybotScan.lib" "../libcybotUART.lib" "../tm4c123gh6pm.cmd"  -llibc.a -l"C:/ti/TivaWare_C_Series-2.2.0.295/driverlib/ccs/Debug/driverlib.lib" 
<Linking>
Finished building target: "lab_5.out"
 

**** Build Finished ****

**** Build of configuration Debug for project lab_5 ****

"C:\\ti\\ccs1271\\ccs\\utils\\bin\\gmake" -k -j 20 all -O 
 
gmake[1]: 'lab_5.out' is up to date.

**** Build Finished ****

**** Build of configuration Debug for project lab_5 ****

"C:\\ti\\ccs1271\\ccs\\utils\\bin\\gmake" -k -j 20 all -O 
 
Building file: "../main.c"
Invoking: Arm Compiler
"C:/ti/ccs1271/ccs/tools/compiler/ti-cgt-arm_20.2.7.LTS/bin/armcl" -mv7M4 --code_state=16 --float_support=FPv4SPD16 -me --include_path="U:/CprE288/lab_5" --include_path="C:/ti/TivaWare_C_Series-2.2.0.295" --include_path="C:/ti/ccs1271/ccs/tools/compiler/ti-cgt-arm_20.2.7.LTS/include" --define=ccs="ccs" --define=PART_TM4C123GH6PM -g --gcc --diag_warning=225 --diag_wrap=off --display_error_number --abi=eabi --preproc_with_compile --preproc_dependency="main.d_raw"  "../main.c"
Finished building: "../main.c"
 
Building file: "../movement.c"
Invoking: Arm Compiler
"C:/ti/ccs1271/ccs/tools/compiler/ti-cgt-arm_20.2.7.LTS/bin/armcl" -mv7M4 --code_state=16 --float_support=FPv4SPD16 -me --include_path="U:/CprE288/lab_5" --include_path="C:/ti/TivaWare_C_Series-2.2.0.295" --include_path="C:/ti/ccs1271/ccs/tools/compiler/ti-cgt-arm_20.2.7.LTS/include" --define=ccs="ccs" --define=PART_TM4C123GH6PM -g --gcc --diag_warning=225 --diag_wrap=off --display_error_number --abi=eabi --preproc_with_compile --preproc_dependency="movement.d_raw"  "../movement.c"
Finished building: "../movement.c"
 
Building target: "lab_5.out"
Invoking: Arm Linker
"C:/ti/ccs1271/ccs/tools/compiler/ti-cgt-arm_20.2.7.LTS/bin/armcl" -mv7M4 --code_state=16 --float_support=FPv4SPD16 -me --define=ccs="ccs" --define=PART_TM4C123GH6PM -g --gcc --diag_warning=225 --diag_wrap=off --display_error_number --abi=eabi -z -m"lab_5.map" --heap_size=1024 --stack_size=2048 -i"C:/ti/ccs1271/ccs/tools/compiler/ti-cgt-arm_20.2.7.LTS/lib" -i"C:/ti/ccs1271/ccs/tools/compiler/ti-cgt-arm_20.2.7.LTS/include" --reread_libs --diag_wrap=off --display_error_number --warn_sections --xml_link_info="lab_5_linkInfo.xml" --rom_model -o "lab_5.out" "./Timer.obj" "./button.obj" "./handle_data.obj" "./handle_scan.obj" "./lcd.obj" "./main.obj" "./movement.obj" "./open_interface.obj" "./tm4c123gh6pm_startup_ccs.obj" "../libcybotScan.lib" "../libcybotUART.lib" "../tm4c123gh6pm.cmd"  -llibc.a -l"C:/ti/TivaWare_C_Series-2.2.0.295/driverlib/ccs/Debug/driverlib.lib" 
<Linking>
Finished building target: "lab_5.out"
 

**** Build Finished ****

**** Build of configuration Debug for project lab_5 ****

"C:\\ti\\ccs1271\\ccs\\utils\\bin\\gmake" -k -j 20 all -O 
 
Building file: "../main.c"
Invoking: Arm Compiler
"C:/ti/ccs1271/ccs/tools/compiler/ti-cgt-arm_20.2.7.LTS/bin/armcl" -mv7M4 --code_state=16 --float_support=FPv4SPD16 -me --include_path="U:/CprE288/lab_5" --include_path="C:/ti/TivaWare_C_Series-2.2.0.295" --include_path="C:/ti/ccs1271/ccs/tools/compiler/ti-cgt-arm_20.2.7.LTS/include" --define=ccs="ccs" --define=PART_TM4C123GH6PM -g --gcc --diag_warning=225 --diag_wrap=off --display_error_number --abi=eabi --preproc_with_compile --preproc_dependency="main.d_raw"  "../main.c"
Finished building: "../main.c"
 
Building target: "lab_5.out"
Invoking: Arm Linker
"C:/ti/ccs1271/ccs/tools/compiler/ti-cgt-arm_20.2.7.LTS/bin/armcl" -mv7M4 --code_state=16 --float_support=FPv4SPD16 -me --define=ccs="ccs" --define=PART_TM4C123GH6PM -g --gcc --diag_warning=225 --diag_wrap=off --display_error_number --abi=eabi -z -m"lab_5.map" --heap_size=1024 --stack_size=2048 -i"C:/ti/ccs1271/ccs/tools/compiler/ti-cgt-arm_20.2.7.LTS/lib" -i"C:/ti/ccs1271/ccs/tools/compiler/ti-cgt-arm_20.2.7.LTS/include" --reread_libs --diag_wrap=off --display_error_number --warn_sections --xml_link_info="lab_5_linkInfo.xml" --rom_model -o "lab_5.out" "./Timer.obj" "./button.obj" "./handle_data.obj" "./handle_scan.obj" "./lcd.obj" "./main.obj" "./movement.obj" "./open_interface.obj" "./tm4c123gh6pm_startup_ccs.obj" "../libcybotScan.lib" "../libcybotUART.lib" "../tm4c123gh6pm.cmd"  -llibc.a -l"C:/ti/TivaWare_C_Series-2.2.0.295/driverlib/ccs/Debug/driverlib.lib" 
<Linking>
Finished building target: "lab_5.out"
 

**** Build Finished ****

**** Build of configuration Debug for project lab_5 ****

"C:\\ti\\ccs1271\\ccs\\utils\\bin\\gmake" -k -j 20 all -O 
 
Building file: "../handle_data.c"
Invoking: Arm Compiler
"C:/ti/ccs1271/ccs/tools/compiler/ti-cgt-arm_20.2.7.LTS/bin/armcl" -mv7M4 --code_state=16 --float_support=FPv4SPD16 -me --include_path="U:/CprE288/lab_5" --include_path="C:/ti/TivaWare_C_Series-2.2.0.295" --include_path="C:/ti/ccs1271/ccs/tools/compiler/ti-cgt-arm_20.2.7.LTS/include" --define=ccs="ccs" --define=PART_TM4C123GH6PM -g --gcc --diag_warning=225 --diag_wrap=off --display_error_number --abi=eabi --preproc_with_compile --preproc_dependency="handle_data.d_raw"  "../handle_data.c"
"../handle_data.c", line 18: warning #552-D: variable "deg" was set but never used
"../handle_data.c", line 20: warning #179-D: variable "pre_dt" was declared but never referenced
"../handle_data.c", line 20: warning #179-D: variable "nxt_dt" was declared but never referenced
"../handle_data.c", line 217: warning #225-D: function "cyBot_sendByte" declared implicitly
Finished building: "../handle_data.c"
 
Building file: "../handle_scan.c"
Invoking: Arm Compiler
"C:/ti/ccs1271/ccs/tools/compiler/ti-cgt-arm_20.2.7.LTS/bin/armcl" -mv7M4 --code_state=16 --float_support=FPv4SPD16 -me --include_path="U:/CprE288/lab_5" --include_path="C:/ti/TivaWare_C_Series-2.2.0.295" --include_path="C:/ti/ccs1271/ccs/tools/compiler/ti-cgt-arm_20.2.7.LTS/include" --define=ccs="ccs" --define=PART_TM4C123GH6PM -g --gcc --diag_warning=225 --diag_wrap=off --display_error_number --abi=eabi --preproc_with_compile --preproc_dependency="handle_scan.d_raw"  "../handle_scan.c"
Finished building: "../handle_scan.c"
 
Building file: "../main.c"
Invoking: Arm Compiler
"C:/ti/ccs1271/ccs/tools/compiler/ti-cgt-arm_20.2.7.LTS/bin/armcl" -mv7M4 --code_state=16 --float_support=FPv4SPD16 -me --include_path="U:/CprE288/lab_5" --include_path="C:/ti/TivaWare_C_Series-2.2.0.295" --include_path="C:/ti/ccs1271/ccs/tools/compiler/ti-cgt-arm_20.2.7.LTS/include" --define=ccs="ccs" --define=PART_TM4C123GH6PM -g --gcc --diag_warning=225 --diag_wrap=off --display_error_number --abi=eabi --preproc_with_compile --preproc_dependency="main.d_raw"  "../main.c"
Finished building: "../main.c"
 
Building file: "../movement.c"
Invoking: Arm Compiler
"C:/ti/ccs1271/ccs/tools/compiler/ti-cgt-arm_20.2.7.LTS/bin/armcl" -mv7M4 --code_state=16 --float_support=FPv4SPD16 -me --include_path="U:/CprE288/lab_5" --include_path="C:/ti/TivaWare_C_Series-2.2.0.295" --include_path="C:/ti/ccs1271/ccs/tools/compiler/ti-cgt-arm_20.2.7.LTS/include" --define=ccs="ccs" --define=PART_TM4C123GH6PM -g --gcc --diag_warning=225 --diag_wrap=off --display_error_number --abi=eabi --preproc_with_compile --preproc_dependency="movement.d_raw"  "../movement.c"
Finished building: "../movement.c"
 
Building target: "lab_5.out"
Invoking: Arm Linker
"C:/ti/ccs1271/ccs/tools/compiler/ti-cgt-arm_20.2.7.LTS/bin/armcl" -mv7M4 --code_state=16 --float_support=FPv4SPD16 -me --define=ccs="ccs" --define=PART_TM4C123GH6PM -g --gcc --diag_warning=225 --diag_wrap=off --display_error_number --abi=eabi -z -m"lab_5.map" --heap_size=1024 --stack_size=2048 -i"C:/ti/ccs1271/ccs/tools/compiler/ti-cgt-arm_20.2.7.LTS/lib" -i"C:/ti/ccs1271/ccs/tools/compiler/ti-cgt-arm_20.2.7.LTS/include" --reread_libs --diag_wrap=off --display_error_number --warn_sections --xml_link_info="lab_5_linkInfo.xml" --rom_model -o "lab_5.out" "./Timer.obj" "./button.obj" "./handle_data.obj" "./handle_scan.obj" "./lcd.obj" "./main.obj" "./movement.obj" "./open_interface.obj" "./tm4c123gh6pm_startup_ccs.obj" "../libcybotScan.lib" "../libcybotUART.lib" "../tm4c123gh6pm.cmd"  -llibc.a -l"C:/ti/TivaWare_C_Series-2.2.0.295/driverlib/ccs/Debug/driverlib.lib" 
<Linking>
Finished building target: "lab_5.out"
 

**** Build Finished ****

**** Build of configuration Debug for project lab_5 ****

"C:\\ti\\ccs1271\\ccs\\utils\\bin\\gmake" -k -j 20 all -O 
 
Building file: "../main.c"
Invoking: Arm Compiler
"C:/ti/ccs1271/ccs/tools/compiler/ti-cgt-arm_20.2.7.LTS/bin/armcl" -mv7M4 --code_state=16 --float_support=FPv4SPD16 -me --include_path="U:/CprE288/lab_5" --include_path="C:/ti/TivaWare_C_Series-2.2.0.295" --include_path="C:/ti/ccs1271/ccs/tools/compiler/ti-cgt-arm_20.2.7.LTS/include" --define=ccs="ccs" --define=PART_TM4C123GH6PM -g --gcc --diag_warning=225 --diag_wrap=off --display_error_number --abi=eabi --preproc_with_compile --preproc_dependency="main.d_raw"  "../main.c"
Finished building: "../main.c"
 
Building target: "lab_5.out"
Invoking: Arm Linker
"C:/ti/ccs1271/ccs/tools/compiler/ti-cgt-arm_20.2.7.LTS/bin/armcl" -mv7M4 --code_state=16 --float_support=FPv4SPD16 -me --define=ccs="ccs" --define=PART_TM4C123GH6PM -g --gcc --diag_warning=225 --diag_wrap=off --display_error_number --abi=eabi -z -m"lab_5.map" --heap_size=1024 --stack_size=2048 -i"C:/ti/ccs1271/ccs/tools/compiler/ti-cgt-arm_20.2.7.LTS/lib" -i"C:/ti/ccs1271/ccs/tools/compiler/ti-cgt-arm_20.2.7.LTS/include" --reread_libs --diag_wrap=off --display_error_number --warn_sections --xml_link_info="lab_5_linkInfo.xml" --rom_model -o "lab_5.out" "./Timer.obj" "./button.obj" "./handle_data.obj" "./handle_scan.obj" "./lcd.obj" "./main.obj" "./movement.obj" "./open_interface.obj" "./tm4c123gh6pm_startup_ccs.obj" "../libcybotScan.lib" "../libcybotUART.lib" "../tm4c123gh6pm.cmd"  -llibc.a -l"C:/ti/TivaWare_C_Series-2.2.0.295/driverlib/ccs/Debug/driverlib.lib" 
<Linking>
Finished building target: "lab_5.out"
 

**** Build Finished ****

**** Build of configuration Debug for project lab_5 ****

"C:\\ti\\ccs1271\\ccs\\utils\\bin\\gmake" -k -j 20 all -O 
 
Building file: "../main.c"
Invoking: Arm Compiler
"C:/ti/ccs1271/ccs/tools/compiler/ti-cgt-arm_20.2.7.LTS/bin/armcl" -mv7M4 --code_state=16 --float_support=FPv4SPD16 -me --include_path="U:/CprE288/lab_5" --include_path="C:/ti/TivaWare_C_Series-2.2.0.295" --include_path="C:/ti/ccs1271/ccs/tools/compiler/ti-cgt-arm_20.2.7.LTS/include" --define=ccs="ccs" --define=PART_TM4C123GH6PM -g --gcc --diag_warning=225 --diag_wrap=off --display_error_number --abi=eabi --preproc_with_compile --preproc_dependency="main.d_raw"  "../main.c"
Finished building: "../main.c"
 
Building target: "lab_5.out"
Invoking: Arm Linker
"C:/ti/ccs1271/ccs/tools/compiler/ti-cgt-arm_20.2.7.LTS/bin/armcl" -mv7M4 --code_state=16 --float_support=FPv4SPD16 -me --define=ccs="ccs" --define=PART_TM4C123GH6PM -g --gcc --diag_warning=225 --diag_wrap=off --display_error_number --abi=eabi -z -m"lab_5.map" --heap_size=1024 --stack_size=2048 -i"C:/ti/ccs1271/ccs/tools/compiler/ti-cgt-arm_20.2.7.LTS/lib" -i"C:/ti/ccs1271/ccs/tools/compiler/ti-cgt-arm_20.2.7.LTS/include" --reread_libs --diag_wrap=off --display_error_number --warn_sections --xml_link_info="lab_5_linkInfo.xml" --rom_model -o "lab_5.out" "./Timer.obj" "./button.obj" "./handle_data.obj" "./handle_scan.obj" "./lcd.obj" "./main.obj" "./movement.obj" "./open_interface.obj" "./tm4c123gh6pm_startup_ccs.obj" "../libcybotScan.lib" "../libcybotUART.lib" "../tm4c123gh6pm.cmd"  -llibc.a -l"C:/ti/TivaWare_C_Series-2.2.0.295/driverlib/ccs/Debug/driverlib.lib" 
<Linking>
Finished building target: "lab_5.out"
 

**** Build Finished ****

**** Build of configuration Debug for project lab_5 ****

"C:\\ti\\ccs1271\\ccs\\utils\\bin\\gmake" -k -j 20 all -O 
 
Building file: "../main.c"
Invoking: Arm Compiler
"C:/ti/ccs1271/ccs/tools/compiler/ti-cgt-arm_20.2.7.LTS/bin/armcl" -mv7M4 --code_state=16 --float_support=FPv4SPD16 -me --include_path="U:/CprE288/lab_5" --include_path="C:/ti/TivaWare_C_Series-2.2.0.295" --include_path="C:/ti/ccs1271/ccs/tools/compiler/ti-cgt-arm_20.2.7.LTS/include" --define=ccs="ccs" --define=PART_TM4C123GH6PM -g --gcc --diag_warning=225 --diag_wrap=off --display_error_number --abi=eabi --preproc_with_compile --preproc_dependency="main.d_raw"  "../main.c"
Finished building: "../main.c"
 
Building target: "lab_5.out"
Invoking: Arm Linker
"C:/ti/ccs1271/ccs/tools/compiler/ti-cgt-arm_20.2.7.LTS/bin/armcl" -mv7M4 --code_state=16 --float_support=FPv4SPD16 -me --define=ccs="ccs" --define=PART_TM4C123GH6PM -g --gcc --diag_warning=225 --diag_wrap=off --display_error_number --abi=eabi -z -m"lab_5.map" --heap_size=1024 --stack_size=2048 -i"C:/ti/ccs1271/ccs/tools/compiler/ti-cgt-arm_20.2.7.LTS/lib" -i"C:/ti/ccs1271/ccs/tools/compiler/ti-cgt-arm_20.2.7.LTS/include" --reread_libs --diag_wrap=off --display_error_number --warn_sections --xml_link_info="lab_5_linkInfo.xml" --rom_model -o "lab_5.out" "./Timer.obj" "./button.obj" "./handle_data.obj" "./handle_scan.obj" "./lcd.obj" "./main.obj" "./movement.obj" "./open_interface.obj" "./tm4c123gh6pm_startup_ccs.obj" "../libcybotScan.lib" "../libcybotUART.lib" "../tm4c123gh6pm.cmd"  -llibc.a -l"C:/ti/TivaWare_C_Series-2.2.0.295/driverlib/ccs/Debug/driverlib.lib" 
<Linking>
Finished building target: "lab_5.out"
 

**** Build Finished ****

**** Build of configuration Debug for project lab_5 ****

"C:\\ti\\ccs1271\\ccs\\utils\\bin\\gmake" -k -j 20 all -O 
 
Building file: "../main.c"
Invoking: Arm Compiler
"C:/ti/ccs1271/ccs/tools/compiler/ti-cgt-arm_20.2.7.LTS/bin/armcl" -mv7M4 --code_state=16 --float_support=FPv4SPD16 -me --include_path="U:/CprE288/lab_5" --include_path="C:/ti/TivaWare_C_Series-2.2.0.295" --include_path="C:/ti/ccs1271/ccs/tools/compiler/ti-cgt-arm_20.2.7.LTS/include" --define=ccs="ccs" --define=PART_TM4C123GH6PM -g --gcc --diag_warning=225 --diag_wrap=off --display_error_number --abi=eabi --preproc_with_compile --preproc_dependency="main.d_raw"  "../main.c"
 
>> Compilation failure
subdir_rules.mk:9: recipe for target 'main.obj' failed
"../main.c", line 112: error #156: expression must have struct or union type
1 error detected in the compilation of "../main.c".
gmake: *** [main.obj] Error 1
gmake: Target 'all' not remade because of errors.

**** Build Finished ****

**** Build of configuration Debug for project lab_5 ****

"C:\\ti\\ccs1271\\ccs\\utils\\bin\\gmake" -k -j 20 all -O 
 
Building file: "../main.c"
Invoking: Arm Compiler
"C:/ti/ccs1271/ccs/tools/compiler/ti-cgt-arm_20.2.7.LTS/bin/armcl" -mv7M4 --code_state=16 --float_support=FPv4SPD16 -me --include_path="U:/CprE288/lab_5" --include_path="C:/ti/TivaWare_C_Series-2.2.0.295" --include_path="C:/ti/ccs1271/ccs/tools/compiler/ti-cgt-arm_20.2.7.LTS/include" --define=ccs="ccs" --define=PART_TM4C123GH6PM -g --gcc --diag_warning=225 --diag_wrap=off --display_error_number --abi=eabi --preproc_with_compile --preproc_dependency="main.d_raw"  "../main.c"
Finished building: "../main.c"
 
Building target: "lab_5.out"
Invoking: Arm Linker
"C:/ti/ccs1271/ccs/tools/compiler/ti-cgt-arm_20.2.7.LTS/bin/armcl" -mv7M4 --code_state=16 --float_support=FPv4SPD16 -me --define=ccs="ccs" --define=PART_TM4C123GH6PM -g --gcc --diag_warning=225 --diag_wrap=off --display_error_number --abi=eabi -z -m"lab_5.map" --heap_size=1024 --stack_size=2048 -i"C:/ti/ccs1271/ccs/tools/compiler/ti-cgt-arm_20.2.7.LTS/lib" -i"C:/ti/ccs1271/ccs/tools/compiler/ti-cgt-arm_20.2.7.LTS/include" --reread_libs --diag_wrap=off --display_error_number --warn_sections --xml_link_info="lab_5_linkInfo.xml" --rom_model -o "lab_5.out" "./Timer.obj" "./button.obj" "./handle_data.obj" "./handle_scan.obj" "./lcd.obj" "./main.obj" "./movement.obj" "./open_interface.obj" "./tm4c123gh6pm_startup_ccs.obj" "../libcybotScan.lib" "../libcybotUART.lib" "../tm4c123gh6pm.cmd"  -llibc.a -l"C:/ti/TivaWare_C_Series-2.2.0.295/driverlib/ccs/Debug/driverlib.lib" 
<Linking>
Finished building target: "lab_5.out"
 

**** Build Finished ****

**** Build of configuration Debug for project lab_5 ****

"C:\\ti\\ccs1271\\ccs\\utils\\bin\\gmake" -k -j 20 all -O 
 
Building file: "../handle_data.c"
Invoking: Arm Compiler
"C:/ti/ccs1271/ccs/tools/compiler/ti-cgt-arm_20.2.7.LTS/bin/armcl" -mv7M4 --code_state=16 --float_support=FPv4SPD16 -me --include_path="U:/CprE288/lab_5" --include_path="C:/ti/TivaWare_C_Series-2.2.0.295" --include_path="C:/ti/ccs1271/ccs/tools/compiler/ti-cgt-arm_20.2.7.LTS/include" --define=ccs="ccs" --define=PART_TM4C123GH6PM -g --gcc --diag_warning=225 --diag_wrap=off --display_error_number --abi=eabi --preproc_with_compile --preproc_dependency="handle_data.d_raw"  "../handle_data.c"
"../handle_data.c", line 18: warning #552-D: variable "deg" was set but never used
"../handle_data.c", line 20: warning #179-D: variable "pre_dt" was declared but never referenced
"../handle_data.c", line 20: warning #179-D: variable "nxt_dt" was declared but never referenced
"../handle_data.c", line 220: warning #225-D: function "cyBot_sendByte" declared implicitly
Finished building: "../handle_data.c"
 
Building target: "lab_5.out"
Invoking: Arm Linker
"C:/ti/ccs1271/ccs/tools/compiler/ti-cgt-arm_20.2.7.LTS/bin/armcl" -mv7M4 --code_state=16 --float_support=FPv4SPD16 -me --define=ccs="ccs" --define=PART_TM4C123GH6PM -g --gcc --diag_warning=225 --diag_wrap=off --display_error_number --abi=eabi -z -m"lab_5.map" --heap_size=1024 --stack_size=2048 -i"C:/ti/ccs1271/ccs/tools/compiler/ti-cgt-arm_20.2.7.LTS/lib" -i"C:/ti/ccs1271/ccs/tools/compiler/ti-cgt-arm_20.2.7.LTS/include" --reread_libs --diag_wrap=off --display_error_number --warn_sections --xml_link_info="lab_5_linkInfo.xml" --rom_model -o "lab_5.out" "./Timer.obj" "./button.obj" "./handle_data.obj" "./handle_scan.obj" "./lcd.obj" "./main.obj" "./movement.obj" "./open_interface.obj" "./tm4c123gh6pm_startup_ccs.obj" "../libcybotScan.lib" "../libcybotUART.lib" "../tm4c123gh6pm.cmd"  -llibc.a -l"C:/ti/TivaWare_C_Series-2.2.0.295/driverlib/ccs/Debug/driverlib.lib" 
<Linking>
Finished building target: "lab_5.out"
 

**** Build Finished ****

**** Build of configuration Debug for project lab_5 ****

"C:\\ti\\ccs1271\\ccs\\utils\\bin\\gmake" -k -j 20 all -O 
 
Building file: "../main.c"
Invoking: Arm Compiler
"C:/ti/ccs1271/ccs/tools/compiler/ti-cgt-arm_20.2.7.LTS/bin/armcl" -mv7M4 --code_state=16 --float_support=FPv4SPD16 -me --include_path="U:/CprE288/lab_5" --include_path="C:/ti/TivaWare_C_Series-2.2.0.295" --include_path="C:/ti/ccs1271/ccs/tools/compiler/ti-cgt-arm_20.2.7.LTS/include" --define=ccs="ccs" --define=PART_TM4C123GH6PM -g --gcc --diag_warning=225 --diag_wrap=off --display_error_number --abi=eabi --preproc_with_compile --preproc_dependency="main.d_raw"  "../main.c"
Finished building: "../main.c"
 
Building target: "lab_5.out"
Invoking: Arm Linker
"C:/ti/ccs1271/ccs/tools/compiler/ti-cgt-arm_20.2.7.LTS/bin/armcl" -mv7M4 --code_state=16 --float_support=FPv4SPD16 -me --define=ccs="ccs" --define=PART_TM4C123GH6PM -g --gcc --diag_warning=225 --diag_wrap=off --display_error_number --abi=eabi -z -m"lab_5.map" --heap_size=1024 --stack_size=2048 -i"C:/ti/ccs1271/ccs/tools/compiler/ti-cgt-arm_20.2.7.LTS/lib" -i"C:/ti/ccs1271/ccs/tools/compiler/ti-cgt-arm_20.2.7.LTS/include" --reread_libs --diag_wrap=off --display_error_number --warn_sections --xml_link_info="lab_5_linkInfo.xml" --rom_model -o "lab_5.out" "./Timer.obj" "./button.obj" "./handle_data.obj" "./handle_scan.obj" "./lcd.obj" "./main.obj" "./movement.obj" "./open_interface.obj" "./tm4c123gh6pm_startup_ccs.obj" "../libcybotScan.lib" "../libcybotUART.lib" "../tm4c123gh6pm.cmd"  -llibc.a -l"C:/ti/TivaWare_C_Series-2.2.0.295/driverlib/ccs/Debug/driverlib.lib" 
<Linking>
Finished building target: "lab_5.out"
 

**** Build Finished ****

**** Build of configuration Debug for project lab_5 ****

"C:\\ti\\ccs1271\\ccs\\utils\\bin\\gmake" -k -j 20 all -O 
 
Building file: "../handle_data.c"
Invoking: Arm Compiler
"C:/ti/ccs1271/ccs/tools/compiler/ti-cgt-arm_20.2.7.LTS/bin/armcl" -mv7M4 --code_state=16 --float_support=FPv4SPD16 -me --include_path="U:/CprE288/lab_5" --include_path="C:/ti/TivaWare_C_Series-2.2.0.295" --include_path="C:/ti/ccs1271/ccs/tools/compiler/ti-cgt-arm_20.2.7.LTS/include" --define=ccs="ccs" --define=PART_TM4C123GH6PM -g --gcc --diag_warning=225 --diag_wrap=off --display_error_number --abi=eabi --preproc_with_compile --preproc_dependency="handle_data.d_raw"  "../handle_data.c"
"../handle_data.c", line 18: warning #552-D: variable "deg" was set but never used
"../handle_data.c", line 20: warning #179-D: variable "pre_dt" was declared but never referenced
"../handle_data.c", line 20: warning #179-D: variable "nxt_dt" was declared but never referenced
"../handle_data.c", line 220: warning #225-D: function "cyBot_sendByte" declared implicitly
Finished building: "../handle_data.c"
 
Building target: "lab_5.out"
Invoking: Arm Linker
"C:/ti/ccs1271/ccs/tools/compiler/ti-cgt-arm_20.2.7.LTS/bin/armcl" -mv7M4 --code_state=16 --float_support=FPv4SPD16 -me --define=ccs="ccs" --define=PART_TM4C123GH6PM -g --gcc --diag_warning=225 --diag_wrap=off --display_error_number --abi=eabi -z -m"lab_5.map" --heap_size=1024 --stack_size=2048 -i"C:/ti/ccs1271/ccs/tools/compiler/ti-cgt-arm_20.2.7.LTS/lib" -i"C:/ti/ccs1271/ccs/tools/compiler/ti-cgt-arm_20.2.7.LTS/include" --reread_libs --diag_wrap=off --display_error_number --warn_sections --xml_link_info="lab_5_linkInfo.xml" --rom_model -o "lab_5.out" "./Timer.obj" "./button.obj" "./handle_data.obj" "./handle_scan.obj" "./lcd.obj" "./main.obj" "./movement.obj" "./open_interface.obj" "./tm4c123gh6pm_startup_ccs.obj" "../libcybotScan.lib" "../libcybotUART.lib" "../tm4c123gh6pm.cmd"  -llibc.a -l"C:/ti/TivaWare_C_Series-2.2.0.295/driverlib/ccs/Debug/driverlib.lib" 
<Linking>
Finished building target: "lab_5.out"
 

**** Build Finished ****

**** Build of configuration Debug for project lab_5 ****

"C:\\ti\\ccs1271\\ccs\\utils\\bin\\gmake" -k -j 20 all -O 
 
Building file: "../handle_data.c"
Invoking: Arm Compiler
"C:/ti/ccs1271/ccs/tools/compiler/ti-cgt-arm_20.2.7.LTS/bin/armcl" -mv7M4 --code_state=16 --float_support=FPv4SPD16 -me --include_path="U:/CprE288/lab_5" --include_path="C:/ti/TivaWare_C_Series-2.2.0.295" --include_path="C:/ti/ccs1271/ccs/tools/compiler/ti-cgt-arm_20.2.7.LTS/include" --define=ccs="ccs" --define=PART_TM4C123GH6PM -g --gcc --diag_warning=225 --diag_wrap=off --display_error_number --abi=eabi --preproc_with_compile --preproc_dependency="handle_data.d_raw"  "../handle_data.c"
"../handle_data.c", line 18: warning #552-D: variable "deg" was set but never used
"../handle_data.c", line 20: warning #179-D: variable "pre_dt" was declared but never referenced
"../handle_data.c", line 20: warning #179-D: variable "nxt_dt" was declared but never referenced
"../handle_data.c", line 220: warning #225-D: function "cyBot_sendByte" declared implicitly
Finished building: "../handle_data.c"
 
Building target: "lab_5.out"
Invoking: Arm Linker
"C:/ti/ccs1271/ccs/tools/compiler/ti-cgt-arm_20.2.7.LTS/bin/armcl" -mv7M4 --code_state=16 --float_support=FPv4SPD16 -me --define=ccs="ccs" --define=PART_TM4C123GH6PM -g --gcc --diag_warning=225 --diag_wrap=off --display_error_number --abi=eabi -z -m"lab_5.map" --heap_size=1024 --stack_size=2048 -i"C:/ti/ccs1271/ccs/tools/compiler/ti-cgt-arm_20.2.7.LTS/lib" -i"C:/ti/ccs1271/ccs/tools/compiler/ti-cgt-arm_20.2.7.LTS/include" --reread_libs --diag_wrap=off --display_error_number --warn_sections --xml_link_info="lab_5_linkInfo.xml" --rom_model -o "lab_5.out" "./Timer.obj" "./button.obj" "./handle_data.obj" "./handle_scan.obj" "./lcd.obj" "./main.obj" "./movement.obj" "./open_interface.obj" "./tm4c123gh6pm_startup_ccs.obj" "../libcybotScan.lib" "../libcybotUART.lib" "../tm4c123gh6pm.cmd"  -llibc.a -l"C:/ti/TivaWare_C_Series-2.2.0.295/driverlib/ccs/Debug/driverlib.lib" 
<Linking>
Finished building target: "lab_5.out"
 

**** Build Finished ****

**** Build of configuration Debug for project lab_5 ****

"C:\\ti\\ccs1271\\ccs\\utils\\bin\\gmake" -k -j 20 all -O 
 
Building file: "../handle_scan.c"
Invoking: Arm Compiler
"C:/ti/ccs1271/ccs/tools/compiler/ti-cgt-arm_20.2.7.LTS/bin/armcl" -mv7M4 --code_state=16 --float_support=FPv4SPD16 -me --include_path="U:/CprE288/lab_5" --include_path="C:/ti/TivaWare_C_Series-2.2.0.295" --include_path="C:/ti/ccs1271/ccs/tools/compiler/ti-cgt-arm_20.2.7.LTS/include" --define=ccs="ccs" --define=PART_TM4C123GH6PM -g --gcc --diag_warning=225 --diag_wrap=off --display_error_number --abi=eabi --preproc_with_compile --preproc_dependency="handle_scan.d_raw"  "../handle_scan.c"
Finished building: "../handle_scan.c"
 
Building target: "lab_5.out"
Invoking: Arm Linker
"C:/ti/ccs1271/ccs/tools/compiler/ti-cgt-arm_20.2.7.LTS/bin/armcl" -mv7M4 --code_state=16 --float_support=FPv4SPD16 -me --define=ccs="ccs" --define=PART_TM4C123GH6PM -g --gcc --diag_warning=225 --diag_wrap=off --display_error_number --abi=eabi -z -m"lab_5.map" --heap_size=1024 --stack_size=2048 -i"C:/ti/ccs1271/ccs/tools/compiler/ti-cgt-arm_20.2.7.LTS/lib" -i"C:/ti/ccs1271/ccs/tools/compiler/ti-cgt-arm_20.2.7.LTS/include" --reread_libs --diag_wrap=off --display_error_number --warn_sections --xml_link_info="lab_5_linkInfo.xml" --rom_model -o "lab_5.out" "./Timer.obj" "./button.obj" "./handle_data.obj" "./handle_scan.obj" "./lcd.obj" "./main.obj" "./movement.obj" "./open_interface.obj" "./tm4c123gh6pm_startup_ccs.obj" "../libcybotScan.lib" "../libcybotUART.lib" "../tm4c123gh6pm.cmd"  -llibc.a -l"C:/ti/TivaWare_C_Series-2.2.0.295/driverlib/ccs/Debug/driverlib.lib" 
<Linking>
Finished building target: "lab_5.out"
 

**** Build Finished ****

**** Build of configuration Debug for project lab_6 ****

"C:\\ti\\ccs1271\\ccs\\utils\\bin\\gmake" -k -j 20 all -O 
 
Building file: "../Timer.c"
Invoking: Arm Compiler
"C:/ti/ccs1271/ccs/tools/compiler/ti-cgt-arm_20.2.7.LTS/bin/armcl" -mv7M4 --code_state=16 --float_support=FPv4SPD16 -me --include_path="U:/CprE288/lab_6" --include_path="C:/ti/ccs1271/ccs/tools/compiler/ti-cgt-arm_20.2.7.LTS/include" --define=ccs="ccs" --define=PART_TM4C123GH6PM -g --gcc --diag_warning=225 --diag_wrap=off --display_error_number --abi=eabi --preproc_with_compile --preproc_dependency="Timer.d_raw"  "../Timer.c"
 
>> Compilation failure
subdir_rules.mk:9: recipe for target 'Timer.obj' failed
"..\Timer.h", line 11: fatal error #1965: cannot open source file "inc/tm4c123gh6pm.h"
1 catastrophic error detected in the compilation of "../Timer.c".
Compilation terminated.
gmake: *** [Timer.obj] Error 1
Building file: "../button.c"
Invoking: Arm Compiler
"C:/ti/ccs1271/ccs/tools/compiler/ti-cgt-arm_20.2.7.LTS/bin/armcl" -mv7M4 --code_state=16 --float_support=FPv4SPD16 -me --include_path="U:/CprE288/lab_6" --include_path="C:/ti/ccs1271/ccs/tools/compiler/ti-cgt-arm_20.2.7.LTS/include" --define=ccs="ccs" --define=PART_TM4C123GH6PM -g --gcc --diag_warning=225 --diag_wrap=off --display_error_number --abi=eabi --preproc_with_compile --preproc_dependency="button.d_raw"  "../button.c"
 
>> Compilation failure
subdir_rules.mk:9: recipe for target 'button.obj' failed
"..\button.h", line 14: fatal error #1965: cannot open source file "inc/tm4c123gh6pm.h"
1 catastrophic error detected in the compilation of "../button.c".
Compilation terminated.
gmake: *** [button.obj] Error 1
Building file: "../lcd.c"
Invoking: Arm Compiler
"C:/ti/ccs1271/ccs/tools/compiler/ti-cgt-arm_20.2.7.LTS/bin/armcl" -mv7M4 --code_state=16 --float_support=FPv4SPD16 -me --include_path="U:/CprE288/lab_6" --include_path="C:/ti/ccs1271/ccs/tools/compiler/ti-cgt-arm_20.2.7.LTS/include" --define=ccs="ccs" --define=PART_TM4C123GH6PM -g --gcc --diag_warning=225 --diag_wrap=off --display_error_number --abi=eabi --preproc_with_compile --preproc_dependency="lcd.d_raw"  "../lcd.c"
 
>> Compilation failure
subdir_rules.mk:9: recipe for target 'lcd.obj' failed
"..\lcd.h", line 17: fatal error #1965: cannot open source file "inc/tm4c123gh6pm.h"
1 catastrophic error detected in the compilation of "../lcd.c".
Compilation terminated.
gmake: *** [lcd.obj] Error 1
Building file: "../main.c"
Invoking: Arm Compiler
"C:/ti/ccs1271/ccs/tools/compiler/ti-cgt-arm_20.2.7.LTS/bin/armcl" -mv7M4 --code_state=16 --float_support=FPv4SPD16 -me --include_path="U:/CprE288/lab_6" --include_path="C:/ti/ccs1271/ccs/tools/compiler/ti-cgt-arm_20.2.7.LTS/include" --define=ccs="ccs" --define=PART_TM4C123GH6PM -g --gcc --diag_warning=225 --diag_wrap=off --display_error_number --abi=eabi --preproc_with_compile --preproc_dependency="main.d_raw"  "../main.c"
 
>> Compilation failure
subdir_rules.mk:9: recipe for target 'main.obj' failed
"..\button.h", line 14: fatal error #1965: cannot open source file "inc/tm4c123gh6pm.h"
1 catastrophic error detected in the compilation of "../main.c".
Compilation terminated.
gmake: *** [main.obj] Error 1
Building file: "../tm4c123gh6pm_startup_ccs.c"
Invoking: Arm Compiler
"C:/ti/ccs1271/ccs/tools/compiler/ti-cgt-arm_20.2.7.LTS/bin/armcl" -mv7M4 --code_state=16 --float_support=FPv4SPD16 -me --include_path="U:/CprE288/lab_6" --include_path="C:/ti/ccs1271/ccs/tools/compiler/ti-cgt-arm_20.2.7.LTS/include" --define=ccs="ccs" --define=PART_TM4C123GH6PM -g --gcc --diag_warning=225 --diag_wrap=off --display_error_number --abi=eabi --preproc_with_compile --preproc_dependency="tm4c123gh6pm_startup_ccs.d_raw"  "../tm4c123gh6pm_startup_ccs.c"
Finished building: "../tm4c123gh6pm_startup_ccs.c"
 
gmake: Target 'all' not remade because of errors.

**** Build Finished ****

**** Build of configuration Debug for project lab_6 ****

"C:\\ti\\ccs1271\\ccs\\utils\\bin\\gmake" -k -j 20 all -O 
 
Building file: "../Timer.c"
Invoking: Arm Compiler
"C:/ti/ccs1271/ccs/tools/compiler/ti-cgt-arm_20.2.7.LTS/bin/armcl" -mv7M4 --code_state=16 --float_support=FPv4SPD16 -me --include_path="U:/CprE288/lab_6" --include_path="C:/ti/TivaWare_C_Series-2.2.0.295" --include_path="C:/ti/ccs1271/ccs/tools/compiler/ti-cgt-arm_20.2.7.LTS/include" --define=ccs="ccs" --define=PART_TM4C123GH6PM -g --gcc --diag_warning=225 --diag_wrap=off --display_error_number --abi=eabi --preproc_with_compile --preproc_dependency="Timer.d_raw"  "../Timer.c"
Finished building: "../Timer.c"
 
Building file: "../button.c"
Invoking: Arm Compiler
"C:/ti/ccs1271/ccs/tools/compiler/ti-cgt-arm_20.2.7.LTS/bin/armcl" -mv7M4 --code_state=16 --float_support=FPv4SPD16 -me --include_path="U:/CprE288/lab_6" --include_path="C:/ti/TivaWare_C_Series-2.2.0.295" --include_path="C:/ti/ccs1271/ccs/tools/compiler/ti-cgt-arm_20.2.7.LTS/include" --define=ccs="ccs" --define=PART_TM4C123GH6PM -g --gcc --diag_warning=225 --diag_wrap=off --display_error_number --abi=eabi --preproc_with_compile --preproc_dependency="button.d_raw"  "../button.c"
"../button.c", line 78: warning #262-D: explicit type is missing ("int" assumed)
Finished building: "../button.c"
 
Building file: "../lcd.c"
Invoking: Arm Compiler
"C:/ti/ccs1271/ccs/tools/compiler/ti-cgt-arm_20.2.7.LTS/bin/armcl" -mv7M4 --code_state=16 --float_support=FPv4SPD16 -me --include_path="U:/CprE288/lab_6" --include_path="C:/ti/TivaWare_C_Series-2.2.0.295" --include_path="C:/ti/ccs1271/ccs/tools/compiler/ti-cgt-arm_20.2.7.LTS/include" --define=ccs="ccs" --define=PART_TM4C123GH6PM -g --gcc --diag_warning=225 --diag_wrap=off --display_error_number --abi=eabi --preproc_with_compile --preproc_dependency="lcd.d_raw"  "../lcd.c"
Finished building: "../lcd.c"
 
Building file: "../main.c"
Invoking: Arm Compiler
"C:/ti/ccs1271/ccs/tools/compiler/ti-cgt-arm_20.2.7.LTS/bin/armcl" -mv7M4 --code_state=16 --float_support=FPv4SPD16 -me --include_path="U:/CprE288/lab_6" --include_path="C:/ti/TivaWare_C_Series-2.2.0.295" --include_path="C:/ti/ccs1271/ccs/tools/compiler/ti-cgt-arm_20.2.7.LTS/include" --define=ccs="ccs" --define=PART_TM4C123GH6PM -g --gcc --diag_warning=225 --diag_wrap=off --display_error_number --abi=eabi --preproc_with_compile --preproc_dependency="main.d_raw"  "../main.c"
"../main.c", line 17: warning #1181-D: #warning directive: "Possible unimplemented functions"
Finished building: "../main.c"
 
Building file: "../tm4c123gh6pm_startup_ccs.c"
Invoking: Arm Compiler
"C:/ti/ccs1271/ccs/tools/compiler/ti-cgt-arm_20.2.7.LTS/bin/armcl" -mv7M4 --code_state=16 --float_support=FPv4SPD16 -me --include_path="U:/CprE288/lab_6" --include_path="C:/ti/TivaWare_C_Series-2.2.0.295" --include_path="C:/ti/ccs1271/ccs/tools/compiler/ti-cgt-arm_20.2.7.LTS/include" --define=ccs="ccs" --define=PART_TM4C123GH6PM -g --gcc --diag_warning=225 --diag_wrap=off --display_error_number --abi=eabi --preproc_with_compile --preproc_dependency="tm4c123gh6pm_startup_ccs.d_raw"  "../tm4c123gh6pm_startup_ccs.c"
Finished building: "../tm4c123gh6pm_startup_ccs.c"
 
Building target: "lab_6.out"
Invoking: Arm Linker
"C:/ti/ccs1271/ccs/tools/compiler/ti-cgt-arm_20.2.7.LTS/bin/armcl" -mv7M4 --code_state=16 --float_support=FPv4SPD16 -me --define=ccs="ccs" --define=PART_TM4C123GH6PM -g --gcc --diag_warning=225 --diag_wrap=off --display_error_number --abi=eabi -z -m"lab_6.map" --heap_size=1028 --stack_size=2048 -i"C:/ti/ccs1271/ccs/tools/compiler/ti-cgt-arm_20.2.7.LTS/lib" -i"C:/ti/ccs1271/ccs/tools/compiler/ti-cgt-arm_20.2.7.LTS/include" --reread_libs --diag_wrap=off --display_error_number --warn_sections --xml_link_info="lab_6_linkInfo.xml" --rom_model -o "lab_6.out" "./Timer.obj" "./button.obj" "./lcd.obj" "./main.obj" "./tm4c123gh6pm_startup_ccs.obj" "../libcybotScan.lib" "../libcybotUART.lib" "../tm4c123gh6pm.cmd"  -llibc.a -l"C:/ti/TivaWare_C_Series-2.2.0.295/driverlib/ccs/Debug/driverlib.lib" 
<Linking>
Finished building target: "lab_6.out"
 

**** Build Finished ****

**** Build of configuration Debug for project lab_6 ****

"C:\\ti\\ccs1271\\ccs\\utils\\bin\\gmake" -k -j 20 all -O 
 
Building file: "../button.c"
Invoking: Arm Compiler
"C:/ti/ccs1271/ccs/tools/compiler/ti-cgt-arm_20.2.7.LTS/bin/armcl" -mv7M4 --code_state=16 --float_support=FPv4SPD16 -me --include_path="U:/CprE288/lab_6" --include_path="C:/ti/TivaWare_C_Series-2.2.0.295" --include_path="C:/ti/ccs1271/ccs/tools/compiler/ti-cgt-arm_20.2.7.LTS/include" --define=ccs="ccs" --define=PART_TM4C123GH6PM -g --gcc --diag_warning=225 --diag_wrap=off --display_error_number --abi=eabi --preproc_with_compile --preproc_dependency="button.d_raw"  "../button.c"
Finished building: "../button.c"
 
Building file: "../main.c"
Invoking: Arm Compiler
"C:/ti/ccs1271/ccs/tools/compiler/ti-cgt-arm_20.2.7.LTS/bin/armcl" -mv7M4 --code_state=16 --float_support=FPv4SPD16 -me --include_path="U:/CprE288/lab_6" --include_path="C:/ti/TivaWare_C_Series-2.2.0.295" --include_path="C:/ti/ccs1271/ccs/tools/compiler/ti-cgt-arm_20.2.7.LTS/include" --define=ccs="ccs" --define=PART_TM4C123GH6PM -g --gcc --diag_warning=225 --diag_wrap=off --display_error_number --abi=eabi --preproc_with_compile --preproc_dependency="main.d_raw"  "../main.c"
Finished building: "../main.c"
 
Building target: "lab_6.out"
Invoking: Arm Linker
"C:/ti/ccs1271/ccs/tools/compiler/ti-cgt-arm_20.2.7.LTS/bin/armcl" -mv7M4 --code_state=16 --float_support=FPv4SPD16 -me --define=ccs="ccs" --define=PART_TM4C123GH6PM -g --gcc --diag_warning=225 --diag_wrap=off --display_error_number --abi=eabi -z -m"lab_6.map" --heap_size=1028 --stack_size=2048 -i"C:/ti/ccs1271/ccs/tools/compiler/ti-cgt-arm_20.2.7.LTS/lib" -i"C:/ti/ccs1271/ccs/tools/compiler/ti-cgt-arm_20.2.7.LTS/include" --reread_libs --diag_wrap=off --display_error_number --warn_sections --xml_link_info="lab_6_linkInfo.xml" --rom_model -o "lab_6.out" "./Timer.obj" "./button.obj" "./lcd.obj" "./main.obj" "./tm4c123gh6pm_startup_ccs.obj" "../libcybotScan.lib" "../libcybotUART.lib" "../tm4c123gh6pm.cmd"  -llibc.a -l"C:/ti/TivaWare_C_Series-2.2.0.295/driverlib/ccs/Debug/driverlib.lib" 
<Linking>
Finished building target: "lab_6.out"
 

**** Build Finished ****

**** Build of configuration Debug for project lab_6 ****

"C:\\ti\\ccs1271\\ccs\\utils\\bin\\gmake" -k -j 20 all -O 
 
Building file: "../button.c"
Invoking: Arm Compiler
"C:/ti/ccs1271/ccs/tools/compiler/ti-cgt-arm_20.2.7.LTS/bin/armcl" -mv7M4 --code_state=16 --float_support=FPv4SPD16 -me --include_path="U:/CprE288/lab_6" --include_path="C:/ti/TivaWare_C_Series-2.2.0.295" --include_path="C:/ti/ccs1271/ccs/tools/compiler/ti-cgt-arm_20.2.7.LTS/include" --define=ccs="ccs" --define=PART_TM4C123GH6PM -g --gcc --diag_warning=225 --diag_wrap=off --display_error_number --abi=eabi --preproc_with_compile --preproc_dependency="button.d_raw"  "../button.c"
Finished building: "../button.c"
 
Building file: "../main.c"
Invoking: Arm Compiler
"C:/ti/ccs1271/ccs/tools/compiler/ti-cgt-arm_20.2.7.LTS/bin/armcl" -mv7M4 --code_state=16 --float_support=FPv4SPD16 -me --include_path="U:/CprE288/lab_6" --include_path="C:/ti/TivaWare_C_Series-2.2.0.295" --include_path="C:/ti/ccs1271/ccs/tools/compiler/ti-cgt-arm_20.2.7.LTS/include" --define=ccs="ccs" --define=PART_TM4C123GH6PM -g --gcc --diag_warning=225 --diag_wrap=off --display_error_number --abi=eabi --preproc_with_compile --preproc_dependency="main.d_raw"  "../main.c"
Finished building: "../main.c"
 
Building target: "lab_6.out"
Invoking: Arm Linker
"C:/ti/ccs1271/ccs/tools/compiler/ti-cgt-arm_20.2.7.LTS/bin/armcl" -mv7M4 --code_state=16 --float_support=FPv4SPD16 -me --define=ccs="ccs" --define=PART_TM4C123GH6PM -g --gcc --diag_warning=225 --diag_wrap=off --display_error_number --abi=eabi -z -m"lab_6.map" --heap_size=1028 --stack_size=2048 -i"C:/ti/ccs1271/ccs/tools/compiler/ti-cgt-arm_20.2.7.LTS/lib" -i"C:/ti/ccs1271/ccs/tools/compiler/ti-cgt-arm_20.2.7.LTS/include" --reread_libs --diag_wrap=off --display_error_number --warn_sections --xml_link_info="lab_6_linkInfo.xml" --rom_model -o "lab_6.out" "./Timer.obj" "./button.obj" "./lcd.obj" "./main.obj" "./tm4c123gh6pm_startup_ccs.obj" "../libcybotScan.lib" "../libcybotUART.lib" "../tm4c123gh6pm.cmd"  -llibc.a -l"C:/ti/TivaWare_C_Series-2.2.0.295/driverlib/ccs/Debug/driverlib.lib" 
<Linking>
Finished building target: "lab_6.out"
 

**** Build Finished ****

**** Build of configuration Debug for project lab_6 ****

"C:\\ti\\ccs1271\\ccs\\utils\\bin\\gmake" -k -j 20 all -O 
 
Building file: "../button.c"
Invoking: Arm Compiler
"C:/ti/ccs1271/ccs/tools/compiler/ti-cgt-arm_20.2.7.LTS/bin/armcl" -mv7M4 --code_state=16 --float_support=FPv4SPD16 -me --include_path="U:/CprE288/lab_6" --include_path="C:/ti/TivaWare_C_Series-2.2.0.295" --include_path="C:/ti/ccs1271/ccs/tools/compiler/ti-cgt-arm_20.2.7.LTS/include" --define=ccs="ccs" --define=PART_TM4C123GH6PM -g --gcc --diag_warning=225 --diag_wrap=off --display_error_number --abi=eabi --preproc_with_compile --preproc_dependency="button.d_raw"  "../button.c"
 
>> Compilation failure
subdir_rules.mk:9: recipe for target 'button.obj' failed
"../button.c", line 44: error #20: identifier "BIT_4" is undefined
"../button.c", line 48: error #20: identifier "BIT_3" is undefined
"../button.c", line 48: error #20: identifier "BIT_2" is undefined
"../button.c", line 48: error #20: identifier "BIT_1" is undefined
"../button.c", line 48: error #20: identifier "BIT_0" is undefined
"../button.c", line 118: error #20: identifier "BIT_3" is undefined
"../button.c", line 123: error #20: identifier "BIT_2" is undefined
"../button.c", line 128: error #20: identifier "BIT_1" is undefined
"../button.c", line 133: error #20: identifier "BIT_0" is undefined
9 errors detected in the compilation of "../button.c".
gmake: *** [button.obj] Error 1
gmake: Target 'all' not remade because of errors.

**** Build Finished ****

**** Build of configuration Debug for project lab_6 ****

"C:\\ti\\ccs1271\\ccs\\utils\\bin\\gmake" -k -j 20 all -O 
 
Building file: "../button.c"
Invoking: Arm Compiler
"C:/ti/ccs1271/ccs/tools/compiler/ti-cgt-arm_20.2.7.LTS/bin/armcl" -mv7M4 --code_state=16 --float_support=FPv4SPD16 -me --include_path="U:/CprE288/lab_6" --include_path="C:/ti/TivaWare_C_Series-2.2.0.295" --include_path="C:/ti/ccs1271/ccs/tools/compiler/ti-cgt-arm_20.2.7.LTS/include" --define=ccs="ccs" --define=PART_TM4C123GH6PM -g --gcc --diag_warning=225 --diag_wrap=off --display_error_number --abi=eabi --preproc_with_compile --preproc_dependency="button.d_raw"  "../button.c"
 
>> Compilation failure
subdir_rules.mk:9: recipe for target 'button.obj' failed
"../button.c", line 44: error #20: identifier "BIT_4" is undefined
"../button.c", line 48: error #20: identifier "BIT_3" is undefined
"../button.c", line 48: error #20: identifier "BIT_2" is undefined
"../button.c", line 48: error #20: identifier "BIT_1" is undefined
"../button.c", line 48: error #20: identifier "BIT_0" is undefined
5 errors detected in the compilation of "../button.c".
gmake: *** [button.obj] Error 1
gmake: Target 'all' not remade because of errors.

**** Build Finished ****

**** Build of configuration Debug for project lab_6 ****

"C:\\ti\\ccs1271\\ccs\\utils\\bin\\gmake" -k -j 20 all -O 
 
Building file: "../button.c"
Invoking: Arm Compiler
"C:/ti/ccs1271/ccs/tools/compiler/ti-cgt-arm_20.2.7.LTS/bin/armcl" -mv7M4 --code_state=16 --float_support=FPv4SPD16 -me --include_path="U:/CprE288/lab_6" --include_path="C:/ti/TivaWare_C_Series-2.2.0.295" --include_path="C:/ti/ccs1271/ccs/tools/compiler/ti-cgt-arm_20.2.7.LTS/include" --define=ccs="ccs" --define=PART_TM4C123GH6PM -g --gcc --diag_warning=225 --diag_wrap=off --display_error_number --abi=eabi --preproc_with_compile --preproc_dependency="button.d_raw"  "../button.c"
Finished building: "../button.c"
 
Building target: "lab_6.out"
Invoking: Arm Linker
"C:/ti/ccs1271/ccs/tools/compiler/ti-cgt-arm_20.2.7.LTS/bin/armcl" -mv7M4 --code_state=16 --float_support=FPv4SPD16 -me --define=ccs="ccs" --define=PART_TM4C123GH6PM -g --gcc --diag_warning=225 --diag_wrap=off --display_error_number --abi=eabi -z -m"lab_6.map" --heap_size=1028 --stack_size=2048 -i"C:/ti/ccs1271/ccs/tools/compiler/ti-cgt-arm_20.2.7.LTS/lib" -i"C:/ti/ccs1271/ccs/tools/compiler/ti-cgt-arm_20.2.7.LTS/include" --reread_libs --diag_wrap=off --display_error_number --warn_sections --xml_link_info="lab_6_linkInfo.xml" --rom_model -o "lab_6.out" "./Timer.obj" "./button.obj" "./lcd.obj" "./main.obj" "./tm4c123gh6pm_startup_ccs.obj" "../libcybotScan.lib" "../libcybotUART.lib" "../tm4c123gh6pm.cmd"  -llibc.a -l"C:/ti/TivaWare_C_Series-2.2.0.295/driverlib/ccs/Debug/driverlib.lib" 
<Linking>
Finished building target: "lab_6.out"
 

**** Build Finished ****

**** Build of configuration Debug for project lab_6 ****

"C:\\ti\\ccs1271\\ccs\\utils\\bin\\gmake" -k -j 20 all -O 
 
Building file: "../main.c"
Invoking: Arm Compiler
"C:/ti/ccs1271/ccs/tools/compiler/ti-cgt-arm_20.2.7.LTS/bin/armcl" -mv7M4 --code_state=16 --float_support=FPv4SPD16 -me --include_path="U:/CprE288/lab_6" --include_path="C:/ti/TivaWare_C_Series-2.2.0.295" --include_path="C:/ti/ccs1271/ccs/tools/compiler/ti-cgt-arm_20.2.7.LTS/include" --define=ccs="ccs" --define=PART_TM4C123GH6PM -g --gcc --diag_warning=225 --diag_wrap=off --display_error_number --abi=eabi --preproc_with_compile --preproc_dependency="main.d_raw"  "../main.c"
Finished building: "../main.c"
 
Building target: "lab_6.out"
Invoking: Arm Linker
"C:/ti/ccs1271/ccs/tools/compiler/ti-cgt-arm_20.2.7.LTS/bin/armcl" -mv7M4 --code_state=16 --float_support=FPv4SPD16 -me --define=ccs="ccs" --define=PART_TM4C123GH6PM -g --gcc --diag_warning=225 --diag_wrap=off --display_error_number --abi=eabi -z -m"lab_6.map" --heap_size=1028 --stack_size=2048 -i"C:/ti/ccs1271/ccs/tools/compiler/ti-cgt-arm_20.2.7.LTS/lib" -i"C:/ti/ccs1271/ccs/tools/compiler/ti-cgt-arm_20.2.7.LTS/include" --reread_libs --diag_wrap=off --display_error_number --warn_sections --xml_link_info="lab_6_linkInfo.xml" --rom_model -o "lab_6.out" "./Timer.obj" "./button.obj" "./lcd.obj" "./main.obj" "./tm4c123gh6pm_startup_ccs.obj" "../libcybotScan.lib" "../libcybotUART.lib" "../tm4c123gh6pm.cmd"  -llibc.a -l"C:/ti/TivaWare_C_Series-2.2.0.295/driverlib/ccs/Debug/driverlib.lib" 
<Linking>
Finished building target: "lab_6.out"
 

**** Build Finished ****

**** Build of configuration Debug for project lab_6 ****

"C:\\ti\\ccs1271\\ccs\\utils\\bin\\gmake" -k -j 20 all -O 
 
Building file: "../main.c"
Invoking: Arm Compiler
"C:/ti/ccs1271/ccs/tools/compiler/ti-cgt-arm_20.2.7.LTS/bin/armcl" -mv7M4 --code_state=16 --float_support=FPv4SPD16 -me --include_path="U:/CprE288/lab_6" --include_path="C:/ti/TivaWare_C_Series-2.2.0.295" --include_path="C:/ti/ccs1271/ccs/tools/compiler/ti-cgt-arm_20.2.7.LTS/include" --define=ccs="ccs" --define=PART_TM4C123GH6PM -g --gcc --diag_warning=225 --diag_wrap=off --display_error_number --abi=eabi --preproc_with_compile --preproc_dependency="main.d_raw"  "../main.c"
Finished building: "../main.c"
 
Building target: "lab_6.out"
Invoking: Arm Linker
"C:/ti/ccs1271/ccs/tools/compiler/ti-cgt-arm_20.2.7.LTS/bin/armcl" -mv7M4 --code_state=16 --float_support=FPv4SPD16 -me --define=ccs="ccs" --define=PART_TM4C123GH6PM -g --gcc --diag_warning=225 --diag_wrap=off --display_error_number --abi=eabi -z -m"lab_6.map" --heap_size=1028 --stack_size=2048 -i"C:/ti/ccs1271/ccs/tools/compiler/ti-cgt-arm_20.2.7.LTS/lib" -i"C:/ti/ccs1271/ccs/tools/compiler/ti-cgt-arm_20.2.7.LTS/include" --reread_libs --diag_wrap=off --display_error_number --warn_sections --xml_link_info="lab_6_linkInfo.xml" --rom_model -o "lab_6.out" "./Timer.obj" "./button.obj" "./lcd.obj" "./main.obj" "./tm4c123gh6pm_startup_ccs.obj" "../libcybotScan.lib" "../libcybotUART.lib" "../tm4c123gh6pm.cmd"  -llibc.a -l"C:/ti/TivaWare_C_Series-2.2.0.295/driverlib/ccs/Debug/driverlib.lib" 
<Linking>
Finished building target: "lab_6.out"
 

**** Build Finished ****

**** Build of configuration Debug for project lab_6 ****

"C:\\ti\\ccs1271\\ccs\\utils\\bin\\gmake" -k -j 20 all -O 
 
gmake[1]: 'lab_6.out' is up to date.

**** Build Finished ****

**** Build of configuration Debug for project lab_6 ****

"C:\\ti\\ccs1271\\ccs\\utils\\bin\\gmake" -k -j 20 all -O 
 
gmake[1]: 'lab_6.out' is up to date.

**** Build Finished ****

**** Build of configuration Debug for project lab_6 ****

"C:\\ti\\ccs1271\\ccs\\utils\\bin\\gmake" -k -j 20 all -O 
 
gmake[1]: 'lab_6.out' is up to date.

**** Build Finished ****

**** Build of configuration Debug for project lab_6 ****

"C:\\ti\\ccs1271\\ccs\\utils\\bin\\gmake" -k -j 20 all -O 
 
gmake[1]: 'lab_6.out' is up to date.

**** Build Finished ****

**** Build of configuration Debug for project lab_6 ****

"C:\\ti\\ccs1271\\ccs\\utils\\bin\\gmake" -k -j 20 all -O 
 
Building file: "../button.c"
Invoking: Arm Compiler
"C:/ti/ccs1271/ccs/tools/compiler/ti-cgt-arm_20.2.7.LTS/bin/armcl" -mv7M4 --code_state=16 --float_support=FPv4SPD16 -me --include_path="U:/CprE288/lab_6" --include_path="C:/ti/TivaWare_C_Series-2.2.0.295" --include_path="C:/ti/ccs1271/ccs/tools/compiler/ti-cgt-arm_20.2.7.LTS/include" --define=ccs="ccs" --define=PART_TM4C123GH6PM -g --gcc --diag_warning=225 --diag_wrap=off --display_error_number --abi=eabi --preproc_with_compile --preproc_dependency="button.d_raw"  "../button.c"
Finished building: "../button.c"
 
Building target: "lab_6.out"
Invoking: Arm Linker
"C:/ti/ccs1271/ccs/tools/compiler/ti-cgt-arm_20.2.7.LTS/bin/armcl" -mv7M4 --code_state=16 --float_support=FPv4SPD16 -me --define=ccs="ccs" --define=PART_TM4C123GH6PM -g --gcc --diag_warning=225 --diag_wrap=off --display_error_number --abi=eabi -z -m"lab_6.map" --heap_size=1028 --stack_size=2048 -i"C:/ti/ccs1271/ccs/tools/compiler/ti-cgt-arm_20.2.7.LTS/lib" -i"C:/ti/ccs1271/ccs/tools/compiler/ti-cgt-arm_20.2.7.LTS/include" --reread_libs --diag_wrap=off --display_error_number --warn_sections --xml_link_info="lab_6_linkInfo.xml" --rom_model -o "lab_6.out" "./Timer.obj" "./button.obj" "./lcd.obj" "./main.obj" "./tm4c123gh6pm_startup_ccs.obj" "../libcybotScan.lib" "../libcybotUART.lib" "../tm4c123gh6pm.cmd"  -llibc.a -l"C:/ti/TivaWare_C_Series-2.2.0.295/driverlib/ccs/Debug/driverlib.lib" 
<Linking>
Finished building target: "lab_6.out"
 

**** Build Finished ****

**** Build of configuration Debug for project lab_6 ****

"C:\\ti\\ccs1271\\ccs\\utils\\bin\\gmake" -k -j 20 all -O 
 
Building file: "../main.c"
Invoking: Arm Compiler
"C:/ti/ccs1271/ccs/tools/compiler/ti-cgt-arm_20.2.7.LTS/bin/armcl" -mv7M4 --code_state=16 --float_support=FPv4SPD16 -me --include_path="U:/CprE288/lab_6" --include_path="C:/ti/TivaWare_C_Series-2.2.0.295" --include_path="C:/ti/ccs1271/ccs/tools/compiler/ti-cgt-arm_20.2.7.LTS/include" --define=ccs="ccs" --define=PART_TM4C123GH6PM -g --gcc --diag_warning=225 --diag_wrap=off --display_error_number --abi=eabi --preproc_with_compile --preproc_dependency="main.d_raw"  "../main.c"
"../main.c", line 81: warning #225-D: function "cyBot_sendString" declared implicitly
"../main.c", line 94: warning #161-D: declaration is incompatible with previous "cyBot_sendString" (declared at line 81)
Finished building: "../main.c"
 
Building target: "lab_6.out"
Invoking: Arm Linker
"C:/ti/ccs1271/ccs/tools/compiler/ti-cgt-arm_20.2.7.LTS/bin/armcl" -mv7M4 --code_state=16 --float_support=FPv4SPD16 -me --define=ccs="ccs" --define=PART_TM4C123GH6PM -g --gcc --diag_warning=225 --diag_wrap=off --display_error_number --abi=eabi -z -m"lab_6.map" --heap_size=1028 --stack_size=2048 -i"C:/ti/ccs1271/ccs/tools/compiler/ti-cgt-arm_20.2.7.LTS/lib" -i"C:/ti/ccs1271/ccs/tools/compiler/ti-cgt-arm_20.2.7.LTS/include" --reread_libs --diag_wrap=off --display_error_number --warn_sections --xml_link_info="lab_6_linkInfo.xml" --rom_model -o "lab_6.out" "./Timer.obj" "./button.obj" "./lcd.obj" "./main.obj" "./tm4c123gh6pm_startup_ccs.obj" "../libcybotScan.lib" "../libcybotUART.lib" "../tm4c123gh6pm.cmd"  -llibc.a -l"C:/ti/TivaWare_C_Series-2.2.0.295/driverlib/ccs/Debug/driverlib.lib" 
<Linking>
Finished building target: "lab_6.out"
 

**** Build Finished ****

**** Build of configuration Debug for project lab_6 ****

"C:\\ti\\ccs1271\\ccs\\utils\\bin\\gmake" -k -j 20 all -O 
 
Building file: "../main.c"
Invoking: Arm Compiler
"C:/ti/ccs1271/ccs/tools/compiler/ti-cgt-arm_20.2.7.LTS/bin/armcl" -mv7M4 --code_state=16 --float_support=FPv4SPD16 -me --include_path="U:/CprE288/lab_6" --include_path="C:/ti/TivaWare_C_Series-2.2.0.295" --include_path="C:/ti/ccs1271/ccs/tools/compiler/ti-cgt-arm_20.2.7.LTS/include" --define=ccs="ccs" --define=PART_TM4C123GH6PM -g --gcc --diag_warning=225 --diag_wrap=off --display_error_number --abi=eabi --preproc_with_compile --preproc_dependency="main.d_raw"  "../main.c"
Finished building: "../main.c"
 
Building target: "lab_6.out"
Invoking: Arm Linker
"C:/ti/ccs1271/ccs/tools/compiler/ti-cgt-arm_20.2.7.LTS/bin/armcl" -mv7M4 --code_state=16 --float_support=FPv4SPD16 -me --define=ccs="ccs" --define=PART_TM4C123GH6PM -g --gcc --diag_warning=225 --diag_wrap=off --display_error_number --abi=eabi -z -m"lab_6.map" --heap_size=1028 --stack_size=2048 -i"C:/ti/ccs1271/ccs/tools/compiler/ti-cgt-arm_20.2.7.LTS/lib" -i"C:/ti/ccs1271/ccs/tools/compiler/ti-cgt-arm_20.2.7.LTS/include" --reread_libs --diag_wrap=off --display_error_number --warn_sections --xml_link_info="lab_6_linkInfo.xml" --rom_model -o "lab_6.out" "./Timer.obj" "./button.obj" "./lcd.obj" "./main.obj" "./tm4c123gh6pm_startup_ccs.obj" "../libcybotScan.lib" "../libcybotUART.lib" "../tm4c123gh6pm.cmd"  -llibc.a -l"C:/ti/TivaWare_C_Series-2.2.0.295/driverlib/ccs/Debug/driverlib.lib" 
<Linking>
Finished building target: "lab_6.out"
 

**** Build Finished ****

**** Build of configuration Debug for project lab_6 ****

"C:\\ti\\ccs1271\\ccs\\utils\\bin\\gmake" -k -j 20 all -O 
 
Building file: "../uart_utils.c"
Invoking: Arm Compiler
"C:/ti/ccs1271/ccs/tools/compiler/ti-cgt-arm_20.2.7.LTS/bin/armcl" -mv7M4 --code_state=16 --float_support=FPv4SPD16 -me --include_path="U:/CprE288/lab_6" --include_path="C:/ti/TivaWare_C_Series-2.2.0.295" --include_path="C:/ti/ccs1271/ccs/tools/compiler/ti-cgt-arm_20.2.7.LTS/include" --define=ccs="ccs" --define=PART_TM4C123GH6PM -g --gcc --diag_warning=225 --diag_wrap=off --display_error_number --abi=eabi --preproc_with_compile --preproc_dependency="uart_utils.d_raw"  "../uart_utils.c"
"..\uart_utils.h", line 9: warning #1-D: last line of file ends without a newline
"../uart_utils.c", line 13: warning #1-D: last line of file ends without a newline
Finished building: "../uart_utils.c"
 
Building file: "../ir_calibrate.c"
Invoking: Arm Compiler
"C:/ti/ccs1271/ccs/tools/compiler/ti-cgt-arm_20.2.7.LTS/bin/armcl" -mv7M4 --code_state=16 --float_support=FPv4SPD16 -me --include_path="U:/CprE288/lab_6" --include_path="C:/ti/TivaWare_C_Series-2.2.0.295" --include_path="C:/ti/ccs1271/ccs/tools/compiler/ti-cgt-arm_20.2.7.LTS/include" --define=ccs="ccs" --define=PART_TM4C123GH6PM -g --gcc --diag_warning=225 --diag_wrap=off --display_error_number --abi=eabi --preproc_with_compile --preproc_dependency="ir_calibrate.d_raw"  "../ir_calibrate.c"
"..\uart_utils.h", line 9: warning #1-D: last line of file ends without a newline
"..\ir_calibrate.h", line 10: warning #1-D: last line of file ends without a newline
"../ir_calibrate.c", line 9: warning #262-D: explicit type is missing ("int" assumed)
"../ir_calibrate.c", line 21: warning #551-D: variable "data" is used before its value is set
"../ir_calibrate.c", line 38: warning #227-D: the format string ends before this argument
"../ir_calibrate.c", line 52: warning #1-D: last line of file ends without a newline
Finished building: "../ir_calibrate.c"
 
Building file: "../main.c"
Invoking: Arm Compiler
"C:/ti/ccs1271/ccs/tools/compiler/ti-cgt-arm_20.2.7.LTS/bin/armcl" -mv7M4 --code_state=16 --float_support=FPv4SPD16 -me --include_path="U:/CprE288/lab_6" --include_path="C:/ti/TivaWare_C_Series-2.2.0.295" --include_path="C:/ti/ccs1271/ccs/tools/compiler/ti-cgt-arm_20.2.7.LTS/include" --define=ccs="ccs" --define=PART_TM4C123GH6PM -g --gcc --diag_warning=225 --diag_wrap=off --display_error_number --abi=eabi --preproc_with_compile --preproc_dependency="main.d_raw"  "../main.c"
"..\uart_utils.h", line 9: warning #1-D: last line of file ends without a newline
"../main.c", line 73: warning #225-D: function "cyBot_IR_Calibrate" declared implicitly
Finished building: "../main.c"
 
Building target: "lab_6.out"
Invoking: Arm Linker
"C:/ti/ccs1271/ccs/tools/compiler/ti-cgt-arm_20.2.7.LTS/bin/armcl" -mv7M4 --code_state=16 --float_support=FPv4SPD16 -me --define=ccs="ccs" --define=PART_TM4C123GH6PM -g --gcc --diag_warning=225 --diag_wrap=off --display_error_number --abi=eabi -z -m"lab_6.map" --heap_size=1028 --stack_size=2048 -i"C:/ti/ccs1271/ccs/tools/compiler/ti-cgt-arm_20.2.7.LTS/lib" -i"C:/ti/ccs1271/ccs/tools/compiler/ti-cgt-arm_20.2.7.LTS/include" --reread_libs --diag_wrap=off --display_error_number --warn_sections --xml_link_info="lab_6_linkInfo.xml" --rom_model -o "lab_6.out" "./Timer.obj" "./button.obj" "./ir_calibrate.obj" "./lcd.obj" "./main.obj" "./tm4c123gh6pm_startup_ccs.obj" "./uart_utils.obj" "../libcybotScan.lib" "../libcybotUART.lib" "../tm4c123gh6pm.cmd"  -llibc.a -l"C:/ti/TivaWare_C_Series-2.2.0.295/driverlib/ccs/Debug/driverlib.lib" 
<Linking>
Finished building target: "lab_6.out"
 

**** Build Finished ****

**** Build of configuration Debug for project lab_6 ****

"C:\\ti\\ccs1271\\ccs\\utils\\bin\\gmake" -k -j 20 all -O 
 
Building file: "../main.c"
Invoking: Arm Compiler
"C:/ti/ccs1271/ccs/tools/compiler/ti-cgt-arm_20.2.7.LTS/bin/armcl" -mv7M4 --code_state=16 --float_support=FPv4SPD16 -me --include_path="U:/CprE288/lab_6" --include_path="C:/ti/TivaWare_C_Series-2.2.0.295" --include_path="C:/ti/ccs1271/ccs/tools/compiler/ti-cgt-arm_20.2.7.LTS/include" --define=ccs="ccs" --define=PART_TM4C123GH6PM -g --gcc --diag_warning=225 --diag_wrap=off --display_error_number --abi=eabi --preproc_with_compile --preproc_dependency="main.d_raw"  "../main.c"
"..\uart_utils.h", line 9: warning #1-D: last line of file ends without a newline
"../main.c", line 75: warning #225-D: function "cyBot_IR_Calibrate" declared implicitly
Finished building: "../main.c"
 
Building target: "lab_6.out"
Invoking: Arm Linker
"C:/ti/ccs1271/ccs/tools/compiler/ti-cgt-arm_20.2.7.LTS/bin/armcl" -mv7M4 --code_state=16 --float_support=FPv4SPD16 -me --define=ccs="ccs" --define=PART_TM4C123GH6PM -g --gcc --diag_warning=225 --diag_wrap=off --display_error_number --abi=eabi -z -m"lab_6.map" --heap_size=1028 --stack_size=2048 -i"C:/ti/ccs1271/ccs/tools/compiler/ti-cgt-arm_20.2.7.LTS/lib" -i"C:/ti/ccs1271/ccs/tools/compiler/ti-cgt-arm_20.2.7.LTS/include" --reread_libs --diag_wrap=off --display_error_number --warn_sections --xml_link_info="lab_6_linkInfo.xml" --rom_model -o "lab_6.out" "./Timer.obj" "./button.obj" "./ir_calibrate.obj" "./lcd.obj" "./main.obj" "./tm4c123gh6pm_startup_ccs.obj" "./uart_utils.obj" "../libcybotScan.lib" "../libcybotUART.lib" "../tm4c123gh6pm.cmd"  -llibc.a -l"C:/ti/TivaWare_C_Series-2.2.0.295/driverlib/ccs/Debug/driverlib.lib" 
<Linking>
Finished building target: "lab_6.out"
 

**** Build Finished ****

**** Build of configuration Debug for project lab_6 ****

"C:\\ti\\ccs1271\\ccs\\utils\\bin\\gmake" -k -j 20 all -O 
 
Building file: "../ir_calibrate.c"
Invoking: Arm Compiler
"C:/ti/ccs1271/ccs/tools/compiler/ti-cgt-arm_20.2.7.LTS/bin/armcl" -mv7M4 --code_state=16 --float_support=FPv4SPD16 -me --include_path="U:/CprE288/lab_6" --include_path="C:/ti/TivaWare_C_Series-2.2.0.295" --include_path="C:/ti/ccs1271/ccs/tools/compiler/ti-cgt-arm_20.2.7.LTS/include" --define=ccs="ccs" --define=PART_TM4C123GH6PM -g --gcc --diag_warning=225 --diag_wrap=off --display_error_number --abi=eabi --preproc_with_compile --preproc_dependency="ir_calibrate.d_raw"  "../ir_calibrate.c"
"..\uart_utils.h", line 9: warning #1-D: last line of file ends without a newline
"../ir_calibrate.c", line 21: warning #551-D: variable "data" is used before its value is set
"../ir_calibrate.c", line 38: warning #227-D: the format string ends before this argument
Finished building: "../ir_calibrate.c"
 
Building target: "lab_6.out"
Invoking: Arm Linker
"C:/ti/ccs1271/ccs/tools/compiler/ti-cgt-arm_20.2.7.LTS/bin/armcl" -mv7M4 --code_state=16 --float_support=FPv4SPD16 -me --define=ccs="ccs" --define=PART_TM4C123GH6PM -g --gcc --diag_warning=225 --diag_wrap=off --display_error_number --abi=eabi -z -m"lab_6.map" --heap_size=1028 --stack_size=2048 -i"C:/ti/ccs1271/ccs/tools/compiler/ti-cgt-arm_20.2.7.LTS/lib" -i"C:/ti/ccs1271/ccs/tools/compiler/ti-cgt-arm_20.2.7.LTS/include" --reread_libs --diag_wrap=off --display_error_number --warn_sections --xml_link_info="lab_6_linkInfo.xml" --rom_model -o "lab_6.out" "./Timer.obj" "./button.obj" "./ir_calibrate.obj" "./lcd.obj" "./main.obj" "./tm4c123gh6pm_startup_ccs.obj" "./uart_utils.obj" "../libcybotScan.lib" "../libcybotUART.lib" "../tm4c123gh6pm.cmd"  -llibc.a -l"C:/ti/TivaWare_C_Series-2.2.0.295/driverlib/ccs/Debug/driverlib.lib" 
<Linking>
Finished building target: "lab_6.out"
 

**** Build Finished ****

**** Build of configuration Debug for project lab_6 ****

"C:\\ti\\ccs1271\\ccs\\utils\\bin\\gmake" -k -j 20 all -O 
 
Building file: "../main.c"
Invoking: Arm Compiler
"C:/ti/ccs1271/ccs/tools/compiler/ti-cgt-arm_20.2.7.LTS/bin/armcl" -mv7M4 --code_state=16 --float_support=FPv4SPD16 -me --include_path="U:/CprE288/lab_6" --include_path="C:/ti/TivaWare_C_Series-2.2.0.295" --include_path="C:/ti/ccs1271/ccs/tools/compiler/ti-cgt-arm_20.2.7.LTS/include" --define=ccs="ccs" --define=PART_TM4C123GH6PM -g --gcc --diag_warning=225 --diag_wrap=off --display_error_number --abi=eabi --preproc_with_compile --preproc_dependency="main.d_raw"  "../main.c"
"..\uart_utils.h", line 9: warning #1-D: last line of file ends without a newline
"../main.c", line 80: warning #225-D: function "cyBot_IR_Calibrate" declared implicitly
Finished building: "../main.c"
 
Building target: "lab_6.out"
Invoking: Arm Linker
"C:/ti/ccs1271/ccs/tools/compiler/ti-cgt-arm_20.2.7.LTS/bin/armcl" -mv7M4 --code_state=16 --float_support=FPv4SPD16 -me --define=ccs="ccs" --define=PART_TM4C123GH6PM -g --gcc --diag_warning=225 --diag_wrap=off --display_error_number --abi=eabi -z -m"lab_6.map" --heap_size=1028 --stack_size=2048 -i"C:/ti/ccs1271/ccs/tools/compiler/ti-cgt-arm_20.2.7.LTS/lib" -i"C:/ti/ccs1271/ccs/tools/compiler/ti-cgt-arm_20.2.7.LTS/include" --reread_libs --diag_wrap=off --display_error_number --warn_sections --xml_link_info="lab_6_linkInfo.xml" --rom_model -o "lab_6.out" "./Timer.obj" "./button.obj" "./ir_calibrate.obj" "./lcd.obj" "./main.obj" "./tm4c123gh6pm_startup_ccs.obj" "./uart_utils.obj" "../libcybotScan.lib" "../libcybotUART.lib" "../tm4c123gh6pm.cmd"  -llibc.a -l"C:/ti/TivaWare_C_Series-2.2.0.295/driverlib/ccs/Debug/driverlib.lib" 
<Linking>
Finished building target: "lab_6.out"
 

**** Build Finished ****

**** Build of configuration Debug for project lab_6 ****

"C:\\ti\\ccs1271\\ccs\\utils\\bin\\gmake" -k -j 20 all -O 
 
Building file: "../cyBot_Scan_Cal.c"
Invoking: Arm Compiler
"C:/ti/ccs1271/ccs/tools/compiler/ti-cgt-arm_20.2.7.LTS/bin/armcl" -mv7M4 --code_state=16 --float_support=FPv4SPD16 -me --include_path="U:/CprE288/lab_6" --include_path="C:/ti/TivaWare_C_Series-2.2.0.295" --include_path="C:/ti/ccs1271/ccs/tools/compiler/ti-cgt-arm_20.2.7.LTS/include" --define=ccs="ccs" --define=PART_TM4C123GH6PM -g --gcc --diag_warning=225 --diag_wrap=off --display_error_number --abi=eabi --preproc_with_compile --preproc_dependency="cyBot_Scan_Cal.d_raw"  "../cyBot_Scan_Cal.c"
 
>> Compilation failure
subdir_rules.mk:9: recipe for target 'cyBot_Scan_Cal.obj' failed
"..\uart_utils.h", line 9: warning #1-D: last line of file ends without a newline
"../cyBot_Scan_Cal.c", line 21: warning #551-D: variable "data" is used before its value is set
"../cyBot_Scan_Cal.c", line 38: warning #227-D: the format string ends before this argument
"../cyBot_Scan_Cal.c", line 62: error #11-D: unrecognized preprocessing directive
"../cyBot_Scan_Cal.c", line 67: error #11-D: unrecognized preprocessing directive
"../cyBot_Scan_Cal.c", line 72: error #11-D: unrecognized preprocessing directive
"../cyBot_Scan_Cal.c", line 77: error #11-D: unrecognized preprocessing directive
"../cyBot_Scan_Cal.c", line 82: error #11-D: unrecognized preprocessing directive
"../cyBot_Scan_Cal.c", line 87: error #11-D: unrecognized preprocessing directive
6 errors detected in the compilation of "../cyBot_Scan_Cal.c".
gmake: *** [cyBot_Scan_Cal.obj] Error 1
Building file: "../main.c"
Invoking: Arm Compiler
"C:/ti/ccs1271/ccs/tools/compiler/ti-cgt-arm_20.2.7.LTS/bin/armcl" -mv7M4 --code_state=16 --float_support=FPv4SPD16 -me --include_path="U:/CprE288/lab_6" --include_path="C:/ti/TivaWare_C_Series-2.2.0.295" --include_path="C:/ti/ccs1271/ccs/tools/compiler/ti-cgt-arm_20.2.7.LTS/include" --define=ccs="ccs" --define=PART_TM4C123GH6PM -g --gcc --diag_warning=225 --diag_wrap=off --display_error_number --abi=eabi --preproc_with_compile --preproc_dependency="main.d_raw"  "../main.c"
"..\uart_utils.h", line 9: warning #1-D: last line of file ends without a newline
Finished building: "../main.c"
 
gmake: Target 'all' not remade because of errors.

**** Build Finished ****

**** Build of configuration Debug for project lab_6 ****

"C:\\ti\\ccs1271\\ccs\\utils\\bin\\gmake" -k -j 20 all -O 
 
Building file: "../cyBot_Scan_Cal.c"
Invoking: Arm Compiler
"C:/ti/ccs1271/ccs/tools/compiler/ti-cgt-arm_20.2.7.LTS/bin/armcl" -mv7M4 --code_state=16 --float_support=FPv4SPD16 -me --include_path="U:/CprE288/lab_6" --include_path="C:/ti/TivaWare_C_Series-2.2.0.295" --include_path="C:/ti/ccs1271/ccs/tools/compiler/ti-cgt-arm_20.2.7.LTS/include" --define=ccs="ccs" --define=PART_TM4C123GH6PM -g --gcc --diag_warning=225 --diag_wrap=off --display_error_number --abi=eabi --preproc_with_compile --preproc_dependency="cyBot_Scan_Cal.d_raw"  "../cyBot_Scan_Cal.c"
"..\uart_utils.h", line 9: warning #1-D: last line of file ends without a newline
"../cyBot_Scan_Cal.c", line 21: warning #551-D: variable "data" is used before its value is set
"../cyBot_Scan_Cal.c", line 38: warning #227-D: the format string ends before this argument
Finished building: "../cyBot_Scan_Cal.c"
 
Building target: "lab_6.out"
Invoking: Arm Linker
"C:/ti/ccs1271/ccs/tools/compiler/ti-cgt-arm_20.2.7.LTS/bin/armcl" -mv7M4 --code_state=16 --float_support=FPv4SPD16 -me --define=ccs="ccs" --define=PART_TM4C123GH6PM -g --gcc --diag_warning=225 --diag_wrap=off --display_error_number --abi=eabi -z -m"lab_6.map" --heap_size=1028 --stack_size=2048 -i"C:/ti/ccs1271/ccs/tools/compiler/ti-cgt-arm_20.2.7.LTS/lib" -i"C:/ti/ccs1271/ccs/tools/compiler/ti-cgt-arm_20.2.7.LTS/include" --reread_libs --diag_wrap=off --display_error_number --warn_sections --xml_link_info="lab_6_linkInfo.xml" --rom_model -o "lab_6.out" "./Timer.obj" "./button.obj" "./cyBot_Scan_Cal.obj" "./lcd.obj" "./main.obj" "./tm4c123gh6pm_startup_ccs.obj" "./uart_utils.obj" "../libcybotScan.lib" "../libcybotUART.lib" "../tm4c123gh6pm.cmd"  -llibc.a -l"C:/ti/TivaWare_C_Series-2.2.0.295/driverlib/ccs/Debug/driverlib.lib" 
<Linking>
Finished building target: "lab_6.out"
 

**** Build Finished ****

**** Build of configuration Debug for project lab_6 ****

"C:\\ti\\ccs1271\\ccs\\utils\\bin\\gmake" -k -j 20 all -O 
 
Building file: "../main.c"
Invoking: Arm Compiler
"C:/ti/ccs1271/ccs/tools/compiler/ti-cgt-arm_20.2.7.LTS/bin/armcl" -mv7M4 --code_state=16 --float_support=FPv4SPD16 -me --include_path="U:/CprE288/lab_6" --include_path="C:/ti/TivaWare_C_Series-2.2.0.295" --include_path="C:/ti/ccs1271/ccs/tools/compiler/ti-cgt-arm_20.2.7.LTS/include" --define=ccs="ccs" --define=PART_TM4C123GH6PM -g --gcc --diag_warning=225 --diag_wrap=off --display_error_number --abi=eabi --preproc_with_compile --preproc_dependency="main.d_raw"  "../main.c"
"..\uart_utils.h", line 9: warning #1-D: last line of file ends without a newline
Finished building: "../main.c"
 
Building target: "lab_6.out"
Invoking: Arm Linker
"C:/ti/ccs1271/ccs/tools/compiler/ti-cgt-arm_20.2.7.LTS/bin/armcl" -mv7M4 --code_state=16 --float_support=FPv4SPD16 -me --define=ccs="ccs" --define=PART_TM4C123GH6PM -g --gcc --diag_warning=225 --diag_wrap=off --display_error_number --abi=eabi -z -m"lab_6.map" --heap_size=1028 --stack_size=2048 -i"C:/ti/ccs1271/ccs/tools/compiler/ti-cgt-arm_20.2.7.LTS/lib" -i"C:/ti/ccs1271/ccs/tools/compiler/ti-cgt-arm_20.2.7.LTS/include" --reread_libs --diag_wrap=off --display_error_number --warn_sections --xml_link_info="lab_6_linkInfo.xml" --rom_model -o "lab_6.out" "./Timer.obj" "./button.obj" "./cyBot_Scan_Cal.obj" "./lcd.obj" "./main.obj" "./tm4c123gh6pm_startup_ccs.obj" "./uart_utils.obj" "../libcybotScan.lib" "../libcybotUART.lib" "../tm4c123gh6pm.cmd"  -llibc.a -l"C:/ti/TivaWare_C_Series-2.2.0.295/driverlib/ccs/Debug/driverlib.lib" 
<Linking>
Finished building target: "lab_6.out"
 

**** Build Finished ****

**** Build of configuration Debug for project lab_6 ****

"C:\\ti\\ccs1271\\ccs\\utils\\bin\\gmake" -k -j 20 all -O 
 
gmake[1]: 'lab_6.out' is up to date.

**** Build Finished ****

**** Build of configuration Debug for project lab_6 ****

"C:\\ti\\ccs1271\\ccs\\utils\\bin\\gmake" -k -j 20 all -O 
 
Building file: "../main.c"
Invoking: Arm Compiler
"C:/ti/ccs1271/ccs/tools/compiler/ti-cgt-arm_20.2.7.LTS/bin/armcl" -mv7M4 --code_state=16 --float_support=FPv4SPD16 -me --include_path="U:/CprE288/lab_6" --include_path="C:/ti/TivaWare_C_Series-2.2.0.295" --include_path="C:/ti/ccs1271/ccs/tools/compiler/ti-cgt-arm_20.2.7.LTS/include" --define=ccs="ccs" --define=PART_TM4C123GH6PM -g --gcc --diag_warning=225 --diag_wrap=off --display_error_number --abi=eabi --preproc_with_compile --preproc_dependency="main.d_raw"  "../main.c"
"..\uart_utils.h", line 9: warning #1-D: last line of file ends without a newline
Finished building: "../main.c"
 
Building file: "../cyBot_Scan_Cal.c"
Invoking: Arm Compiler
"C:/ti/ccs1271/ccs/tools/compiler/ti-cgt-arm_20.2.7.LTS/bin/armcl" -mv7M4 --code_state=16 --float_support=FPv4SPD16 -me --include_path="U:/CprE288/lab_6" --include_path="C:/ti/TivaWare_C_Series-2.2.0.295" --include_path="C:/ti/ccs1271/ccs/tools/compiler/ti-cgt-arm_20.2.7.LTS/include" --define=ccs="ccs" --define=PART_TM4C123GH6PM -g --gcc --diag_warning=225 --diag_wrap=off --display_error_number --abi=eabi --preproc_with_compile --preproc_dependency="cyBot_Scan_Cal.d_raw"  "../cyBot_Scan_Cal.c"
"..\uart_utils.h", line 9: warning #1-D: last line of file ends without a newline
"../cyBot_Scan_Cal.c", line 38: warning #227-D: the format string ends before this argument
Finished building: "../cyBot_Scan_Cal.c"
 
Building target: "lab_6.out"
Invoking: Arm Linker
"C:/ti/ccs1271/ccs/tools/compiler/ti-cgt-arm_20.2.7.LTS/bin/armcl" -mv7M4 --code_state=16 --float_support=FPv4SPD16 -me --define=ccs="ccs" --define=PART_TM4C123GH6PM -g --gcc --diag_warning=225 --diag_wrap=off --display_error_number --abi=eabi -z -m"lab_6.map" --heap_size=1028 --stack_size=2048 -i"C:/ti/ccs1271/ccs/tools/compiler/ti-cgt-arm_20.2.7.LTS/lib" -i"C:/ti/ccs1271/ccs/tools/compiler/ti-cgt-arm_20.2.7.LTS/include" --reread_libs --diag_wrap=off --display_error_number --warn_sections --xml_link_info="lab_6_linkInfo.xml" --rom_model -o "lab_6.out" "./Timer.obj" "./button.obj" "./cyBot_Scan_Cal.obj" "./lcd.obj" "./main.obj" "./tm4c123gh6pm_startup_ccs.obj" "./uart_utils.obj" "../libcybotScan.lib" "../libcybotUART.lib" "../tm4c123gh6pm.cmd"  -llibc.a -l"C:/ti/TivaWare_C_Series-2.2.0.295/driverlib/ccs/Debug/driverlib.lib" 
<Linking>
Finished building target: "lab_6.out"
 

**** Build Finished ****

**** Build of configuration Debug for project lab_6 ****

"C:\\ti\\ccs1271\\ccs\\utils\\bin\\gmake" -k -j 20 all -O 
 
Building file: "../cyBot_Scan_Cal.c"
Invoking: Arm Compiler
"C:/ti/ccs1271/ccs/tools/compiler/ti-cgt-arm_20.2.7.LTS/bin/armcl" -mv7M4 --code_state=16 --float_support=FPv4SPD16 -me --include_path="U:/CprE288/lab_6" --include_path="C:/ti/TivaWare_C_Series-2.2.0.295" --include_path="C:/ti/ccs1271/ccs/tools/compiler/ti-cgt-arm_20.2.7.LTS/include" --define=ccs="ccs" --define=PART_TM4C123GH6PM -g --gcc --diag_warning=225 --diag_wrap=off --display_error_number --abi=eabi --preproc_with_compile --preproc_dependency="cyBot_Scan_Cal.d_raw"  "../cyBot_Scan_Cal.c"
"..\uart_utils.h", line 9: warning #1-D: last line of file ends without a newline
"../cyBot_Scan_Cal.c", line 40: warning #227-D: the format string ends before this argument
Finished building: "../cyBot_Scan_Cal.c"
 
Building target: "lab_6.out"
Invoking: Arm Linker
"C:/ti/ccs1271/ccs/tools/compiler/ti-cgt-arm_20.2.7.LTS/bin/armcl" -mv7M4 --code_state=16 --float_support=FPv4SPD16 -me --define=ccs="ccs" --define=PART_TM4C123GH6PM -g --gcc --diag_warning=225 --diag_wrap=off --display_error_number --abi=eabi -z -m"lab_6.map" --heap_size=1028 --stack_size=2048 -i"C:/ti/ccs1271/ccs/tools/compiler/ti-cgt-arm_20.2.7.LTS/lib" -i"C:/ti/ccs1271/ccs/tools/compiler/ti-cgt-arm_20.2.7.LTS/include" --reread_libs --diag_wrap=off --display_error_number --warn_sections --xml_link_info="lab_6_linkInfo.xml" --rom_model -o "lab_6.out" "./Timer.obj" "./button.obj" "./cyBot_Scan_Cal.obj" "./lcd.obj" "./main.obj" "./tm4c123gh6pm_startup_ccs.obj" "./uart_utils.obj" "../libcybotScan.lib" "../libcybotUART.lib" "../tm4c123gh6pm.cmd"  -llibc.a -l"C:/ti/TivaWare_C_Series-2.2.0.295/driverlib/ccs/Debug/driverlib.lib" 
<Linking>
Finished building target: "lab_6.out"
 

**** Build Finished ****

**** Build of configuration Debug for project lab_6 ****

"C:\\ti\\ccs1271\\ccs\\utils\\bin\\gmake" -k -j 20 all -O 
 
Building file: "../uart_utils.c"
Invoking: Arm Compiler
"C:/ti/ccs1271/ccs/tools/compiler/ti-cgt-arm_20.2.7.LTS/bin/armcl" -mv7M4 --code_state=16 --float_support=FPv4SPD16 -me --include_path="U:/CprE288/lab_6" --include_path="C:/ti/TivaWare_C_Series-2.2.0.295" --include_path="C:/ti/ccs1271/ccs/tools/compiler/ti-cgt-arm_20.2.7.LTS/include" --define=ccs="ccs" --define=PART_TM4C123GH6PM -g --gcc --diag_warning=225 --diag_wrap=off --display_error_number --abi=eabi --preproc_with_compile --preproc_dependency="uart_utils.d_raw"  "../uart_utils.c"
Finished building: "../uart_utils.c"
 
Building file: "../cyBot_Scan_Cal.c"
Invoking: Arm Compiler
"C:/ti/ccs1271/ccs/tools/compiler/ti-cgt-arm_20.2.7.LTS/bin/armcl" -mv7M4 --code_state=16 --float_support=FPv4SPD16 -me --include_path="U:/CprE288/lab_6" --include_path="C:/ti/TivaWare_C_Series-2.2.0.295" --include_path="C:/ti/ccs1271/ccs/tools/compiler/ti-cgt-arm_20.2.7.LTS/include" --define=ccs="ccs" --define=PART_TM4C123GH6PM -g --gcc --diag_warning=225 --diag_wrap=off --display_error_number --abi=eabi --preproc_with_compile --preproc_dependency="cyBot_Scan_Cal.d_raw"  "../cyBot_Scan_Cal.c"
"../cyBot_Scan_Cal.c", line 45: warning #227-D: the format string ends before this argument
Finished building: "../cyBot_Scan_Cal.c"
 
Building file: "../main.c"
Invoking: Arm Compiler
"C:/ti/ccs1271/ccs/tools/compiler/ti-cgt-arm_20.2.7.LTS/bin/armcl" -mv7M4 --code_state=16 --float_support=FPv4SPD16 -me --include_path="U:/CprE288/lab_6" --include_path="C:/ti/TivaWare_C_Series-2.2.0.295" --include_path="C:/ti/ccs1271/ccs/tools/compiler/ti-cgt-arm_20.2.7.LTS/include" --define=ccs="ccs" --define=PART_TM4C123GH6PM -g --gcc --diag_warning=225 --diag_wrap=off --display_error_number --abi=eabi --preproc_with_compile --preproc_dependency="main.d_raw"  "../main.c"
Finished building: "../main.c"
 
Building target: "lab_6.out"
Invoking: Arm Linker
"C:/ti/ccs1271/ccs/tools/compiler/ti-cgt-arm_20.2.7.LTS/bin/armcl" -mv7M4 --code_state=16 --float_support=FPv4SPD16 -me --define=ccs="ccs" --define=PART_TM4C123GH6PM -g --gcc --diag_warning=225 --diag_wrap=off --display_error_number --abi=eabi -z -m"lab_6.map" --heap_size=1028 --stack_size=2048 -i"C:/ti/ccs1271/ccs/tools/compiler/ti-cgt-arm_20.2.7.LTS/lib" -i"C:/ti/ccs1271/ccs/tools/compiler/ti-cgt-arm_20.2.7.LTS/include" --reread_libs --diag_wrap=off --display_error_number --warn_sections --xml_link_info="lab_6_linkInfo.xml" --rom_model -o "lab_6.out" "./Timer.obj" "./button.obj" "./cyBot_Scan_Cal.obj" "./lcd.obj" "./main.obj" "./tm4c123gh6pm_startup_ccs.obj" "./uart_utils.obj" "../libcybotScan.lib" "../libcybotUART.lib" "../tm4c123gh6pm.cmd"  -llibc.a -l"C:/ti/TivaWare_C_Series-2.2.0.295/driverlib/ccs/Debug/driverlib.lib" 
<Linking>
Finished building target: "lab_6.out"
 

**** Build Finished ****

**** Build of configuration Debug for project lab_6 ****

"C:\\ti\\ccs1271\\ccs\\utils\\bin\\gmake" -k -j 20 all -O 
 
Building file: "../main.c"
Invoking: Arm Compiler
"C:/ti/ccs1271/ccs/tools/compiler/ti-cgt-arm_20.2.7.LTS/bin/armcl" -mv7M4 --code_state=16 --float_support=FPv4SPD16 -me --include_path="U:/CprE288/lab_6" --include_path="C:/ti/TivaWare_C_Series-2.2.0.295" --include_path="C:/ti/ccs1271/ccs/tools/compiler/ti-cgt-arm_20.2.7.LTS/include" --define=ccs="ccs" --define=PART_TM4C123GH6PM -g --gcc --diag_warning=225 --diag_wrap=off --display_error_number --abi=eabi --preproc_with_compile --preproc_dependency="main.d_raw"  "../main.c"
Finished building: "../main.c"
 
Building file: "../cyBot_Scan_Cal.c"
Invoking: Arm Compiler
"C:/ti/ccs1271/ccs/tools/compiler/ti-cgt-arm_20.2.7.LTS/bin/armcl" -mv7M4 --code_state=16 --float_support=FPv4SPD16 -me --include_path="U:/CprE288/lab_6" --include_path="C:/ti/TivaWare_C_Series-2.2.0.295" --include_path="C:/ti/ccs1271/ccs/tools/compiler/ti-cgt-arm_20.2.7.LTS/include" --define=ccs="ccs" --define=PART_TM4C123GH6PM -g --gcc --diag_warning=225 --diag_wrap=off --display_error_number --abi=eabi --preproc_with_compile --preproc_dependency="cyBot_Scan_Cal.d_raw"  "../cyBot_Scan_Cal.c"
"../cyBot_Scan_Cal.c", line 47: warning #227-D: the format string ends before this argument
Finished building: "../cyBot_Scan_Cal.c"
 
Building target: "lab_6.out"
Invoking: Arm Linker
"C:/ti/ccs1271/ccs/tools/compiler/ti-cgt-arm_20.2.7.LTS/bin/armcl" -mv7M4 --code_state=16 --float_support=FPv4SPD16 -me --define=ccs="ccs" --define=PART_TM4C123GH6PM -g --gcc --diag_warning=225 --diag_wrap=off --display_error_number --abi=eabi -z -m"lab_6.map" --heap_size=1028 --stack_size=2048 -i"C:/ti/ccs1271/ccs/tools/compiler/ti-cgt-arm_20.2.7.LTS/lib" -i"C:/ti/ccs1271/ccs/tools/compiler/ti-cgt-arm_20.2.7.LTS/include" --reread_libs --diag_wrap=off --display_error_number --warn_sections --xml_link_info="lab_6_linkInfo.xml" --rom_model -o "lab_6.out" "./Timer.obj" "./button.obj" "./cyBot_Scan_Cal.obj" "./lcd.obj" "./main.obj" "./tm4c123gh6pm_startup_ccs.obj" "./uart_utils.obj" "../libcybotScan.lib" "../libcybotUART.lib" "../tm4c123gh6pm.cmd"  -llibc.a -l"C:/ti/TivaWare_C_Series-2.2.0.295/driverlib/ccs/Debug/driverlib.lib" 
<Linking>
Finished building target: "lab_6.out"
 

**** Build Finished ****

**** Build of configuration Debug for project lab_6 ****

"C:\\ti\\ccs1271\\ccs\\utils\\bin\\gmake" -k -j 20 all -O 
 
Building file: "../cyBot_Scan_Cal.c"
Invoking: Arm Compiler
"C:/ti/ccs1271/ccs/tools/compiler/ti-cgt-arm_20.2.7.LTS/bin/armcl" -mv7M4 --code_state=16 --float_support=FPv4SPD16 -me --include_path="U:/CprE288/lab_6" --include_path="C:/ti/TivaWare_C_Series-2.2.0.295" --include_path="C:/ti/ccs1271/ccs/tools/compiler/ti-cgt-arm_20.2.7.LTS/include" --define=ccs="ccs" --define=PART_TM4C123GH6PM -g --gcc --diag_warning=225 --diag_wrap=off --display_error_number --abi=eabi --preproc_with_compile --preproc_dependency="cyBot_Scan_Cal.d_raw"  "../cyBot_Scan_Cal.c"
Finished building: "../cyBot_Scan_Cal.c"
 
Building target: "lab_6.out"
Invoking: Arm Linker
"C:/ti/ccs1271/ccs/tools/compiler/ti-cgt-arm_20.2.7.LTS/bin/armcl" -mv7M4 --code_state=16 --float_support=FPv4SPD16 -me --define=ccs="ccs" --define=PART_TM4C123GH6PM -g --gcc --diag_warning=225 --diag_wrap=off --display_error_number --abi=eabi -z -m"lab_6.map" --heap_size=1028 --stack_size=2048 -i"C:/ti/ccs1271/ccs/tools/compiler/ti-cgt-arm_20.2.7.LTS/lib" -i"C:/ti/ccs1271/ccs/tools/compiler/ti-cgt-arm_20.2.7.LTS/include" --reread_libs --diag_wrap=off --display_error_number --warn_sections --xml_link_info="lab_6_linkInfo.xml" --rom_model -o "lab_6.out" "./Timer.obj" "./button.obj" "./cyBot_Scan_Cal.obj" "./lcd.obj" "./main.obj" "./tm4c123gh6pm_startup_ccs.obj" "./uart_utils.obj" "../libcybotScan.lib" "../libcybotUART.lib" "../tm4c123gh6pm.cmd"  -llibc.a -l"C:/ti/TivaWare_C_Series-2.2.0.295/driverlib/ccs/Debug/driverlib.lib" 
<Linking>
Finished building target: "lab_6.out"
 

**** Build Finished ****

**** Build of configuration Debug for project lab_6 ****

"C:\\ti\\ccs1271\\ccs\\utils\\bin\\gmake" -k -j 20 all -O 
 
Building file: "../main.c"
Invoking: Arm Compiler
"C:/ti/ccs1271/ccs/tools/compiler/ti-cgt-arm_20.2.7.LTS/bin/armcl" -mv7M4 --code_state=16 --float_support=FPv4SPD16 -me --include_path="U:/CprE288/lab_6" --include_path="C:/ti/TivaWare_C_Series-2.2.0.295" --include_path="C:/ti/ccs1271/ccs/tools/compiler/ti-cgt-arm_20.2.7.LTS/include" --define=ccs="ccs" --define=PART_TM4C123GH6PM -g --gcc --diag_warning=225 --diag_wrap=off --display_error_number --abi=eabi --preproc_with_compile --preproc_dependency="main.d_raw"  "../main.c"
Finished building: "../main.c"
 
Building file: "../cyBot_Scan_Cal.c"
Invoking: Arm Compiler
"C:/ti/ccs1271/ccs/tools/compiler/ti-cgt-arm_20.2.7.LTS/bin/armcl" -mv7M4 --code_state=16 --float_support=FPv4SPD16 -me --include_path="U:/CprE288/lab_6" --include_path="C:/ti/TivaWare_C_Series-2.2.0.295" --include_path="C:/ti/ccs1271/ccs/tools/compiler/ti-cgt-arm_20.2.7.LTS/include" --define=ccs="ccs" --define=PART_TM4C123GH6PM -g --gcc --diag_warning=225 --diag_wrap=off --display_error_number --abi=eabi --preproc_with_compile --preproc_dependency="cyBot_Scan_Cal.d_raw"  "../cyBot_Scan_Cal.c"
Finished building: "../cyBot_Scan_Cal.c"
 
Building target: "lab_6.out"
Invoking: Arm Linker
"C:/ti/ccs1271/ccs/tools/compiler/ti-cgt-arm_20.2.7.LTS/bin/armcl" -mv7M4 --code_state=16 --float_support=FPv4SPD16 -me --define=ccs="ccs" --define=PART_TM4C123GH6PM -g --gcc --diag_warning=225 --diag_wrap=off --display_error_number --abi=eabi -z -m"lab_6.map" --heap_size=1028 --stack_size=2048 -i"C:/ti/ccs1271/ccs/tools/compiler/ti-cgt-arm_20.2.7.LTS/lib" -i"C:/ti/ccs1271/ccs/tools/compiler/ti-cgt-arm_20.2.7.LTS/include" --reread_libs --diag_wrap=off --display_error_number --warn_sections --xml_link_info="lab_6_linkInfo.xml" --rom_model -o "lab_6.out" "./Timer.obj" "./button.obj" "./cyBot_Scan_Cal.obj" "./lcd.obj" "./main.obj" "./tm4c123gh6pm_startup_ccs.obj" "./uart_utils.obj" "../libcybotScan.lib" "../libcybotUART.lib" "../tm4c123gh6pm.cmd"  -llibc.a -l"C:/ti/TivaWare_C_Series-2.2.0.295/driverlib/ccs/Debug/driverlib.lib" 
<Linking>
Finished building target: "lab_6.out"
 

**** Build Finished ****

**** Build of configuration Debug for project lab_6 ****

"C:\\ti\\ccs1271\\ccs\\utils\\bin\\gmake" -k -j 20 all -O 
 
Building file: "../cyBot_Scan_Cal.c"
Invoking: Arm Compiler
"C:/ti/ccs1271/ccs/tools/compiler/ti-cgt-arm_20.2.7.LTS/bin/armcl" -mv7M4 --code_state=16 --float_support=FPv4SPD16 -me --include_path="U:/CprE288/lab_6" --include_path="C:/ti/TivaWare_C_Series-2.2.0.295" --include_path="C:/ti/ccs1271/ccs/tools/compiler/ti-cgt-arm_20.2.7.LTS/include" --define=ccs="ccs" --define=PART_TM4C123GH6PM -g --gcc --diag_warning=225 --diag_wrap=off --display_error_number --abi=eabi --preproc_with_compile --preproc_dependency="cyBot_Scan_Cal.d_raw"  "../cyBot_Scan_Cal.c"
 
>> Compilation failure
subdir_rules.mk:9: recipe for target 'cyBot_Scan_Cal.obj' failed
"../cyBot_Scan_Cal.c", line 84: error #66: expected a ";"
1 error detected in the compilation of "../cyBot_Scan_Cal.c".
gmake: *** [cyBot_Scan_Cal.obj] Error 1
gmake: Target 'all' not remade because of errors.

**** Build Finished ****

**** Build of configuration Debug for project lab_6 ****

"C:\\ti\\ccs1271\\ccs\\utils\\bin\\gmake" -k -j 20 all -O 
 
Building file: "../cyBot_Scan_Cal.c"
Invoking: Arm Compiler
"C:/ti/ccs1271/ccs/tools/compiler/ti-cgt-arm_20.2.7.LTS/bin/armcl" -mv7M4 --code_state=16 --float_support=FPv4SPD16 -me --include_path="U:/CprE288/lab_6" --include_path="C:/ti/TivaWare_C_Series-2.2.0.295" --include_path="C:/ti/ccs1271/ccs/tools/compiler/ti-cgt-arm_20.2.7.LTS/include" --define=ccs="ccs" --define=PART_TM4C123GH6PM -g --gcc --diag_warning=225 --diag_wrap=off --display_error_number --abi=eabi --preproc_with_compile --preproc_dependency="cyBot_Scan_Cal.d_raw"  "../cyBot_Scan_Cal.c"
Finished building: "../cyBot_Scan_Cal.c"
 
Building target: "lab_6.out"
Invoking: Arm Linker
"C:/ti/ccs1271/ccs/tools/compiler/ti-cgt-arm_20.2.7.LTS/bin/armcl" -mv7M4 --code_state=16 --float_support=FPv4SPD16 -me --define=ccs="ccs" --define=PART_TM4C123GH6PM -g --gcc --diag_warning=225 --diag_wrap=off --display_error_number --abi=eabi -z -m"lab_6.map" --heap_size=1028 --stack_size=2048 -i"C:/ti/ccs1271/ccs/tools/compiler/ti-cgt-arm_20.2.7.LTS/lib" -i"C:/ti/ccs1271/ccs/tools/compiler/ti-cgt-arm_20.2.7.LTS/include" --reread_libs --diag_wrap=off --display_error_number --warn_sections --xml_link_info="lab_6_linkInfo.xml" --rom_model -o "lab_6.out" "./Timer.obj" "./button.obj" "./cyBot_Scan_Cal.obj" "./lcd.obj" "./main.obj" "./tm4c123gh6pm_startup_ccs.obj" "./uart_utils.obj" "../libcybotScan.lib" "../libcybotUART.lib" "../tm4c123gh6pm.cmd"  -llibc.a -l"C:/ti/TivaWare_C_Series-2.2.0.295/driverlib/ccs/Debug/driverlib.lib" 
<Linking>
Finished building target: "lab_6.out"
 

**** Build Finished ****

**** Build of configuration Debug for project lab_6 ****

"C:\\ti\\ccs1271\\ccs\\utils\\bin\\gmake" -k -j 20 all -O 
 
Building file: "../main.c"
Invoking: Arm Compiler
"C:/ti/ccs1271/ccs/tools/compiler/ti-cgt-arm_20.2.7.LTS/bin/armcl" -mv7M4 --code_state=16 --float_support=FPv4SPD16 -me --include_path="U:/CprE288/lab_6" --include_path="C:/ti/TivaWare_C_Series-2.2.0.295" --include_path="C:/ti/ccs1271/ccs/tools/compiler/ti-cgt-arm_20.2.7.LTS/include" --define=ccs="ccs" --define=PART_TM4C123GH6PM -g --gcc --diag_warning=225 --diag_wrap=off --display_error_number --abi=eabi --preproc_with_compile --preproc_dependency="main.d_raw"  "../main.c"
Finished building: "../main.c"
 
Building file: "../cyBot_Scan_Cal.c"
Invoking: Arm Compiler
"C:/ti/ccs1271/ccs/tools/compiler/ti-cgt-arm_20.2.7.LTS/bin/armcl" -mv7M4 --code_state=16 --float_support=FPv4SPD16 -me --include_path="U:/CprE288/lab_6" --include_path="C:/ti/TivaWare_C_Series-2.2.0.295" --include_path="C:/ti/ccs1271/ccs/tools/compiler/ti-cgt-arm_20.2.7.LTS/include" --define=ccs="ccs" --define=PART_TM4C123GH6PM -g --gcc --diag_warning=225 --diag_wrap=off --display_error_number --abi=eabi --preproc_with_compile --preproc_dependency="cyBot_Scan_Cal.d_raw"  "../cyBot_Scan_Cal.c"
Finished building: "../cyBot_Scan_Cal.c"
 
Building target: "lab_6.out"
Invoking: Arm Linker
"C:/ti/ccs1271/ccs/tools/compiler/ti-cgt-arm_20.2.7.LTS/bin/armcl" -mv7M4 --code_state=16 --float_support=FPv4SPD16 -me --define=ccs="ccs" --define=PART_TM4C123GH6PM -g --gcc --diag_warning=225 --diag_wrap=off --display_error_number --abi=eabi -z -m"lab_6.map" --heap_size=1028 --stack_size=2048 -i"C:/ti/ccs1271/ccs/tools/compiler/ti-cgt-arm_20.2.7.LTS/lib" -i"C:/ti/ccs1271/ccs/tools/compiler/ti-cgt-arm_20.2.7.LTS/include" --reread_libs --diag_wrap=off --display_error_number --warn_sections --xml_link_info="lab_6_linkInfo.xml" --rom_model -o "lab_6.out" "./Timer.obj" "./button.obj" "./cyBot_Scan_Cal.obj" "./lcd.obj" "./main.obj" "./tm4c123gh6pm_startup_ccs.obj" "./uart_utils.obj" "../libcybotScan.lib" "../libcybotUART.lib" "../tm4c123gh6pm.cmd"  -llibc.a -l"C:/ti/TivaWare_C_Series-2.2.0.295/driverlib/ccs/Debug/driverlib.lib" 
<Linking>
Finished building target: "lab_6.out"
 

**** Build Finished ****

**** Build of configuration Debug for project lab_6 ****

"C:\\ti\\ccs1271\\ccs\\utils\\bin\\gmake" -k -j 20 all -O 
 
Building file: "../main.c"
Invoking: Arm Compiler
"C:/ti/ccs1271/ccs/tools/compiler/ti-cgt-arm_20.2.7.LTS/bin/armcl" -mv7M4 --code_state=16 --float_support=FPv4SPD16 -me --include_path="U:/CprE288/lab_6" --include_path="C:/ti/TivaWare_C_Series-2.2.0.295" --include_path="C:/ti/ccs1271/ccs/tools/compiler/ti-cgt-arm_20.2.7.LTS/include" --define=ccs="ccs" --define=PART_TM4C123GH6PM -g --gcc --diag_warning=225 --diag_wrap=off --display_error_number --abi=eabi --preproc_with_compile --preproc_dependency="main.d_raw"  "../main.c"
Finished building: "../main.c"
 
Building target: "lab_6.out"
Invoking: Arm Linker
"C:/ti/ccs1271/ccs/tools/compiler/ti-cgt-arm_20.2.7.LTS/bin/armcl" -mv7M4 --code_state=16 --float_support=FPv4SPD16 -me --define=ccs="ccs" --define=PART_TM4C123GH6PM -g --gcc --diag_warning=225 --diag_wrap=off --display_error_number --abi=eabi -z -m"lab_6.map" --heap_size=1028 --stack_size=2048 -i"C:/ti/ccs1271/ccs/tools/compiler/ti-cgt-arm_20.2.7.LTS/lib" -i"C:/ti/ccs1271/ccs/tools/compiler/ti-cgt-arm_20.2.7.LTS/include" --reread_libs --diag_wrap=off --display_error_number --warn_sections --xml_link_info="lab_6_linkInfo.xml" --rom_model -o "lab_6.out" "./Timer.obj" "./button.obj" "./cyBot_Scan_Cal.obj" "./lcd.obj" "./main.obj" "./tm4c123gh6pm_startup_ccs.obj" "./uart_utils.obj" "../libcybotScan.lib" "../libcybotUART.lib" "../tm4c123gh6pm.cmd"  -llibc.a -l"C:/ti/TivaWare_C_Series-2.2.0.295/driverlib/ccs/Debug/driverlib.lib" 
<Linking>
Finished building target: "lab_6.out"
 

**** Build Finished ****

**** Build of configuration Debug for project lab_6 ****

"C:\\ti\\ccs1271\\ccs\\utils\\bin\\gmake" -k -j 20 all -O 
 
Building file: "../main.c"
Invoking: Arm Compiler
"C:/ti/ccs1271/ccs/tools/compiler/ti-cgt-arm_20.2.7.LTS/bin/armcl" -mv7M4 --code_state=16 --float_support=FPv4SPD16 -me --include_path="U:/CprE288/lab_6" --include_path="C:/ti/TivaWare_C_Series-2.2.0.295" --include_path="C:/ti/ccs1271/ccs/tools/compiler/ti-cgt-arm_20.2.7.LTS/include" --define=ccs="ccs" --define=PART_TM4C123GH6PM -g --gcc --diag_warning=225 --diag_wrap=off --display_error_number --abi=eabi --preproc_with_compile --preproc_dependency="main.d_raw"  "../main.c"
Finished building: "../main.c"
 
Building target: "lab_6.out"
Invoking: Arm Linker
"C:/ti/ccs1271/ccs/tools/compiler/ti-cgt-arm_20.2.7.LTS/bin/armcl" -mv7M4 --code_state=16 --float_support=FPv4SPD16 -me --define=ccs="ccs" --define=PART_TM4C123GH6PM -g --gcc --diag_warning=225 --diag_wrap=off --display_error_number --abi=eabi -z -m"lab_6.map" --heap_size=1028 --stack_size=2048 -i"C:/ti/ccs1271/ccs/tools/compiler/ti-cgt-arm_20.2.7.LTS/lib" -i"C:/ti/ccs1271/ccs/tools/compiler/ti-cgt-arm_20.2.7.LTS/include" --reread_libs --diag_wrap=off --display_error_number --warn_sections --xml_link_info="lab_6_linkInfo.xml" --rom_model -o "lab_6.out" "./Timer.obj" "./button.obj" "./cyBot_Scan_Cal.obj" "./lcd.obj" "./main.obj" "./tm4c123gh6pm_startup_ccs.obj" "./uart_utils.obj" "../libcybotScan.lib" "../libcybotUART.lib" "../tm4c123gh6pm.cmd"  -llibc.a -l"C:/ti/TivaWare_C_Series-2.2.0.295/driverlib/ccs/Debug/driverlib.lib" 
<Linking>
Finished building target: "lab_6.out"
 

**** Build Finished ****
